seq_ID	ID	mRNA	ORF_strand	ORF_frame	ORF_start	ORF_end	ORF	Fickett	Hexamer	Coding_prob
URS0000ABD879_9606	URS0000ABD879_9606_ORF_2	13309	+	2	5027	5419	393	0.644	0.214251553920902	0.344950141950276
