rfam_acc	rfam_id	type	sequence_type	description	ncbi_id	rfamseq_acc	seq_start	seq_end	dbxrefs	PMIDS	version	species	tax_string
RF00005	RF00005	tRNA	full	tRNA	407821	KK113858	230594	230666	SO:0000253,GO:0030533	8256282,9023104	1	Stegodyphus mimosarum	Eukaryota Metazoa Arthropoda Chelicerata Arachnida Araneae Araneomorphae Entelegynae Eresoidea Eresidae Stegodyphus.
RF00005	RF00005	tRNA	full	tRNA	407821	KK113859	154379	154451	SO:0000253,GO:0030533	8256282,9023104	1	Stegodyphus mimosarum	Eukaryota Metazoa Arthropoda Chelicerata Arachnida Araneae Araneomorphae Entelegynae Eresoidea Eresidae Stegodyphus.
RF00005	RF00005	tRNA	full	tRNA	407821	KK113859	168511	168583	SO:0000253,GO:0030533	8256282,9023104	1	Stegodyphus mimosarum	Eukaryota Metazoa Arthropoda Chelicerata Arachnida Araneae Araneomorphae Entelegynae Eresoidea Eresidae Stegodyphus.
RF00005	RF00005	tRNA	full	tRNA	407821	KK113859	181651	181579	SO:0000253,GO:0030533	8256282,9023104	1	Stegodyphus mimosarum	Eukaryota Metazoa Arthropoda Chelicerata Arachnida Araneae Araneomorphae Entelegynae Eresoidea Eresidae Stegodyphus.
RF00005	RF00005	tRNA	full	tRNA	407821	KK113859	263098	263026	SO:0000253,GO:0030533	8256282,9023104	1	Stegodyphus mimosarum	Eukaryota Metazoa Arthropoda Chelicerata Arachnida Araneae Araneomorphae Entelegynae Eresoidea Eresidae Stegodyphus.
RF00005	RF00005	tRNA	full	tRNA	407821	KK113859	263351	263279	SO:0000253,GO:0030533	8256282,9023104	1	Stegodyphus mimosarum	Eukaryota Metazoa Arthropoda Chelicerata Arachnida Araneae Araneomorphae Entelegynae Eresoidea Eresidae Stegodyphus.
RF00005	RF00005	tRNA	full	tRNA	407821	KK113859	293190	293118	SO:0000253,GO:0030533	8256282,9023104	1	Stegodyphus mimosarum	Eukaryota Metazoa Arthropoda Chelicerata Arachnida Araneae Araneomorphae Entelegynae Eresoidea Eresidae Stegodyphus.
RF00005	RF00005	tRNA	full	tRNA	407821	KK113859	325595	325667	SO:0000253,GO:0030533	8256282,9023104	1	Stegodyphus mimosarum	Eukaryota Metazoa Arthropoda Chelicerata Arachnida Araneae Araneomorphae Entelegynae Eresoidea Eresidae Stegodyphus.
RF00005	RF00005	tRNA	full	tRNA	407821	KK113860	58191	58120	SO:0000253,GO:0030533	8256282,9023104	1	Stegodyphus mimosarum	Eukaryota Metazoa Arthropoda Chelicerata Arachnida Araneae Araneomorphae Entelegynae Eresoidea Eresidae Stegodyphus.
RF00005	RF00005	tRNA	full	tRNA	407821	KK113861	8406	8334	SO:0000253,GO:0030533	8256282,9023104	1	Stegodyphus mimosarum	Eukaryota Metazoa Arthropoda Chelicerata Arachnida Araneae Araneomorphae Entelegynae Eresoidea Eresidae Stegodyphus.
RF00005	RF00005	tRNA	full	tRNA	407821	KK113861	10008	9936	SO:0000253,GO:0030533	8256282,9023104	1	Stegodyphus mimosarum	Eukaryota Metazoa Arthropoda Chelicerata Arachnida Araneae Araneomorphae Entelegynae Eresoidea Eresidae Stegodyphus.
RF00005	RF00005	tRNA	full	tRNA	407821	KK113861	28657	28584	SO:0000253,GO:0030533	8256282,9023104	1	Stegodyphus mimosarum	Eukaryota Metazoa Arthropoda Chelicerata Arachnida Araneae Araneomorphae Entelegynae Eresoidea Eresidae Stegodyphus.
RF00005	RF00005	tRNA	full	tRNA	407821	KK113861	28926	28854	SO:0000253,GO:0030533	8256282,9023104	1	Stegodyphus mimosarum	Eukaryota Metazoa Arthropoda Chelicerata Arachnida Araneae Araneomorphae Entelegynae Eresoidea Eresidae Stegodyphus.
RF00005	RF00005	tRNA	full	tRNA	407821	KK113861	43266	43338	SO:0000253,GO:0030533	8256282,9023104	1	Stegodyphus mimosarum	Eukaryota Metazoa Arthropoda Chelicerata Arachnida Araneae Araneomorphae Entelegynae Eresoidea Eresidae Stegodyphus.
RF00005	RF00005	tRNA	full	tRNA	407821	KK113862	88089	88161	SO:0000253,GO:0030533	8256282,9023104	1	Stegodyphus mimosarum	Eukaryota Metazoa Arthropoda Chelicerata Arachnida Araneae Araneomorphae Entelegynae Eresoidea Eresidae Stegodyphus.
RF00005	RF00005	tRNA	full	tRNA	407821	KK113862	88342	88414	SO:0000253,GO:0030533	8256282,9023104	1	Stegodyphus mimosarum	Eukaryota Metazoa Arthropoda Chelicerata Arachnida Araneae Araneomorphae Entelegynae Eresoidea Eresidae Stegodyphus.
RF00005	RF00005	tRNA	full	tRNA	407821	KK113862	103887	103957	SO:0000253,GO:0030533	8256282,9023104	1	Stegodyphus mimosarum	Eukaryota Metazoa Arthropoda Chelicerata Arachnida Araneae Araneomorphae Entelegynae Eresoidea Eresidae Stegodyphus.
RF00005	RF00005	tRNA	full	tRNA	407821	KK113862	135270	135198	SO:0000253,GO:0030533	8256282,9023104	1	Stegodyphus mimosarum	Eukaryota Metazoa Arthropoda Chelicerata Arachnida Araneae Araneomorphae Entelegynae Eresoidea Eresidae Stegodyphus.
RF00005	RF00005	tRNA	full	tRNA	407821	KK113862	139142	139070	SO:0000253,GO:0030533	8256282,9023104	1	Stegodyphus mimosarum	Eukaryota Metazoa Arthropoda Chelicerata Arachnida Araneae Araneomorphae Entelegynae Eresoidea Eresidae Stegodyphus.
RF00005	RF00005	tRNA	full	tRNA	407821	KK113862	333692	333620	SO:0000253,GO:0030533	8256282,9023104	1	Stegodyphus mimosarum	Eukaryota Metazoa Arthropoda Chelicerata Arachnida Araneae Araneomorphae Entelegynae Eresoidea Eresidae Stegodyphus.
RF00005	RF00005	tRNA	full	tRNA	407821	KK113862	417761	417833	SO:0000253,GO:0030533	8256282,9023104	1	Stegodyphus mimosarum	Eukaryota Metazoa Arthropoda Chelicerata Arachnida Araneae Araneomorphae Entelegynae Eresoidea Eresidae Stegodyphus.
RF00005	RF00005	tRNA	full	tRNA	407821	KK113862	418015	418087	SO:0000253,GO:0030533	8256282,9023104	1	Stegodyphus mimosarum	Eukaryota Metazoa Arthropoda Chelicerata Arachnida Araneae Araneomorphae Entelegynae Eresoidea Eresidae Stegodyphus.
RF00005	RF00005	tRNA	full	tRNA	407821	KK113862	422351	422279	SO:0000253,GO:0030533	8256282,9023104	1	Stegodyphus mimosarum	Eukaryota Metazoa Arthropoda Chelicerata Arachnida Araneae Araneomorphae Entelegynae Eresoidea Eresidae Stegodyphus.
RF00005	RF00005	tRNA	full	tRNA	407821	KK113862	433926	433854	SO:0000253,GO:0030533	8256282,9023104	1	Stegodyphus mimosarum	Eukaryota Metazoa Arthropoda Chelicerata Arachnida Araneae Araneomorphae Entelegynae Eresoidea Eresidae Stegodyphus.
RF00005	RF00005	tRNA	full	tRNA	407821	KK113862	507936	507864	SO:0000253,GO:0030533	8256282,9023104	1	Stegodyphus mimosarum	Eukaryota Metazoa Arthropoda Chelicerata Arachnida Araneae Araneomorphae Entelegynae Eresoidea Eresidae Stegodyphus.
RF00005	RF00005	tRNA	full	tRNA	407821	KK113862	562037	561965	SO:0000253,GO:0030533	8256282,9023104	1	Stegodyphus mimosarum	Eukaryota Metazoa Arthropoda Chelicerata Arachnida Araneae Araneomorphae Entelegynae Eresoidea Eresidae Stegodyphus.
RF00005	RF00005	tRNA	full	tRNA	407821	KK113862	565442	565370	SO:0000253,GO:0030533	8256282,9023104	1	Stegodyphus mimosarum	Eukaryota Metazoa Arthropoda Chelicerata Arachnida Araneae Araneomorphae Entelegynae Eresoidea Eresidae Stegodyphus.
RF00005	RF00005	tRNA	full	tRNA	407821	KK113862	678356	678284	SO:0000253,GO:0030533	8256282,9023104	1	Stegodyphus mimosarum	Eukaryota Metazoa Arthropoda Chelicerata Arachnida Araneae Araneomorphae Entelegynae Eresoidea Eresidae Stegodyphus.
RF00005	RF00005	tRNA	full	tRNA	407821	KK113862	678609	678537	SO:0000253,GO:0030533	8256282,9023104	1	Stegodyphus mimosarum	Eukaryota Metazoa Arthropoda Chelicerata Arachnida Araneae Araneomorphae Entelegynae Eresoidea Eresidae Stegodyphus.
RF00005	RF00005	tRNA	full	tRNA	407821	KK113862	700108	700036	SO:0000253,GO:0030533	8256282,9023104	1	Stegodyphus mimosarum	Eukaryota Metazoa Arthropoda Chelicerata Arachnida Araneae Araneomorphae Entelegynae Eresoidea Eresidae Stegodyphus.
RF00005	RF00005	tRNA	full	tRNA	407821	KK113862	756812	756883	SO:0000253,GO:0030533	8256282,9023104	1	Stegodyphus mimosarum	Eukaryota Metazoa Arthropoda Chelicerata Arachnida Araneae Araneomorphae Entelegynae Eresoidea Eresidae Stegodyphus.
RF00005	RF00005	tRNA	full	tRNA	407821	KK113864	342658	342730	SO:0000253,GO:0030533	8256282,9023104	1	Stegodyphus mimosarum	Eukaryota Metazoa Arthropoda Chelicerata Arachnida Araneae Araneomorphae Entelegynae Eresoidea Eresidae Stegodyphus.
RF00005	RF00005	tRNA	full	tRNA	407821	KK113865	17003	17075	SO:0000253,GO:0030533	8256282,9023104	1	Stegodyphus mimosarum	Eukaryota Metazoa Arthropoda Chelicerata Arachnida Araneae Araneomorphae Entelegynae Eresoidea Eresidae Stegodyphus.
RF00005	RF00005	tRNA	full	tRNA	407821	KK113865	19638	19780	SO:0000253,GO:0030533	8256282,9023104	1	Stegodyphus mimosarum	Eukaryota Metazoa Arthropoda Chelicerata Arachnida Araneae Araneomorphae Entelegynae Eresoidea Eresidae Stegodyphus.
RF00005	RF00005	tRNA	full	tRNA	407821	KK113865	28266	28338	SO:0000253,GO:0030533	8256282,9023104	1	Stegodyphus mimosarum	Eukaryota Metazoa Arthropoda Chelicerata Arachnida Araneae Araneomorphae Entelegynae Eresoidea Eresidae Stegodyphus.
RF00005	RF00005	tRNA	full	tRNA	407821	KK113868	55866	55955	SO:0000253,GO:0030533	8256282,9023104	1	Stegodyphus mimosarum	Eukaryota Metazoa Arthropoda Chelicerata Arachnida Araneae Araneomorphae Entelegynae Eresoidea Eresidae Stegodyphus.
RF00005	RF00005	tRNA	full	tRNA	407821	KK113869	28892	28964	SO:0000253,GO:0030533	8256282,9023104	1	Stegodyphus mimosarum	Eukaryota Metazoa Arthropoda Chelicerata Arachnida Araneae Araneomorphae Entelegynae Eresoidea Eresidae Stegodyphus.
RF00005	RF00005	tRNA	full	tRNA	407821	KK113869	29146	29218	SO:0000253,GO:0030533	8256282,9023104	1	Stegodyphus mimosarum	Eukaryota Metazoa Arthropoda Chelicerata Arachnida Araneae Araneomorphae Entelegynae Eresoidea Eresidae Stegodyphus.
RF00005	RF00005	tRNA	full	tRNA	407821	KK113869	96772	96844	SO:0000253,GO:0030533	8256282,9023104	1	Stegodyphus mimosarum	Eukaryota Metazoa Arthropoda Chelicerata Arachnida Araneae Araneomorphae Entelegynae Eresoidea Eresidae Stegodyphus.
RF00005	RF00005	tRNA	full	tRNA	407821	KK113869	97025	97097	SO:0000253,GO:0030533	8256282,9023104	1	Stegodyphus mimosarum	Eukaryota Metazoa Arthropoda Chelicerata Arachnida Araneae Araneomorphae Entelegynae Eresoidea Eresidae Stegodyphus.
RF00005	RF00005	tRNA	full	tRNA	407821	KK113869	124473	124545	SO:0000253,GO:0030533	8256282,9023104	1	Stegodyphus mimosarum	Eukaryota Metazoa Arthropoda Chelicerata Arachnida Araneae Araneomorphae Entelegynae Eresoidea Eresidae Stegodyphus.
RF00005	RF00005	tRNA	full	tRNA	407821	KK113870	116957	116886	SO:0000253,GO:0030533	8256282,9023104	1	Stegodyphus mimosarum	Eukaryota Metazoa Arthropoda Chelicerata Arachnida Araneae Araneomorphae Entelegynae Eresoidea Eresidae Stegodyphus.
RF00005	RF00005	tRNA	full	tRNA	407821	KK113870	140145	140073	SO:0000253,GO:0030533	8256282,9023104	1	Stegodyphus mimosarum	Eukaryota Metazoa Arthropoda Chelicerata Arachnida Araneae Araneomorphae Entelegynae Eresoidea Eresidae Stegodyphus.
RF00005	RF00005	tRNA	full	tRNA	407821	KK113870	188281	188210	SO:0000253,GO:0030533	8256282,9023104	1	Stegodyphus mimosarum	Eukaryota Metazoa Arthropoda Chelicerata Arachnida Araneae Araneomorphae Entelegynae Eresoidea Eresidae Stegodyphus.
RF00005	RF00005	tRNA	full	tRNA	407821	KK113870	188534	188462	SO:0000253,GO:0030533	8256282,9023104	1	Stegodyphus mimosarum	Eukaryota Metazoa Arthropoda Chelicerata Arachnida Araneae Araneomorphae Entelegynae Eresoidea Eresidae Stegodyphus.
RF00005	RF00005	tRNA	full	tRNA	407821	KK113870	198948	198876	SO:0000253,GO:0030533	8256282,9023104	1	Stegodyphus mimosarum	Eukaryota Metazoa Arthropoda Chelicerata Arachnida Araneae Araneomorphae Entelegynae Eresoidea Eresidae Stegodyphus.
RF00005	RF00005	tRNA	full	tRNA	407821	KK113870	234104	234032	SO:0000253,GO:0030533	8256282,9023104	1	Stegodyphus mimosarum	Eukaryota Metazoa Arthropoda Chelicerata Arachnida Araneae Araneomorphae Entelegynae Eresoidea Eresidae Stegodyphus.
RF00005	RF00005	tRNA	full	tRNA	407821	KK113870	258451	258379	SO:0000253,GO:0030533	8256282,9023104	1	Stegodyphus mimosarum	Eukaryota Metazoa Arthropoda Chelicerata Arachnida Araneae Araneomorphae Entelegynae Eresoidea Eresidae Stegodyphus.
RF00005	RF00005	tRNA	full	tRNA	407821	KK113870	266440	266512	SO:0000253,GO:0030533	8256282,9023104	1	Stegodyphus mimosarum	Eukaryota Metazoa Arthropoda Chelicerata Arachnida Araneae Araneomorphae Entelegynae Eresoidea Eresidae Stegodyphus.
RF00005	RF00005	tRNA	full	tRNA	407821	KK113870	289254	289182	SO:0000253,GO:0030533	8256282,9023104	1	Stegodyphus mimosarum	Eukaryota Metazoa Arthropoda Chelicerata Arachnida Araneae Araneomorphae Entelegynae Eresoidea Eresidae Stegodyphus.
RF00005	RF00005	tRNA	full	tRNA	407821	KK113870	318054	318126	SO:0000253,GO:0030533	8256282,9023104	1	Stegodyphus mimosarum	Eukaryota Metazoa Arthropoda Chelicerata Arachnida Araneae Araneomorphae Entelegynae Eresoidea Eresidae Stegodyphus.
RF00005	RF00005	tRNA	full	tRNA	407821	KK113870	321515	321444	SO:0000253,GO:0030533	8256282,9023104	1	Stegodyphus mimosarum	Eukaryota Metazoa Arthropoda Chelicerata Arachnida Araneae Araneomorphae Entelegynae Eresoidea Eresidae Stegodyphus.
RF00005	RF00005	tRNA	full	tRNA	407821	KK113870	346954	346882	SO:0000253,GO:0030533	8256282,9023104	1	Stegodyphus mimosarum	Eukaryota Metazoa Arthropoda Chelicerata Arachnida Araneae Araneomorphae Entelegynae Eresoidea Eresidae Stegodyphus.
RF00005	RF00005	tRNA	full	tRNA	407821	KK113870	347236	347164	SO:0000253,GO:0030533	8256282,9023104	1	Stegodyphus mimosarum	Eukaryota Metazoa Arthropoda Chelicerata Arachnida Araneae Araneomorphae Entelegynae Eresoidea Eresidae Stegodyphus.
RF00005	RF00005	tRNA	full	tRNA	407821	KK113870	407038	407110	SO:0000253,GO:0030533	8256282,9023104	1	Stegodyphus mimosarum	Eukaryota Metazoa Arthropoda Chelicerata Arachnida Araneae Araneomorphae Entelegynae Eresoidea Eresidae Stegodyphus.
RF00005	RF00005	tRNA	full	tRNA	407821	KK113870	407297	407369	SO:0000253,GO:0030533	8256282,9023104	1	Stegodyphus mimosarum	Eukaryota Metazoa Arthropoda Chelicerata Arachnida Araneae Araneomorphae Entelegynae Eresoidea Eresidae Stegodyphus.
RF00005	RF00005	tRNA	full	tRNA	407821	KK113870	410216	410288	SO:0000253,GO:0030533	8256282,9023104	1	Stegodyphus mimosarum	Eukaryota Metazoa Arthropoda Chelicerata Arachnida Araneae Araneomorphae Entelegynae Eresoidea Eresidae Stegodyphus.
RF00005	RF00005	tRNA	full	tRNA	407821	KK113870	410519	410591	SO:0000253,GO:0030533	8256282,9023104	1	Stegodyphus mimosarum	Eukaryota Metazoa Arthropoda Chelicerata Arachnida Araneae Araneomorphae Entelegynae Eresoidea Eresidae Stegodyphus.
RF00005	RF00005	tRNA	full	tRNA	407821	KK113870	413669	413734	SO:0000253,GO:0030533	8256282,9023104	1	Stegodyphus mimosarum	Eukaryota Metazoa Arthropoda Chelicerata Arachnida Araneae Araneomorphae Entelegynae Eresoidea Eresidae Stegodyphus.
RF00005	RF00005	tRNA	full	tRNA	407821	KK113873	89642	89712	SO:0000253,GO:0030533	8256282,9023104	1	Stegodyphus mimosarum	Eukaryota Metazoa Arthropoda Chelicerata Arachnida Araneae Araneomorphae Entelegynae Eresoidea Eresidae Stegodyphus.
RF00005	RF00005	tRNA	full	tRNA	407821	KK113873	176381	176453	SO:0000253,GO:0030533	8256282,9023104	1	Stegodyphus mimosarum	Eukaryota Metazoa Arthropoda Chelicerata Arachnida Araneae Araneomorphae Entelegynae Eresoidea Eresidae Stegodyphus.
RF00005	RF00005	tRNA	full	tRNA	407821	KK113873	176633	176705	SO:0000253,GO:0030533	8256282,9023104	1	Stegodyphus mimosarum	Eukaryota Metazoa Arthropoda Chelicerata Arachnida Araneae Araneomorphae Entelegynae Eresoidea Eresidae Stegodyphus.
RF00005	RF00005	tRNA	full	tRNA	407821	KK113873	193861	193934	SO:0000253,GO:0030533	8256282,9023104	1	Stegodyphus mimosarum	Eukaryota Metazoa Arthropoda Chelicerata Arachnida Araneae Araneomorphae Entelegynae Eresoidea Eresidae Stegodyphus.
RF00005	RF00005	tRNA	full	tRNA	407821	KK113873	199195	199267	SO:0000253,GO:0030533	8256282,9023104	1	Stegodyphus mimosarum	Eukaryota Metazoa Arthropoda Chelicerata Arachnida Araneae Araneomorphae Entelegynae Eresoidea Eresidae Stegodyphus.
RF00005	RF00005	tRNA	full	tRNA	407821	KK113876	108011	107939	SO:0000253,GO:0030533	8256282,9023104	1	Stegodyphus mimosarum	Eukaryota Metazoa Arthropoda Chelicerata Arachnida Araneae Araneomorphae Entelegynae Eresoidea Eresidae Stegodyphus.
RF00005	RF00005	tRNA	full	tRNA	407821	KK113876	119481	119409	SO:0000253,GO:0030533	8256282,9023104	1	Stegodyphus mimosarum	Eukaryota Metazoa Arthropoda Chelicerata Arachnida Araneae Araneomorphae Entelegynae Eresoidea Eresidae Stegodyphus.
RF00005	RF00005	tRNA	full	tRNA	407821	KK113882	9391	9463	SO:0000253,GO:0030533	8256282,9023104	1	Stegodyphus mimosarum	Eukaryota Metazoa Arthropoda Chelicerata Arachnida Araneae Araneomorphae Entelegynae Eresoidea Eresidae Stegodyphus.
RF00005	RF00005	tRNA	full	tRNA	407821	KK113885	313627	313555	SO:0000253,GO:0030533	8256282,9023104	1	Stegodyphus mimosarum	Eukaryota Metazoa Arthropoda Chelicerata Arachnida Araneae Araneomorphae Entelegynae Eresoidea Eresidae Stegodyphus.
RF00005	RF00005	tRNA	full	tRNA	407821	KK113888	38154	38082	SO:0000253,GO:0030533	8256282,9023104	1	Stegodyphus mimosarum	Eukaryota Metazoa Arthropoda Chelicerata Arachnida Araneae Araneomorphae Entelegynae Eresoidea Eresidae Stegodyphus.
RF00005	RF00005	tRNA	full	tRNA	407821	KK113888	38408	38336	SO:0000253,GO:0030533	8256282,9023104	1	Stegodyphus mimosarum	Eukaryota Metazoa Arthropoda Chelicerata Arachnida Araneae Araneomorphae Entelegynae Eresoidea Eresidae Stegodyphus.
RF00005	RF00005	tRNA	full	tRNA	407821	KK113888	190661	190733	SO:0000253,GO:0030533	8256282,9023104	1	Stegodyphus mimosarum	Eukaryota Metazoa Arthropoda Chelicerata Arachnida Araneae Araneomorphae Entelegynae Eresoidea Eresidae Stegodyphus.
RF00005	RF00005	tRNA	full	tRNA	407821	KK113891	62943	63015	SO:0000253,GO:0030533	8256282,9023104	1	Stegodyphus mimosarum	Eukaryota Metazoa Arthropoda Chelicerata Arachnida Araneae Araneomorphae Entelegynae Eresoidea Eresidae Stegodyphus.
RF00005	RF00005	tRNA	full	tRNA	407821	KK113891	101978	102050	SO:0000253,GO:0030533	8256282,9023104	1	Stegodyphus mimosarum	Eukaryota Metazoa Arthropoda Chelicerata Arachnida Araneae Araneomorphae Entelegynae Eresoidea Eresidae Stegodyphus.
RF00005	RF00005	tRNA	full	tRNA	407821	KK113891	111667	111739	SO:0000253,GO:0030533	8256282,9023104	1	Stegodyphus mimosarum	Eukaryota Metazoa Arthropoda Chelicerata Arachnida Araneae Araneomorphae Entelegynae Eresoidea Eresidae Stegodyphus.
RF00005	RF00005	tRNA	full	tRNA	407821	KK113891	111988	111916	SO:0000253,GO:0030533	8256282,9023104	1	Stegodyphus mimosarum	Eukaryota Metazoa Arthropoda Chelicerata Arachnida Araneae Araneomorphae Entelegynae Eresoidea Eresidae Stegodyphus.
RF00005	RF00005	tRNA	full	tRNA	407821	KK113891	112241	112169	SO:0000253,GO:0030533	8256282,9023104	1	Stegodyphus mimosarum	Eukaryota Metazoa Arthropoda Chelicerata Arachnida Araneae Araneomorphae Entelegynae Eresoidea Eresidae Stegodyphus.
RF00005	RF00005	tRNA	full	tRNA	407821	KK113892	127886	127814	SO:0000253,GO:0030533	8256282,9023104	1	Stegodyphus mimosarum	Eukaryota Metazoa Arthropoda Chelicerata Arachnida Araneae Araneomorphae Entelegynae Eresoidea Eresidae Stegodyphus.
RF00005	RF00005	tRNA	full	tRNA	407821	KK113892	128144	128072	SO:0000253,GO:0030533	8256282,9023104	1	Stegodyphus mimosarum	Eukaryota Metazoa Arthropoda Chelicerata Arachnida Araneae Araneomorphae Entelegynae Eresoidea Eresidae Stegodyphus.
RF00005	RF00005	tRNA	full	tRNA	407821	KK113893	38000	38071	SO:0000253,GO:0030533	8256282,9023104	1	Stegodyphus mimosarum	Eukaryota Metazoa Arthropoda Chelicerata Arachnida Araneae Araneomorphae Entelegynae Eresoidea Eresidae Stegodyphus.
RF00005	RF00005	tRNA	full	tRNA	407821	KK113893	45409	45337	SO:0000253,GO:0030533	8256282,9023104	1	Stegodyphus mimosarum	Eukaryota Metazoa Arthropoda Chelicerata Arachnida Araneae Araneomorphae Entelegynae Eresoidea Eresidae Stegodyphus.
RF00005	RF00005	tRNA	full	tRNA	407821	KK113893	45660	45588	SO:0000253,GO:0030533	8256282,9023104	1	Stegodyphus mimosarum	Eukaryota Metazoa Arthropoda Chelicerata Arachnida Araneae Araneomorphae Entelegynae Eresoidea Eresidae Stegodyphus.
RF00005	RF00005	tRNA	full	tRNA	407821	KK113893	47396	47324	SO:0000253,GO:0030533	8256282,9023104	1	Stegodyphus mimosarum	Eukaryota Metazoa Arthropoda Chelicerata Arachnida Araneae Araneomorphae Entelegynae Eresoidea Eresidae Stegodyphus.
RF00005	RF00005	tRNA	full	tRNA	407821	KK113893	125237	125165	SO:0000253,GO:0030533	8256282,9023104	1	Stegodyphus mimosarum	Eukaryota Metazoa Arthropoda Chelicerata Arachnida Araneae Araneomorphae Entelegynae Eresoidea Eresidae Stegodyphus.
RF00005	RF00005	tRNA	full	tRNA	407821	KK113893	294872	294944	SO:0000253,GO:0030533	8256282,9023104	1	Stegodyphus mimosarum	Eukaryota Metazoa Arthropoda Chelicerata Arachnida Araneae Araneomorphae Entelegynae Eresoidea Eresidae Stegodyphus.
RF00005	RF00005	tRNA	full	tRNA	407821	KK113893	360532	360604	SO:0000253,GO:0030533	8256282,9023104	1	Stegodyphus mimosarum	Eukaryota Metazoa Arthropoda Chelicerata Arachnida Araneae Araneomorphae Entelegynae Eresoidea Eresidae Stegodyphus.
RF00005	RF00005	tRNA	full	tRNA	407821	KK113893	371380	371308	SO:0000253,GO:0030533	8256282,9023104	1	Stegodyphus mimosarum	Eukaryota Metazoa Arthropoda Chelicerata Arachnida Araneae Araneomorphae Entelegynae Eresoidea Eresidae Stegodyphus.
RF00005	RF00005	tRNA	full	tRNA	407821	KK113893	374269	374197	SO:0000253,GO:0030533	8256282,9023104	1	Stegodyphus mimosarum	Eukaryota Metazoa Arthropoda Chelicerata Arachnida Araneae Araneomorphae Entelegynae Eresoidea Eresidae Stegodyphus.
RF00005	RF00005	tRNA	full	tRNA	407821	KK113893	395158	395086	SO:0000253,GO:0030533	8256282,9023104	1	Stegodyphus mimosarum	Eukaryota Metazoa Arthropoda Chelicerata Arachnida Araneae Araneomorphae Entelegynae Eresoidea Eresidae Stegodyphus.
RF00005	RF00005	tRNA	full	tRNA	407821	KK113893	395411	395339	SO:0000253,GO:0030533	8256282,9023104	1	Stegodyphus mimosarum	Eukaryota Metazoa Arthropoda Chelicerata Arachnida Araneae Araneomorphae Entelegynae Eresoidea Eresidae Stegodyphus.
RF00005	RF00005	tRNA	full	tRNA	407821	KK113893	449761	449833	SO:0000253,GO:0030533	8256282,9023104	1	Stegodyphus mimosarum	Eukaryota Metazoa Arthropoda Chelicerata Arachnida Araneae Araneomorphae Entelegynae Eresoidea Eresidae Stegodyphus.
RF00005	RF00005	tRNA	full	tRNA	407821	KK113893	450015	450087	SO:0000253,GO:0030533	8256282,9023104	1	Stegodyphus mimosarum	Eukaryota Metazoa Arthropoda Chelicerata Arachnida Araneae Araneomorphae Entelegynae Eresoidea Eresidae Stegodyphus.
RF00005	RF00005	tRNA	full	tRNA	407821	KK113893	494802	494730	SO:0000253,GO:0030533	8256282,9023104	1	Stegodyphus mimosarum	Eukaryota Metazoa Arthropoda Chelicerata Arachnida Araneae Araneomorphae Entelegynae Eresoidea Eresidae Stegodyphus.
RF00005	RF00005	tRNA	full	tRNA	407821	KK113893	499673	499743	SO:0000253,GO:0030533	8256282,9023104	1	Stegodyphus mimosarum	Eukaryota Metazoa Arthropoda Chelicerata Arachnida Araneae Araneomorphae Entelegynae Eresoidea Eresidae Stegodyphus.
RF00005	RF00005	tRNA	full	tRNA	407821	KK113893	547085	547013	SO:0000253,GO:0030533	8256282,9023104	1	Stegodyphus mimosarum	Eukaryota Metazoa Arthropoda Chelicerata Arachnida Araneae Araneomorphae Entelegynae Eresoidea Eresidae Stegodyphus.
RF00005	RF00005	tRNA	full	tRNA	407821	KK113893	649317	649388	SO:0000253,GO:0030533	8256282,9023104	1	Stegodyphus mimosarum	Eukaryota Metazoa Arthropoda Chelicerata Arachnida Araneae Araneomorphae Entelegynae Eresoidea Eresidae Stegodyphus.
RF00005	RF00005	tRNA	full	tRNA	407821	KK113893	726170	726242	SO:0000253,GO:0030533	8256282,9023104	1	Stegodyphus mimosarum	Eukaryota Metazoa Arthropoda Chelicerata Arachnida Araneae Araneomorphae Entelegynae Eresoidea Eresidae Stegodyphus.
RF00005	RF00005	tRNA	full	tRNA	407821	KK113893	799066	798994	SO:0000253,GO:0030533	8256282,9023104	1	Stegodyphus mimosarum	Eukaryota Metazoa Arthropoda Chelicerata Arachnida Araneae Araneomorphae Entelegynae Eresoidea Eresidae Stegodyphus.
RF00005	RF00005	tRNA	full	tRNA	407821	KK113893	857998	857925	SO:0000253,GO:0030533	8256282,9023104	1	Stegodyphus mimosarum	Eukaryota Metazoa Arthropoda Chelicerata Arachnida Araneae Araneomorphae Entelegynae Eresoidea Eresidae Stegodyphus.
RF00005	RF00005	tRNA	full	tRNA	407821	KK113895	46173	46245	SO:0000253,GO:0030533	8256282,9023104	1	Stegodyphus mimosarum	Eukaryota Metazoa Arthropoda Chelicerata Arachnida Araneae Araneomorphae Entelegynae Eresoidea Eresidae Stegodyphus.
RF00005	RF00005	tRNA	full	tRNA	407821	KK113895	46431	46502	SO:0000253,GO:0030533	8256282,9023104	1	Stegodyphus mimosarum	Eukaryota Metazoa Arthropoda Chelicerata Arachnida Araneae Araneomorphae Entelegynae Eresoidea Eresidae Stegodyphus.
RF00005	RF00005	tRNA	full	tRNA	407821	KK113895	109406	109334	SO:0000253,GO:0030533	8256282,9023104	1	Stegodyphus mimosarum	Eukaryota Metazoa Arthropoda Chelicerata Arachnida Araneae Araneomorphae Entelegynae Eresoidea Eresidae Stegodyphus.
RF00005	RF00005	tRNA	full	tRNA	407821	KK113895	259385	259456	SO:0000253,GO:0030533	8256282,9023104	1	Stegodyphus mimosarum	Eukaryota Metazoa Arthropoda Chelicerata Arachnida Araneae Araneomorphae Entelegynae Eresoidea Eresidae Stegodyphus.
RF00005	RF00005	tRNA	full	tRNA	407821	KK113895	259646	259718	SO:0000253,GO:0030533	8256282,9023104	1	Stegodyphus mimosarum	Eukaryota Metazoa Arthropoda Chelicerata Arachnida Araneae Araneomorphae Entelegynae Eresoidea Eresidae Stegodyphus.
RF00005	RF00005	tRNA	full	tRNA	407821	KK113895	328213	328141	SO:0000253,GO:0030533	8256282,9023104	1	Stegodyphus mimosarum	Eukaryota Metazoa Arthropoda Chelicerata Arachnida Araneae Araneomorphae Entelegynae Eresoidea Eresidae Stegodyphus.
RF00005	RF00005	tRNA	full	tRNA	407821	KK113895	439708	439780	SO:0000253,GO:0030533	8256282,9023104	1	Stegodyphus mimosarum	Eukaryota Metazoa Arthropoda Chelicerata Arachnida Araneae Araneomorphae Entelegynae Eresoidea Eresidae Stegodyphus.
RF00005	RF00005	tRNA	full	tRNA	407821	KK113895	439953	440025	SO:0000253,GO:0030533	8256282,9023104	1	Stegodyphus mimosarum	Eukaryota Metazoa Arthropoda Chelicerata Arachnida Araneae Araneomorphae Entelegynae Eresoidea Eresidae Stegodyphus.
RF00005	RF00005	tRNA	full	tRNA	407821	KK113895	441832	441760	SO:0000253,GO:0030533	8256282,9023104	1	Stegodyphus mimosarum	Eukaryota Metazoa Arthropoda Chelicerata Arachnida Araneae Araneomorphae Entelegynae Eresoidea Eresidae Stegodyphus.
RF00005	RF00005	tRNA	full	tRNA	407821	KK113895	442085	442013	SO:0000253,GO:0030533	8256282,9023104	1	Stegodyphus mimosarum	Eukaryota Metazoa Arthropoda Chelicerata Arachnida Araneae Araneomorphae Entelegynae Eresoidea Eresidae Stegodyphus.
RF00005	RF00005	tRNA	full	tRNA	407821	KK113895	568545	568473	SO:0000253,GO:0030533	8256282,9023104	1	Stegodyphus mimosarum	Eukaryota Metazoa Arthropoda Chelicerata Arachnida Araneae Araneomorphae Entelegynae Eresoidea Eresidae Stegodyphus.
RF00005	RF00005	tRNA	full	tRNA	407821	KK113895	623350	623422	SO:0000253,GO:0030533	8256282,9023104	1	Stegodyphus mimosarum	Eukaryota Metazoa Arthropoda Chelicerata Arachnida Araneae Araneomorphae Entelegynae Eresoidea Eresidae Stegodyphus.
RF00005	RF00005	tRNA	full	tRNA	407821	KK113895	694525	694454	SO:0000253,GO:0030533	8256282,9023104	1	Stegodyphus mimosarum	Eukaryota Metazoa Arthropoda Chelicerata Arachnida Araneae Araneomorphae Entelegynae Eresoidea Eresidae Stegodyphus.
RF00005	RF00005	tRNA	full	tRNA	407821	KK113895	694777	694706	SO:0000253,GO:0030533	8256282,9023104	1	Stegodyphus mimosarum	Eukaryota Metazoa Arthropoda Chelicerata Arachnida Araneae Araneomorphae Entelegynae Eresoidea Eresidae Stegodyphus.
RF00005	RF00005	tRNA	full	tRNA	407821	KK113895	727197	727125	SO:0000253,GO:0030533	8256282,9023104	1	Stegodyphus mimosarum	Eukaryota Metazoa Arthropoda Chelicerata Arachnida Araneae Araneomorphae Entelegynae Eresoidea Eresidae Stegodyphus.
RF00005	RF00005	tRNA	full	tRNA	407821	KK113896	63396	63324	SO:0000253,GO:0030533	8256282,9023104	1	Stegodyphus mimosarum	Eukaryota Metazoa Arthropoda Chelicerata Arachnida Araneae Araneomorphae Entelegynae Eresoidea Eresidae Stegodyphus.
RF00005	RF00005	tRNA	full	tRNA	407821	KK113897	48543	48615	SO:0000253,GO:0030533	8256282,9023104	1	Stegodyphus mimosarum	Eukaryota Metazoa Arthropoda Chelicerata Arachnida Araneae Araneomorphae Entelegynae Eresoidea Eresidae Stegodyphus.
RF00005	RF00005	tRNA	full	tRNA	407821	KK113897	48796	48868	SO:0000253,GO:0030533	8256282,9023104	1	Stegodyphus mimosarum	Eukaryota Metazoa Arthropoda Chelicerata Arachnida Araneae Araneomorphae Entelegynae Eresoidea Eresidae Stegodyphus.
RF00005	RF00005	tRNA	full	tRNA	407821	KK113897	88344	88272	SO:0000253,GO:0030533	8256282,9023104	1	Stegodyphus mimosarum	Eukaryota Metazoa Arthropoda Chelicerata Arachnida Araneae Araneomorphae Entelegynae Eresoidea Eresidae Stegodyphus.
RF00005	RF00005	tRNA	full	tRNA	407821	KK113897	238149	238221	SO:0000253,GO:0030533	8256282,9023104	1	Stegodyphus mimosarum	Eukaryota Metazoa Arthropoda Chelicerata Arachnida Araneae Araneomorphae Entelegynae Eresoidea Eresidae Stegodyphus.
RF00005	RF00005	tRNA	full	tRNA	407821	KK113897	345920	345848	SO:0000253,GO:0030533	8256282,9023104	1	Stegodyphus mimosarum	Eukaryota Metazoa Arthropoda Chelicerata Arachnida Araneae Araneomorphae Entelegynae Eresoidea Eresidae Stegodyphus.
RF00005	RF00005	tRNA	full	tRNA	407821	KK113897	346174	346102	SO:0000253,GO:0030533	8256282,9023104	1	Stegodyphus mimosarum	Eukaryota Metazoa Arthropoda Chelicerata Arachnida Araneae Araneomorphae Entelegynae Eresoidea Eresidae Stegodyphus.
RF00005	RF00005	tRNA	full	tRNA	407821	KK113897	369463	369535	SO:0000253,GO:0030533	8256282,9023104	1	Stegodyphus mimosarum	Eukaryota Metazoa Arthropoda Chelicerata Arachnida Araneae Araneomorphae Entelegynae Eresoidea Eresidae Stegodyphus.
RF00005	RF00005	tRNA	full	tRNA	407821	KK113901	1720	1792	SO:0000253,GO:0030533	8256282,9023104	1	Stegodyphus mimosarum	Eukaryota Metazoa Arthropoda Chelicerata Arachnida Araneae Araneomorphae Entelegynae Eresoidea Eresidae Stegodyphus.
RF00005	RF00005	tRNA	full	tRNA	407821	KK113901	93430	93360	SO:0000253,GO:0030533	8256282,9023104	1	Stegodyphus mimosarum	Eukaryota Metazoa Arthropoda Chelicerata Arachnida Araneae Araneomorphae Entelegynae Eresoidea Eresidae Stegodyphus.
RF00005	RF00005	tRNA	full	tRNA	407821	KK113901	142953	142881	SO:0000253,GO:0030533	8256282,9023104	1	Stegodyphus mimosarum	Eukaryota Metazoa Arthropoda Chelicerata Arachnida Araneae Araneomorphae Entelegynae Eresoidea Eresidae Stegodyphus.
RF00005	RF00005	tRNA	full	tRNA	407821	KK113901	189675	189747	SO:0000253,GO:0030533	8256282,9023104	1	Stegodyphus mimosarum	Eukaryota Metazoa Arthropoda Chelicerata Arachnida Araneae Araneomorphae Entelegynae Eresoidea Eresidae Stegodyphus.
RF00005	RF00005	tRNA	full	tRNA	407821	KK113901	288584	288514	SO:0000253,GO:0030533	8256282,9023104	1	Stegodyphus mimosarum	Eukaryota Metazoa Arthropoda Chelicerata Arachnida Araneae Araneomorphae Entelegynae Eresoidea Eresidae Stegodyphus.
RF00005	RF00005	tRNA	full	tRNA	407821	KK113901	308033	308105	SO:0000253,GO:0030533	8256282,9023104	1	Stegodyphus mimosarum	Eukaryota Metazoa Arthropoda Chelicerata Arachnida Araneae Araneomorphae Entelegynae Eresoidea Eresidae Stegodyphus.
RF00005	RF00005	tRNA	full	tRNA	407821	KK113901	444046	444118	SO:0000253,GO:0030533	8256282,9023104	1	Stegodyphus mimosarum	Eukaryota Metazoa Arthropoda Chelicerata Arachnida Araneae Araneomorphae Entelegynae Eresoidea Eresidae Stegodyphus.
RF00005	RF00005	tRNA	full	tRNA	407821	KK113901	449972	449901	SO:0000253,GO:0030533	8256282,9023104	1	Stegodyphus mimosarum	Eukaryota Metazoa Arthropoda Chelicerata Arachnida Araneae Araneomorphae Entelegynae Eresoidea Eresidae Stegodyphus.
RF00005	RF00005	tRNA	full	tRNA	407821	KK113901	453234	453162	SO:0000253,GO:0030533	8256282,9023104	1	Stegodyphus mimosarum	Eukaryota Metazoa Arthropoda Chelicerata Arachnida Araneae Araneomorphae Entelegynae Eresoidea Eresidae Stegodyphus.
RF00005	RF00005	tRNA	full	tRNA	407821	KK113902	74769	74839	SO:0000253,GO:0030533	8256282,9023104	1	Stegodyphus mimosarum	Eukaryota Metazoa Arthropoda Chelicerata Arachnida Araneae Araneomorphae Entelegynae Eresoidea Eresidae Stegodyphus.
RF00005	RF00005	tRNA	full	tRNA	407821	KK113903	106720	106792	SO:0000253,GO:0030533	8256282,9023104	1	Stegodyphus mimosarum	Eukaryota Metazoa Arthropoda Chelicerata Arachnida Araneae Araneomorphae Entelegynae Eresoidea Eresidae Stegodyphus.
RF00005	RF00005	tRNA	full	tRNA	407821	KK113903	143302	143230	SO:0000253,GO:0030533	8256282,9023104	1	Stegodyphus mimosarum	Eukaryota Metazoa Arthropoda Chelicerata Arachnida Araneae Araneomorphae Entelegynae Eresoidea Eresidae Stegodyphus.
RF00005	RF00005	tRNA	full	tRNA	407821	KK113903	143460	143388	SO:0000253,GO:0030533	8256282,9023104	1	Stegodyphus mimosarum	Eukaryota Metazoa Arthropoda Chelicerata Arachnida Araneae Araneomorphae Entelegynae Eresoidea Eresidae Stegodyphus.
RF00005	RF00005	tRNA	full	tRNA	407821	KK113904	19307	19235	SO:0000253,GO:0030533	8256282,9023104	1	Stegodyphus mimosarum	Eukaryota Metazoa Arthropoda Chelicerata Arachnida Araneae Araneomorphae Entelegynae Eresoidea Eresidae Stegodyphus.
RF00005	RF00005	tRNA	full	tRNA	407821	KK113904	19561	19489	SO:0000253,GO:0030533	8256282,9023104	1	Stegodyphus mimosarum	Eukaryota Metazoa Arthropoda Chelicerata Arachnida Araneae Araneomorphae Entelegynae Eresoidea Eresidae Stegodyphus.
RF00005	RF00005	tRNA	full	tRNA	407821	KK113904	20824	20896	SO:0000253,GO:0030533	8256282,9023104	1	Stegodyphus mimosarum	Eukaryota Metazoa Arthropoda Chelicerata Arachnida Araneae Araneomorphae Entelegynae Eresoidea Eresidae Stegodyphus.
RF00005	RF00005	tRNA	full	tRNA	407821	KK113905	236631	236559	SO:0000253,GO:0030533	8256282,9023104	1	Stegodyphus mimosarum	Eukaryota Metazoa Arthropoda Chelicerata Arachnida Araneae Araneomorphae Entelegynae Eresoidea Eresidae Stegodyphus.
RF00005	RF00005	tRNA	full	tRNA	407821	KK113906	6676	6604	SO:0000253,GO:0030533	8256282,9023104	1	Stegodyphus mimosarum	Eukaryota Metazoa Arthropoda Chelicerata Arachnida Araneae Araneomorphae Entelegynae Eresoidea Eresidae Stegodyphus.
RF00005	RF00005	tRNA	full	tRNA	407821	KK113906	15524	15453	SO:0000253,GO:0030533	8256282,9023104	1	Stegodyphus mimosarum	Eukaryota Metazoa Arthropoda Chelicerata Arachnida Araneae Araneomorphae Entelegynae Eresoidea Eresidae Stegodyphus.
RF00005	RF00005	tRNA	full	tRNA	407821	KK113906	69195	69123	SO:0000253,GO:0030533	8256282,9023104	1	Stegodyphus mimosarum	Eukaryota Metazoa Arthropoda Chelicerata Arachnida Araneae Araneomorphae Entelegynae Eresoidea Eresidae Stegodyphus.
RF00005	RF00005	tRNA	full	tRNA	407821	KK113908	140145	140217	SO:0000253,GO:0030533	8256282,9023104	1	Stegodyphus mimosarum	Eukaryota Metazoa Arthropoda Chelicerata Arachnida Araneae Araneomorphae Entelegynae Eresoidea Eresidae Stegodyphus.
RF00005	RF00005	tRNA	full	tRNA	407821	KK113908	212963	213035	SO:0000253,GO:0030533	8256282,9023104	1	Stegodyphus mimosarum	Eukaryota Metazoa Arthropoda Chelicerata Arachnida Araneae Araneomorphae Entelegynae Eresoidea Eresidae Stegodyphus.
RF00005	RF00005	tRNA	full	tRNA	407821	KK113908	389960	390032	SO:0000253,GO:0030533	8256282,9023104	1	Stegodyphus mimosarum	Eukaryota Metazoa Arthropoda Chelicerata Arachnida Araneae Araneomorphae Entelegynae Eresoidea Eresidae Stegodyphus.
RF00005	RF00005	tRNA	full	tRNA	407821	KK113908	442193	442265	SO:0000253,GO:0030533	8256282,9023104	1	Stegodyphus mimosarum	Eukaryota Metazoa Arthropoda Chelicerata Arachnida Araneae Araneomorphae Entelegynae Eresoidea Eresidae Stegodyphus.
RF00005	RF00005	tRNA	full	tRNA	407821	KK113908	849734	849662	SO:0000253,GO:0030533	8256282,9023104	1	Stegodyphus mimosarum	Eukaryota Metazoa Arthropoda Chelicerata Arachnida Araneae Araneomorphae Entelegynae Eresoidea Eresidae Stegodyphus.
RF00005	RF00005	tRNA	full	tRNA	407821	KK113908	849990	849918	SO:0000253,GO:0030533	8256282,9023104	1	Stegodyphus mimosarum	Eukaryota Metazoa Arthropoda Chelicerata Arachnida Araneae Araneomorphae Entelegynae Eresoidea Eresidae Stegodyphus.
RF00005	RF00005	tRNA	full	tRNA	407821	KK113908	886181	886253	SO:0000253,GO:0030533	8256282,9023104	1	Stegodyphus mimosarum	Eukaryota Metazoa Arthropoda Chelicerata Arachnida Araneae Araneomorphae Entelegynae Eresoidea Eresidae Stegodyphus.
RF00005	RF00005	tRNA	full	tRNA	407821	KK113910	1194	1122	SO:0000253,GO:0030533	8256282,9023104	1	Stegodyphus mimosarum	Eukaryota Metazoa Arthropoda Chelicerata Arachnida Araneae Araneomorphae Entelegynae Eresoidea Eresidae Stegodyphus.
RF00005	RF00005	tRNA	full	tRNA	407821	KK113910	1446	1374	SO:0000253,GO:0030533	8256282,9023104	1	Stegodyphus mimosarum	Eukaryota Metazoa Arthropoda Chelicerata Arachnida Araneae Araneomorphae Entelegynae Eresoidea Eresidae Stegodyphus.
RF00005	RF00005	tRNA	full	tRNA	407821	KK113910	160310	160382	SO:0000253,GO:0030533	8256282,9023104	1	Stegodyphus mimosarum	Eukaryota Metazoa Arthropoda Chelicerata Arachnida Araneae Araneomorphae Entelegynae Eresoidea Eresidae Stegodyphus.
RF00005	RF00005	tRNA	full	tRNA	407821	KK113910	200763	200691	SO:0000253,GO:0030533	8256282,9023104	1	Stegodyphus mimosarum	Eukaryota Metazoa Arthropoda Chelicerata Arachnida Araneae Araneomorphae Entelegynae Eresoidea Eresidae Stegodyphus.
RF00005	RF00005	tRNA	full	tRNA	407821	KK113910	201019	200947	SO:0000253,GO:0030533	8256282,9023104	1	Stegodyphus mimosarum	Eukaryota Metazoa Arthropoda Chelicerata Arachnida Araneae Araneomorphae Entelegynae Eresoidea Eresidae Stegodyphus.
RF00005	RF00005	tRNA	full	tRNA	407821	KK113910	246538	246610	SO:0000253,GO:0030533	8256282,9023104	1	Stegodyphus mimosarum	Eukaryota Metazoa Arthropoda Chelicerata Arachnida Araneae Araneomorphae Entelegynae Eresoidea Eresidae Stegodyphus.
RF00005	RF00005	tRNA	full	tRNA	407821	KK113910	283359	283431	SO:0000253,GO:0030533	8256282,9023104	1	Stegodyphus mimosarum	Eukaryota Metazoa Arthropoda Chelicerata Arachnida Araneae Araneomorphae Entelegynae Eresoidea Eresidae Stegodyphus.
RF00005	RF00005	tRNA	full	tRNA	407821	KK113913	142116	142188	SO:0000253,GO:0030533	8256282,9023104	1	Stegodyphus mimosarum	Eukaryota Metazoa Arthropoda Chelicerata Arachnida Araneae Araneomorphae Entelegynae Eresoidea Eresidae Stegodyphus.
RF00005	RF00005	tRNA	full	tRNA	407821	KK113913	320136	320206	SO:0000253,GO:0030533	8256282,9023104	1	Stegodyphus mimosarum	Eukaryota Metazoa Arthropoda Chelicerata Arachnida Araneae Araneomorphae Entelegynae Eresoidea Eresidae Stegodyphus.
RF00005	RF00005	tRNA	full	tRNA	407821	KK113914	96563	96635	SO:0000253,GO:0030533	8256282,9023104	1	Stegodyphus mimosarum	Eukaryota Metazoa Arthropoda Chelicerata Arachnida Araneae Araneomorphae Entelegynae Eresoidea Eresidae Stegodyphus.
RF00005	RF00005	tRNA	full	tRNA	407821	KK113915	67571	67499	SO:0000253,GO:0030533	8256282,9023104	1	Stegodyphus mimosarum	Eukaryota Metazoa Arthropoda Chelicerata Arachnida Araneae Araneomorphae Entelegynae Eresoidea Eresidae Stegodyphus.
RF00005	RF00005	tRNA	full	tRNA	407821	KK113915	67825	67753	SO:0000253,GO:0030533	8256282,9023104	1	Stegodyphus mimosarum	Eukaryota Metazoa Arthropoda Chelicerata Arachnida Araneae Araneomorphae Entelegynae Eresoidea Eresidae Stegodyphus.
RF00005	RF00005	tRNA	full	tRNA	407821	KK113915	271229	271301	SO:0000253,GO:0030533	8256282,9023104	1	Stegodyphus mimosarum	Eukaryota Metazoa Arthropoda Chelicerata Arachnida Araneae Araneomorphae Entelegynae Eresoidea Eresidae Stegodyphus.
RF00005	RF00005	tRNA	full	tRNA	407821	KK113916	12977	12905	SO:0000253,GO:0030533	8256282,9023104	1	Stegodyphus mimosarum	Eukaryota Metazoa Arthropoda Chelicerata Arachnida Araneae Araneomorphae Entelegynae Eresoidea Eresidae Stegodyphus.
RF00005	RF00005	tRNA	full	tRNA	407821	KK113916	13229	13157	SO:0000253,GO:0030533	8256282,9023104	1	Stegodyphus mimosarum	Eukaryota Metazoa Arthropoda Chelicerata Arachnida Araneae Araneomorphae Entelegynae Eresoidea Eresidae Stegodyphus.
RF00005	RF00005	tRNA	full	tRNA	407821	KK113916	14525	14597	SO:0000253,GO:0030533	8256282,9023104	1	Stegodyphus mimosarum	Eukaryota Metazoa Arthropoda Chelicerata Arachnida Araneae Araneomorphae Entelegynae Eresoidea Eresidae Stegodyphus.
RF00005	RF00005	tRNA	full	tRNA	407821	KK113916	14774	14846	SO:0000253,GO:0030533	8256282,9023104	1	Stegodyphus mimosarum	Eukaryota Metazoa Arthropoda Chelicerata Arachnida Araneae Araneomorphae Entelegynae Eresoidea Eresidae Stegodyphus.
RF00005	RF00005	tRNA	full	tRNA	407821	KK113916	23319	23391	SO:0000253,GO:0030533	8256282,9023104	1	Stegodyphus mimosarum	Eukaryota Metazoa Arthropoda Chelicerata Arachnida Araneae Araneomorphae Entelegynae Eresoidea Eresidae Stegodyphus.
RF00005	RF00005	tRNA	full	tRNA	407821	KK113916	61775	61847	SO:0000253,GO:0030533	8256282,9023104	1	Stegodyphus mimosarum	Eukaryota Metazoa Arthropoda Chelicerata Arachnida Araneae Araneomorphae Entelegynae Eresoidea Eresidae Stegodyphus.
RF00005	RF00005	tRNA	full	tRNA	407821	KK113916	62072	62144	SO:0000253,GO:0030533	8256282,9023104	1	Stegodyphus mimosarum	Eukaryota Metazoa Arthropoda Chelicerata Arachnida Araneae Araneomorphae Entelegynae Eresoidea Eresidae Stegodyphus.
RF00005	RF00005	tRNA	full	tRNA	407821	KK113916	64683	64611	SO:0000253,GO:0030533	8256282,9023104	1	Stegodyphus mimosarum	Eukaryota Metazoa Arthropoda Chelicerata Arachnida Araneae Araneomorphae Entelegynae Eresoidea Eresidae Stegodyphus.
RF00005	RF00005	tRNA	full	tRNA	407821	KK113916	64937	64865	SO:0000253,GO:0030533	8256282,9023104	1	Stegodyphus mimosarum	Eukaryota Metazoa Arthropoda Chelicerata Arachnida Araneae Araneomorphae Entelegynae Eresoidea Eresidae Stegodyphus.
RF00005	RF00005	tRNA	full	tRNA	407821	KK113916	79470	79398	SO:0000253,GO:0030533	8256282,9023104	1	Stegodyphus mimosarum	Eukaryota Metazoa Arthropoda Chelicerata Arachnida Araneae Araneomorphae Entelegynae Eresoidea Eresidae Stegodyphus.
RF00005	RF00005	tRNA	full	tRNA	407821	KK113916	86956	86884	SO:0000253,GO:0030533	8256282,9023104	1	Stegodyphus mimosarum	Eukaryota Metazoa Arthropoda Chelicerata Arachnida Araneae Araneomorphae Entelegynae Eresoidea Eresidae Stegodyphus.
RF00005	RF00005	tRNA	full	tRNA	407821	KK113916	234372	234444	SO:0000253,GO:0030533	8256282,9023104	1	Stegodyphus mimosarum	Eukaryota Metazoa Arthropoda Chelicerata Arachnida Araneae Araneomorphae Entelegynae Eresoidea Eresidae Stegodyphus.
RF00005	RF00005	tRNA	full	tRNA	407821	KK113916	272887	272815	SO:0000253,GO:0030533	8256282,9023104	1	Stegodyphus mimosarum	Eukaryota Metazoa Arthropoda Chelicerata Arachnida Araneae Araneomorphae Entelegynae Eresoidea Eresidae Stegodyphus.
RF00005	RF00005	tRNA	full	tRNA	407821	KK113916	273140	273068	SO:0000253,GO:0030533	8256282,9023104	1	Stegodyphus mimosarum	Eukaryota Metazoa Arthropoda Chelicerata Arachnida Araneae Araneomorphae Entelegynae Eresoidea Eresidae Stegodyphus.
RF00005	RF00005	tRNA	full	tRNA	407821	KK113916	276956	276884	SO:0000253,GO:0030533	8256282,9023104	1	Stegodyphus mimosarum	Eukaryota Metazoa Arthropoda Chelicerata Arachnida Araneae Araneomorphae Entelegynae Eresoidea Eresidae Stegodyphus.
RF00005	RF00005	tRNA	full	tRNA	407821	KK113916	365119	365047	SO:0000253,GO:0030533	8256282,9023104	1	Stegodyphus mimosarum	Eukaryota Metazoa Arthropoda Chelicerata Arachnida Araneae Araneomorphae Entelegynae Eresoidea Eresidae Stegodyphus.
RF00005	RF00005	tRNA	full	tRNA	407821	KK113916	365363	365291	SO:0000253,GO:0030533	8256282,9023104	1	Stegodyphus mimosarum	Eukaryota Metazoa Arthropoda Chelicerata Arachnida Araneae Araneomorphae Entelegynae Eresoidea Eresidae Stegodyphus.
RF00005	RF00005	tRNA	full	tRNA	407821	KK113916	395082	395010	SO:0000253,GO:0030533	8256282,9023104	1	Stegodyphus mimosarum	Eukaryota Metazoa Arthropoda Chelicerata Arachnida Araneae Araneomorphae Entelegynae Eresoidea Eresidae Stegodyphus.
RF00005	RF00005	tRNA	full	tRNA	407821	KK113916	417914	417842	SO:0000253,GO:0030533	8256282,9023104	1	Stegodyphus mimosarum	Eukaryota Metazoa Arthropoda Chelicerata Arachnida Araneae Araneomorphae Entelegynae Eresoidea Eresidae Stegodyphus.
RF00005	RF00005	tRNA	full	tRNA	407821	KK113916	418167	418095	SO:0000253,GO:0030533	8256282,9023104	1	Stegodyphus mimosarum	Eukaryota Metazoa Arthropoda Chelicerata Arachnida Araneae Araneomorphae Entelegynae Eresoidea Eresidae Stegodyphus.
RF00005	RF00005	tRNA	full	tRNA	407821	KK113916	461634	461706	SO:0000253,GO:0030533	8256282,9023104	1	Stegodyphus mimosarum	Eukaryota Metazoa Arthropoda Chelicerata Arachnida Araneae Araneomorphae Entelegynae Eresoidea Eresidae Stegodyphus.
RF00005	RF00005	tRNA	full	tRNA	407821	KK113918	132005	131933	SO:0000253,GO:0030533	8256282,9023104	1	Stegodyphus mimosarum	Eukaryota Metazoa Arthropoda Chelicerata Arachnida Araneae Araneomorphae Entelegynae Eresoidea Eresidae Stegodyphus.
RF00005	RF00005	tRNA	full	tRNA	407821	KK113919	21921	21849	SO:0000253,GO:0030533	8256282,9023104	1	Stegodyphus mimosarum	Eukaryota Metazoa Arthropoda Chelicerata Arachnida Araneae Araneomorphae Entelegynae Eresoidea Eresidae Stegodyphus.
RF00005	RF00005	tRNA	full	tRNA	407821	KK113919	33491	33562	SO:0000253,GO:0030533	8256282,9023104	1	Stegodyphus mimosarum	Eukaryota Metazoa Arthropoda Chelicerata Arachnida Araneae Araneomorphae Entelegynae Eresoidea Eresidae Stegodyphus.
RF00005	RF00005	tRNA	full	tRNA	407821	KK113919	33565	33636	SO:0000253,GO:0030533	8256282,9023104	1	Stegodyphus mimosarum	Eukaryota Metazoa Arthropoda Chelicerata Arachnida Araneae Araneomorphae Entelegynae Eresoidea Eresidae Stegodyphus.
RF00005	RF00005	tRNA	full	tRNA	407821	KK113919	44759	44687	SO:0000253,GO:0030533	8256282,9023104	1	Stegodyphus mimosarum	Eukaryota Metazoa Arthropoda Chelicerata Arachnida Araneae Araneomorphae Entelegynae Eresoidea Eresidae Stegodyphus.
RF00005	RF00005	tRNA	full	tRNA	407821	KK113919	57507	57579	SO:0000253,GO:0030533	8256282,9023104	1	Stegodyphus mimosarum	Eukaryota Metazoa Arthropoda Chelicerata Arachnida Araneae Araneomorphae Entelegynae Eresoidea Eresidae Stegodyphus.
RF00005	RF00005	tRNA	full	tRNA	407821	KK113919	57762	57834	SO:0000253,GO:0030533	8256282,9023104	1	Stegodyphus mimosarum	Eukaryota Metazoa Arthropoda Chelicerata Arachnida Araneae Araneomorphae Entelegynae Eresoidea Eresidae Stegodyphus.
RF00005	RF00005	tRNA	full	tRNA	407821	KK113919	87231	87159	SO:0000253,GO:0030533	8256282,9023104	1	Stegodyphus mimosarum	Eukaryota Metazoa Arthropoda Chelicerata Arachnida Araneae Araneomorphae Entelegynae Eresoidea Eresidae Stegodyphus.
RF00005	RF00005	tRNA	full	tRNA	407821	KK113919	137211	137139	SO:0000253,GO:0030533	8256282,9023104	1	Stegodyphus mimosarum	Eukaryota Metazoa Arthropoda Chelicerata Arachnida Araneae Araneomorphae Entelegynae Eresoidea Eresidae Stegodyphus.
RF00005	RF00005	tRNA	full	tRNA	407821	KK113919	137466	137394	SO:0000253,GO:0030533	8256282,9023104	1	Stegodyphus mimosarum	Eukaryota Metazoa Arthropoda Chelicerata Arachnida Araneae Araneomorphae Entelegynae Eresoidea Eresidae Stegodyphus.
RF00005	RF00005	tRNA	full	tRNA	407821	KK113919	184255	184183	SO:0000253,GO:0030533	8256282,9023104	1	Stegodyphus mimosarum	Eukaryota Metazoa Arthropoda Chelicerata Arachnida Araneae Araneomorphae Entelegynae Eresoidea Eresidae Stegodyphus.
RF00005	RF00005	tRNA	full	tRNA	407821	KK113919	229708	229780	SO:0000253,GO:0030533	8256282,9023104	1	Stegodyphus mimosarum	Eukaryota Metazoa Arthropoda Chelicerata Arachnida Araneae Araneomorphae Entelegynae Eresoidea Eresidae Stegodyphus.
RF00005	RF00005	tRNA	full	tRNA	407821	KK113919	230219	230291	SO:0000253,GO:0030533	8256282,9023104	1	Stegodyphus mimosarum	Eukaryota Metazoa Arthropoda Chelicerata Arachnida Araneae Araneomorphae Entelegynae Eresoidea Eresidae Stegodyphus.
RF00005	RF00005	tRNA	full	tRNA	407821	KK113919	247444	247516	SO:0000253,GO:0030533	8256282,9023104	1	Stegodyphus mimosarum	Eukaryota Metazoa Arthropoda Chelicerata Arachnida Araneae Araneomorphae Entelegynae Eresoidea Eresidae Stegodyphus.
RF00005	RF00005	tRNA	full	tRNA	407821	KK113919	320250	320322	SO:0000253,GO:0030533	8256282,9023104	1	Stegodyphus mimosarum	Eukaryota Metazoa Arthropoda Chelicerata Arachnida Araneae Araneomorphae Entelegynae Eresoidea Eresidae Stegodyphus.
RF00005	RF00005	tRNA	full	tRNA	407821	KK113919	322124	322052	SO:0000253,GO:0030533	8256282,9023104	1	Stegodyphus mimosarum	Eukaryota Metazoa Arthropoda Chelicerata Arachnida Araneae Araneomorphae Entelegynae Eresoidea Eresidae Stegodyphus.
RF00005	RF00005	tRNA	full	tRNA	407821	KK113919	322379	322307	SO:0000253,GO:0030533	8256282,9023104	1	Stegodyphus mimosarum	Eukaryota Metazoa Arthropoda Chelicerata Arachnida Araneae Araneomorphae Entelegynae Eresoidea Eresidae Stegodyphus.
RF00005	RF00005	tRNA	full	tRNA	407821	KK113919	336524	336452	SO:0000253,GO:0030533	8256282,9023104	1	Stegodyphus mimosarum	Eukaryota Metazoa Arthropoda Chelicerata Arachnida Araneae Araneomorphae Entelegynae Eresoidea Eresidae Stegodyphus.
RF00005	RF00005	tRNA	full	tRNA	407821	KK113919	419099	419027	SO:0000253,GO:0030533	8256282,9023104	1	Stegodyphus mimosarum	Eukaryota Metazoa Arthropoda Chelicerata Arachnida Araneae Araneomorphae Entelegynae Eresoidea Eresidae Stegodyphus.
RF00005	RF00005	tRNA	full	tRNA	407821	KK113919	430743	430671	SO:0000253,GO:0030533	8256282,9023104	1	Stegodyphus mimosarum	Eukaryota Metazoa Arthropoda Chelicerata Arachnida Araneae Araneomorphae Entelegynae Eresoidea Eresidae Stegodyphus.
RF00005	RF00005	tRNA	full	tRNA	407821	KK113919	459989	459917	SO:0000253,GO:0030533	8256282,9023104	1	Stegodyphus mimosarum	Eukaryota Metazoa Arthropoda Chelicerata Arachnida Araneae Araneomorphae Entelegynae Eresoidea Eresidae Stegodyphus.
RF00005	RF00005	tRNA	full	tRNA	407821	KK113919	472013	472085	SO:0000253,GO:0030533	8256282,9023104	1	Stegodyphus mimosarum	Eukaryota Metazoa Arthropoda Chelicerata Arachnida Araneae Araneomorphae Entelegynae Eresoidea Eresidae Stegodyphus.
RF00005	RF00005	tRNA	full	tRNA	407821	KK113919	515975	516047	SO:0000253,GO:0030533	8256282,9023104	1	Stegodyphus mimosarum	Eukaryota Metazoa Arthropoda Chelicerata Arachnida Araneae Araneomorphae Entelegynae Eresoidea Eresidae Stegodyphus.
RF00005	RF00005	tRNA	full	tRNA	407821	KK113919	516230	516302	SO:0000253,GO:0030533	8256282,9023104	1	Stegodyphus mimosarum	Eukaryota Metazoa Arthropoda Chelicerata Arachnida Araneae Araneomorphae Entelegynae Eresoidea Eresidae Stegodyphus.
RF00005	RF00005	tRNA	full	tRNA	407821	KK113919	549722	549650	SO:0000253,GO:0030533	8256282,9023104	1	Stegodyphus mimosarum	Eukaryota Metazoa Arthropoda Chelicerata Arachnida Araneae Araneomorphae Entelegynae Eresoidea Eresidae Stegodyphus.
RF00005	RF00005	tRNA	full	tRNA	407821	KK113926	107939	108011	SO:0000253,GO:0030533	8256282,9023104	1	Stegodyphus mimosarum	Eukaryota Metazoa Arthropoda Chelicerata Arachnida Araneae Araneomorphae Entelegynae Eresoidea Eresidae Stegodyphus.
RF00005	RF00005	tRNA	full	tRNA	407821	KK113926	108192	108264	SO:0000253,GO:0030533	8256282,9023104	1	Stegodyphus mimosarum	Eukaryota Metazoa Arthropoda Chelicerata Arachnida Araneae Araneomorphae Entelegynae Eresoidea Eresidae Stegodyphus.
RF00005	RF00005	tRNA	full	tRNA	407821	KK113926	264169	264097	SO:0000253,GO:0030533	8256282,9023104	1	Stegodyphus mimosarum	Eukaryota Metazoa Arthropoda Chelicerata Arachnida Araneae Araneomorphae Entelegynae Eresoidea Eresidae Stegodyphus.
RF00005	RF00005	tRNA	full	tRNA	407821	KK113926	291112	291184	SO:0000253,GO:0030533	8256282,9023104	1	Stegodyphus mimosarum	Eukaryota Metazoa Arthropoda Chelicerata Arachnida Araneae Araneomorphae Entelegynae Eresoidea Eresidae Stegodyphus.
RF00005	RF00005	tRNA	full	tRNA	407821	KK113926	291366	291438	SO:0000253,GO:0030533	8256282,9023104	1	Stegodyphus mimosarum	Eukaryota Metazoa Arthropoda Chelicerata Arachnida Araneae Araneomorphae Entelegynae Eresoidea Eresidae Stegodyphus.
RF00005	RF00005	tRNA	full	tRNA	407821	KK113926	294286	294357	SO:0000253,GO:0030533	8256282,9023104	1	Stegodyphus mimosarum	Eukaryota Metazoa Arthropoda Chelicerata Arachnida Araneae Araneomorphae Entelegynae Eresoidea Eresidae Stegodyphus.
RF00005	RF00005	tRNA	full	tRNA	407821	KK113926	340473	340545	SO:0000253,GO:0030533	8256282,9023104	1	Stegodyphus mimosarum	Eukaryota Metazoa Arthropoda Chelicerata Arachnida Araneae Araneomorphae Entelegynae Eresoidea Eresidae Stegodyphus.
RF00005	RF00005	tRNA	full	tRNA	407821	KK113926	403558	403486	SO:0000253,GO:0030533	8256282,9023104	1	Stegodyphus mimosarum	Eukaryota Metazoa Arthropoda Chelicerata Arachnida Araneae Araneomorphae Entelegynae Eresoidea Eresidae Stegodyphus.
RF00005	RF00005	tRNA	full	tRNA	407821	KK113926	403727	403655	SO:0000253,GO:0030533	8256282,9023104	1	Stegodyphus mimosarum	Eukaryota Metazoa Arthropoda Chelicerata Arachnida Araneae Araneomorphae Entelegynae Eresoidea Eresidae Stegodyphus.
RF00005	RF00005	tRNA	full	tRNA	407821	KK113928	43320	43392	SO:0000253,GO:0030533	8256282,9023104	1	Stegodyphus mimosarum	Eukaryota Metazoa Arthropoda Chelicerata Arachnida Araneae Araneomorphae Entelegynae Eresoidea Eresidae Stegodyphus.
RF00005	RF00005	tRNA	full	tRNA	407821	KK113928	108540	108612	SO:0000253,GO:0030533	8256282,9023104	1	Stegodyphus mimosarum	Eukaryota Metazoa Arthropoda Chelicerata Arachnida Araneae Araneomorphae Entelegynae Eresoidea Eresidae Stegodyphus.
RF00005	RF00005	tRNA	full	tRNA	407821	KK113928	108794	108866	SO:0000253,GO:0030533	8256282,9023104	1	Stegodyphus mimosarum	Eukaryota Metazoa Arthropoda Chelicerata Arachnida Araneae Araneomorphae Entelegynae Eresoidea Eresidae Stegodyphus.
RF00005	RF00005	tRNA	full	tRNA	407821	KK113929	41409	41337	SO:0000253,GO:0030533	8256282,9023104	1	Stegodyphus mimosarum	Eukaryota Metazoa Arthropoda Chelicerata Arachnida Araneae Araneomorphae Entelegynae Eresoidea Eresidae Stegodyphus.
RF00005	RF00005	tRNA	full	tRNA	407821	KK113929	141622	141550	SO:0000253,GO:0030533	8256282,9023104	1	Stegodyphus mimosarum	Eukaryota Metazoa Arthropoda Chelicerata Arachnida Araneae Araneomorphae Entelegynae Eresoidea Eresidae Stegodyphus.
RF00005	RF00005	tRNA	full	tRNA	407821	KK113929	141876	141804	SO:0000253,GO:0030533	8256282,9023104	1	Stegodyphus mimosarum	Eukaryota Metazoa Arthropoda Chelicerata Arachnida Araneae Araneomorphae Entelegynae Eresoidea Eresidae Stegodyphus.
RF00005	RF00005	tRNA	full	tRNA	407821	KK113929	142130	142058	SO:0000253,GO:0030533	8256282,9023104	1	Stegodyphus mimosarum	Eukaryota Metazoa Arthropoda Chelicerata Arachnida Araneae Araneomorphae Entelegynae Eresoidea Eresidae Stegodyphus.
RF00005	RF00005	tRNA	full	tRNA	407821	KK113929	312748	312676	SO:0000253,GO:0030533	8256282,9023104	1	Stegodyphus mimosarum	Eukaryota Metazoa Arthropoda Chelicerata Arachnida Araneae Araneomorphae Entelegynae Eresoidea Eresidae Stegodyphus.
RF00005	RF00005	tRNA	full	tRNA	407821	KK113929	332309	332381	SO:0000253,GO:0030533	8256282,9023104	1	Stegodyphus mimosarum	Eukaryota Metazoa Arthropoda Chelicerata Arachnida Araneae Araneomorphae Entelegynae Eresoidea Eresidae Stegodyphus.
RF00005	RF00005	tRNA	full	tRNA	407821	KK113929	422845	422774	SO:0000253,GO:0030533	8256282,9023104	1	Stegodyphus mimosarum	Eukaryota Metazoa Arthropoda Chelicerata Arachnida Araneae Araneomorphae Entelegynae Eresoidea Eresidae Stegodyphus.
RF00005	RF00005	tRNA	full	tRNA	407821	KK113930	235243	235171	SO:0000253,GO:0030533	8256282,9023104	1	Stegodyphus mimosarum	Eukaryota Metazoa Arthropoda Chelicerata Arachnida Araneae Araneomorphae Entelegynae Eresoidea Eresidae Stegodyphus.
RF00005	RF00005	tRNA	full	tRNA	407821	KK113930	235508	235436	SO:0000253,GO:0030533	8256282,9023104	1	Stegodyphus mimosarum	Eukaryota Metazoa Arthropoda Chelicerata Arachnida Araneae Araneomorphae Entelegynae Eresoidea Eresidae Stegodyphus.
RF00005	RF00005	tRNA	full	tRNA	407821	KK113930	384975	384902	SO:0000253,GO:0030533	8256282,9023104	1	Stegodyphus mimosarum	Eukaryota Metazoa Arthropoda Chelicerata Arachnida Araneae Araneomorphae Entelegynae Eresoidea Eresidae Stegodyphus.
RF00005	RF00005	tRNA	full	tRNA	407821	KK113930	542907	542979	SO:0000253,GO:0030533	8256282,9023104	1	Stegodyphus mimosarum	Eukaryota Metazoa Arthropoda Chelicerata Arachnida Araneae Araneomorphae Entelegynae Eresoidea Eresidae Stegodyphus.
RF00005	RF00005	tRNA	full	tRNA	407821	KK113930	544937	545009	SO:0000253,GO:0030533	8256282,9023104	1	Stegodyphus mimosarum	Eukaryota Metazoa Arthropoda Chelicerata Arachnida Araneae Araneomorphae Entelegynae Eresoidea Eresidae Stegodyphus.
RF00005	RF00005	tRNA	full	tRNA	407821	KK113930	553905	553833	SO:0000253,GO:0030533	8256282,9023104	1	Stegodyphus mimosarum	Eukaryota Metazoa Arthropoda Chelicerata Arachnida Araneae Araneomorphae Entelegynae Eresoidea Eresidae Stegodyphus.
RF00005	RF00005	tRNA	full	tRNA	407821	KK113930	559136	559064	SO:0000253,GO:0030533	8256282,9023104	1	Stegodyphus mimosarum	Eukaryota Metazoa Arthropoda Chelicerata Arachnida Araneae Araneomorphae Entelegynae Eresoidea Eresidae Stegodyphus.
RF00005	RF00005	tRNA	full	tRNA	407821	KK113930	559388	559316	SO:0000253,GO:0030533	8256282,9023104	1	Stegodyphus mimosarum	Eukaryota Metazoa Arthropoda Chelicerata Arachnida Araneae Araneomorphae Entelegynae Eresoidea Eresidae Stegodyphus.
RF00005	RF00005	tRNA	full	tRNA	407821	KK113931	17690	17618	SO:0000253,GO:0030533	8256282,9023104	1	Stegodyphus mimosarum	Eukaryota Metazoa Arthropoda Chelicerata Arachnida Araneae Araneomorphae Entelegynae Eresoidea Eresidae Stegodyphus.
RF00005	RF00005	tRNA	full	tRNA	407821	KK113931	25608	25680	SO:0000253,GO:0030533	8256282,9023104	1	Stegodyphus mimosarum	Eukaryota Metazoa Arthropoda Chelicerata Arachnida Araneae Araneomorphae Entelegynae Eresoidea Eresidae Stegodyphus.
RF00005	RF00005	tRNA	full	tRNA	407821	KK113931	87223	87294	SO:0000253,GO:0030533	8256282,9023104	1	Stegodyphus mimosarum	Eukaryota Metazoa Arthropoda Chelicerata Arachnida Araneae Araneomorphae Entelegynae Eresoidea Eresidae Stegodyphus.
RF00005	RF00005	tRNA	full	tRNA	407821	KK113931	120841	120917	SO:0000253,GO:0030533	8256282,9023104	1	Stegodyphus mimosarum	Eukaryota Metazoa Arthropoda Chelicerata Arachnida Araneae Araneomorphae Entelegynae Eresoidea Eresidae Stegodyphus.
RF00005	RF00005	tRNA	full	tRNA	407821	KK113931	124286	124214	SO:0000253,GO:0030533	8256282,9023104	1	Stegodyphus mimosarum	Eukaryota Metazoa Arthropoda Chelicerata Arachnida Araneae Araneomorphae Entelegynae Eresoidea Eresidae Stegodyphus.
RF00005	RF00005	tRNA	full	tRNA	407821	KK113931	124551	124479	SO:0000253,GO:0030533	8256282,9023104	1	Stegodyphus mimosarum	Eukaryota Metazoa Arthropoda Chelicerata Arachnida Araneae Araneomorphae Entelegynae Eresoidea Eresidae Stegodyphus.
RF00005	RF00005	tRNA	full	tRNA	407821	KK113938	31579	31507	SO:0000253,GO:0030533	8256282,9023104	1	Stegodyphus mimosarum	Eukaryota Metazoa Arthropoda Chelicerata Arachnida Araneae Araneomorphae Entelegynae Eresoidea Eresidae Stegodyphus.
RF00005	RF00005	tRNA	full	tRNA	407821	KK113938	36059	36131	SO:0000253,GO:0030533	8256282,9023104	1	Stegodyphus mimosarum	Eukaryota Metazoa Arthropoda Chelicerata Arachnida Araneae Araneomorphae Entelegynae Eresoidea Eresidae Stegodyphus.
RF00005	RF00005	tRNA	full	tRNA	407821	KK113938	83416	83488	SO:0000253,GO:0030533	8256282,9023104	1	Stegodyphus mimosarum	Eukaryota Metazoa Arthropoda Chelicerata Arachnida Araneae Araneomorphae Entelegynae Eresoidea Eresidae Stegodyphus.
RF00005	RF00005	tRNA	full	tRNA	407821	KK113939	14891	14964	SO:0000253,GO:0030533	8256282,9023104	1	Stegodyphus mimosarum	Eukaryota Metazoa Arthropoda Chelicerata Arachnida Araneae Araneomorphae Entelegynae Eresoidea Eresidae Stegodyphus.
RF00005	RF00005	tRNA	full	tRNA	407821	KK113939	15145	15218	SO:0000253,GO:0030533	8256282,9023104	1	Stegodyphus mimosarum	Eukaryota Metazoa Arthropoda Chelicerata Arachnida Araneae Araneomorphae Entelegynae Eresoidea Eresidae Stegodyphus.
RF00005	RF00005	tRNA	full	tRNA	407821	KK113939	225937	225867	SO:0000253,GO:0030533	8256282,9023104	1	Stegodyphus mimosarum	Eukaryota Metazoa Arthropoda Chelicerata Arachnida Araneae Araneomorphae Entelegynae Eresoidea Eresidae Stegodyphus.
RF00005	RF00005	tRNA	full	tRNA	407821	KK113939	246033	246105	SO:0000253,GO:0030533	8256282,9023104	1	Stegodyphus mimosarum	Eukaryota Metazoa Arthropoda Chelicerata Arachnida Araneae Araneomorphae Entelegynae Eresoidea Eresidae Stegodyphus.
RF00005	RF00005	tRNA	full	tRNA	407821	KK113939	246285	246357	SO:0000253,GO:0030533	8256282,9023104	1	Stegodyphus mimosarum	Eukaryota Metazoa Arthropoda Chelicerata Arachnida Araneae Araneomorphae Entelegynae Eresoidea Eresidae Stegodyphus.
RF00005	RF00005	tRNA	full	tRNA	407821	KK113939	249018	249090	SO:0000253,GO:0030533	8256282,9023104	1	Stegodyphus mimosarum	Eukaryota Metazoa Arthropoda Chelicerata Arachnida Araneae Araneomorphae Entelegynae Eresoidea Eresidae Stegodyphus.
RF00005	RF00005	tRNA	full	tRNA	407821	KK113939	301142	301214	SO:0000253,GO:0030533	8256282,9023104	1	Stegodyphus mimosarum	Eukaryota Metazoa Arthropoda Chelicerata Arachnida Araneae Araneomorphae Entelegynae Eresoidea Eresidae Stegodyphus.
RF00005	RF00005	tRNA	full	tRNA	407821	KK113940	3298	3370	SO:0000253,GO:0030533	8256282,9023104	1	Stegodyphus mimosarum	Eukaryota Metazoa Arthropoda Chelicerata Arachnida Araneae Araneomorphae Entelegynae Eresoidea Eresidae Stegodyphus.
RF00005	RF00005	tRNA	full	tRNA	407821	KK113940	111857	111785	SO:0000253,GO:0030533	8256282,9023104	1	Stegodyphus mimosarum	Eukaryota Metazoa Arthropoda Chelicerata Arachnida Araneae Araneomorphae Entelegynae Eresoidea Eresidae Stegodyphus.
RF00005	RF00005	tRNA	full	tRNA	407821	KK113940	112114	112042	SO:0000253,GO:0030533	8256282,9023104	1	Stegodyphus mimosarum	Eukaryota Metazoa Arthropoda Chelicerata Arachnida Araneae Araneomorphae Entelegynae Eresoidea Eresidae Stegodyphus.
RF00005	RF00005	tRNA	full	tRNA	407821	KK113940	245840	245768	SO:0000253,GO:0030533	8256282,9023104	1	Stegodyphus mimosarum	Eukaryota Metazoa Arthropoda Chelicerata Arachnida Araneae Araneomorphae Entelegynae Eresoidea Eresidae Stegodyphus.
RF00005	RF00005	tRNA	full	tRNA	407821	KK113940	246093	246021	SO:0000253,GO:0030533	8256282,9023104	1	Stegodyphus mimosarum	Eukaryota Metazoa Arthropoda Chelicerata Arachnida Araneae Araneomorphae Entelegynae Eresoidea Eresidae Stegodyphus.
RF00005	RF00005	tRNA	full	tRNA	407821	KK113940	356801	356873	SO:0000253,GO:0030533	8256282,9023104	1	Stegodyphus mimosarum	Eukaryota Metazoa Arthropoda Chelicerata Arachnida Araneae Araneomorphae Entelegynae Eresoidea Eresidae Stegodyphus.
RF00005	RF00005	tRNA	full	tRNA	407821	KK113940	400792	400721	SO:0000253,GO:0030533	8256282,9023104	1	Stegodyphus mimosarum	Eukaryota Metazoa Arthropoda Chelicerata Arachnida Araneae Araneomorphae Entelegynae Eresoidea Eresidae Stegodyphus.
RF00005	RF00005	tRNA	full	tRNA	407821	KK113940	401013	400948	SO:0000253,GO:0030533	8256282,9023104	1	Stegodyphus mimosarum	Eukaryota Metazoa Arthropoda Chelicerata Arachnida Araneae Araneomorphae Entelegynae Eresoidea Eresidae Stegodyphus.
RF00005	RF00005	tRNA	full	tRNA	407821	KK113940	563540	563612	SO:0000253,GO:0030533	8256282,9023104	1	Stegodyphus mimosarum	Eukaryota Metazoa Arthropoda Chelicerata Arachnida Araneae Araneomorphae Entelegynae Eresoidea Eresidae Stegodyphus.
RF00005	RF00005	tRNA	full	tRNA	407821	KK113940	599145	599073	SO:0000253,GO:0030533	8256282,9023104	1	Stegodyphus mimosarum	Eukaryota Metazoa Arthropoda Chelicerata Arachnida Araneae Araneomorphae Entelegynae Eresoidea Eresidae Stegodyphus.
RF00005	RF00005	tRNA	full	tRNA	407821	KK113940	613136	613064	SO:0000253,GO:0030533	8256282,9023104	1	Stegodyphus mimosarum	Eukaryota Metazoa Arthropoda Chelicerata Arachnida Araneae Araneomorphae Entelegynae Eresoidea Eresidae Stegodyphus.
RF00005	RF00005	tRNA	full	tRNA	407821	KK113940	621384	621314	SO:0000253,GO:0030533	8256282,9023104	1	Stegodyphus mimosarum	Eukaryota Metazoa Arthropoda Chelicerata Arachnida Araneae Araneomorphae Entelegynae Eresoidea Eresidae Stegodyphus.
RF00005	RF00005	tRNA	full	tRNA	407821	KK113941	130592	130664	SO:0000253,GO:0030533	8256282,9023104	1	Stegodyphus mimosarum	Eukaryota Metazoa Arthropoda Chelicerata Arachnida Araneae Araneomorphae Entelegynae Eresoidea Eresidae Stegodyphus.
RF00005	RF00005	tRNA	full	tRNA	407821	KK113941	169201	169129	SO:0000253,GO:0030533	8256282,9023104	1	Stegodyphus mimosarum	Eukaryota Metazoa Arthropoda Chelicerata Arachnida Araneae Araneomorphae Entelegynae Eresoidea Eresidae Stegodyphus.
RF00005	RF00005	tRNA	full	tRNA	407821	KK113941	256956	257028	SO:0000253,GO:0030533	8256282,9023104	1	Stegodyphus mimosarum	Eukaryota Metazoa Arthropoda Chelicerata Arachnida Araneae Araneomorphae Entelegynae Eresoidea Eresidae Stegodyphus.
RF00005	RF00005	tRNA	full	tRNA	407821	KK113941	257221	257293	SO:0000253,GO:0030533	8256282,9023104	1	Stegodyphus mimosarum	Eukaryota Metazoa Arthropoda Chelicerata Arachnida Araneae Araneomorphae Entelegynae Eresoidea Eresidae Stegodyphus.
RF00005	RF00005	tRNA	full	tRNA	407821	KK113941	263456	263528	SO:0000253,GO:0030533	8256282,9023104	1	Stegodyphus mimosarum	Eukaryota Metazoa Arthropoda Chelicerata Arachnida Araneae Araneomorphae Entelegynae Eresoidea Eresidae Stegodyphus.
RF00005	RF00005	tRNA	full	tRNA	407821	KK113941	288713	288785	SO:0000253,GO:0030533	8256282,9023104	1	Stegodyphus mimosarum	Eukaryota Metazoa Arthropoda Chelicerata Arachnida Araneae Araneomorphae Entelegynae Eresoidea Eresidae Stegodyphus.
RF00005	RF00005	tRNA	full	tRNA	407821	KK113941	299980	300052	SO:0000253,GO:0030533	8256282,9023104	1	Stegodyphus mimosarum	Eukaryota Metazoa Arthropoda Chelicerata Arachnida Araneae Araneomorphae Entelegynae Eresoidea Eresidae Stegodyphus.
RF00005	RF00005	tRNA	full	tRNA	407821	KK113941	305340	305268	SO:0000253,GO:0030533	8256282,9023104	1	Stegodyphus mimosarum	Eukaryota Metazoa Arthropoda Chelicerata Arachnida Araneae Araneomorphae Entelegynae Eresoidea Eresidae Stegodyphus.
RF00005	RF00005	tRNA	full	tRNA	407821	KK113941	305593	305521	SO:0000253,GO:0030533	8256282,9023104	1	Stegodyphus mimosarum	Eukaryota Metazoa Arthropoda Chelicerata Arachnida Araneae Araneomorphae Entelegynae Eresoidea Eresidae Stegodyphus.
RF00005	RF00005	tRNA	full	tRNA	407821	KK113941	314923	314851	SO:0000253,GO:0030533	8256282,9023104	1	Stegodyphus mimosarum	Eukaryota Metazoa Arthropoda Chelicerata Arachnida Araneae Araneomorphae Entelegynae Eresoidea Eresidae Stegodyphus.
RF00005	RF00005	tRNA	full	tRNA	407821	KK113941	364343	364271	SO:0000253,GO:0030533	8256282,9023104	1	Stegodyphus mimosarum	Eukaryota Metazoa Arthropoda Chelicerata Arachnida Araneae Araneomorphae Entelegynae Eresoidea Eresidae Stegodyphus.
RF00005	RF00005	tRNA	full	tRNA	407821	KK113941	365524	365596	SO:0000253,GO:0030533	8256282,9023104	1	Stegodyphus mimosarum	Eukaryota Metazoa Arthropoda Chelicerata Arachnida Araneae Araneomorphae Entelegynae Eresoidea Eresidae Stegodyphus.
RF00005	RF00005	tRNA	full	tRNA	407821	KK113941	410429	410358	SO:0000253,GO:0030533	8256282,9023104	1	Stegodyphus mimosarum	Eukaryota Metazoa Arthropoda Chelicerata Arachnida Araneae Araneomorphae Entelegynae Eresoidea Eresidae Stegodyphus.
RF00005	RF00005	tRNA	full	tRNA	407821	KK113942	41714	41639	SO:0000253,GO:0030533	8256282,9023104	1	Stegodyphus mimosarum	Eukaryota Metazoa Arthropoda Chelicerata Arachnida Araneae Araneomorphae Entelegynae Eresoidea Eresidae Stegodyphus.
RF00005	RF00005	tRNA	full	tRNA	407821	KK113943	210519	210591	SO:0000253,GO:0030533	8256282,9023104	1	Stegodyphus mimosarum	Eukaryota Metazoa Arthropoda Chelicerata Arachnida Araneae Araneomorphae Entelegynae Eresoidea Eresidae Stegodyphus.
RF00005	RF00005	tRNA	full	tRNA	407821	KK113943	210776	210847	SO:0000253,GO:0030533	8256282,9023104	1	Stegodyphus mimosarum	Eukaryota Metazoa Arthropoda Chelicerata Arachnida Araneae Araneomorphae Entelegynae Eresoidea Eresidae Stegodyphus.
RF00005	RF00005	tRNA	full	tRNA	407821	KK113943	334242	334170	SO:0000253,GO:0030533	8256282,9023104	1	Stegodyphus mimosarum	Eukaryota Metazoa Arthropoda Chelicerata Arachnida Araneae Araneomorphae Entelegynae Eresoidea Eresidae Stegodyphus.
RF00005	RF00005	tRNA	full	tRNA	407821	KK113943	334496	334424	SO:0000253,GO:0030533	8256282,9023104	1	Stegodyphus mimosarum	Eukaryota Metazoa Arthropoda Chelicerata Arachnida Araneae Araneomorphae Entelegynae Eresoidea Eresidae Stegodyphus.
RF00005	RF00005	tRNA	full	tRNA	407821	KK113946	56522	56450	SO:0000253,GO:0030533	8256282,9023104	1	Stegodyphus mimosarum	Eukaryota Metazoa Arthropoda Chelicerata Arachnida Araneae Araneomorphae Entelegynae Eresoidea Eresidae Stegodyphus.
RF00005	RF00005	tRNA	full	tRNA	407821	KK113946	56772	56699	SO:0000253,GO:0030533	8256282,9023104	1	Stegodyphus mimosarum	Eukaryota Metazoa Arthropoda Chelicerata Arachnida Araneae Araneomorphae Entelegynae Eresoidea Eresidae Stegodyphus.
RF00005	RF00005	tRNA	full	tRNA	407821	KK113946	84032	84104	SO:0000253,GO:0030533	8256282,9023104	1	Stegodyphus mimosarum	Eukaryota Metazoa Arthropoda Chelicerata Arachnida Araneae Araneomorphae Entelegynae Eresoidea Eresidae Stegodyphus.
RF00005	RF00005	tRNA	full	tRNA	407821	KK113947	37165	37246	SO:0000253,GO:0030533	8256282,9023104	1	Stegodyphus mimosarum	Eukaryota Metazoa Arthropoda Chelicerata Arachnida Araneae Araneomorphae Entelegynae Eresoidea Eresidae Stegodyphus.
RF00005	RF00005	tRNA	full	tRNA	407821	KK113947	117169	117097	SO:0000253,GO:0030533	8256282,9023104	1	Stegodyphus mimosarum	Eukaryota Metazoa Arthropoda Chelicerata Arachnida Araneae Araneomorphae Entelegynae Eresoidea Eresidae Stegodyphus.
RF00005	RF00005	tRNA	full	tRNA	407821	KK113947	208278	208350	SO:0000253,GO:0030533	8256282,9023104	1	Stegodyphus mimosarum	Eukaryota Metazoa Arthropoda Chelicerata Arachnida Araneae Araneomorphae Entelegynae Eresoidea Eresidae Stegodyphus.
RF00005	RF00005	tRNA	full	tRNA	407821	KK113947	212425	212495	SO:0000253,GO:0030533	8256282,9023104	1	Stegodyphus mimosarum	Eukaryota Metazoa Arthropoda Chelicerata Arachnida Araneae Araneomorphae Entelegynae Eresoidea Eresidae Stegodyphus.
RF00005	RF00005	tRNA	full	tRNA	407821	KK113951	4183	4264	SO:0000253,GO:0030533	8256282,9023104	1	Stegodyphus mimosarum	Eukaryota Metazoa Arthropoda Chelicerata Arachnida Araneae Araneomorphae Entelegynae Eresoidea Eresidae Stegodyphus.
RF00005	RF00005	tRNA	full	tRNA	407821	KK113951	27268	27340	SO:0000253,GO:0030533	8256282,9023104	1	Stegodyphus mimosarum	Eukaryota Metazoa Arthropoda Chelicerata Arachnida Araneae Araneomorphae Entelegynae Eresoidea Eresidae Stegodyphus.
RF00005	RF00005	tRNA	full	tRNA	407821	KK113951	114854	114926	SO:0000253,GO:0030533	8256282,9023104	1	Stegodyphus mimosarum	Eukaryota Metazoa Arthropoda Chelicerata Arachnida Araneae Araneomorphae Entelegynae Eresoidea Eresidae Stegodyphus.
RF00005	RF00005	tRNA	full	tRNA	407821	KK113951	186081	186009	SO:0000253,GO:0030533	8256282,9023104	1	Stegodyphus mimosarum	Eukaryota Metazoa Arthropoda Chelicerata Arachnida Araneae Araneomorphae Entelegynae Eresoidea Eresidae Stegodyphus.
RF00005	RF00005	tRNA	full	tRNA	407821	KK113951	242683	242611	SO:0000253,GO:0030533	8256282,9023104	1	Stegodyphus mimosarum	Eukaryota Metazoa Arthropoda Chelicerata Arachnida Araneae Araneomorphae Entelegynae Eresoidea Eresidae Stegodyphus.
RF00005	RF00005	tRNA	full	tRNA	407821	KK113951	242937	242865	SO:0000253,GO:0030533	8256282,9023104	1	Stegodyphus mimosarum	Eukaryota Metazoa Arthropoda Chelicerata Arachnida Araneae Araneomorphae Entelegynae Eresoidea Eresidae Stegodyphus.
RF00005	RF00005	tRNA	full	tRNA	407821	KK113951	243192	243120	SO:0000253,GO:0030533	8256282,9023104	1	Stegodyphus mimosarum	Eukaryota Metazoa Arthropoda Chelicerata Arachnida Araneae Araneomorphae Entelegynae Eresoidea Eresidae Stegodyphus.
RF00005	RF00005	tRNA	full	tRNA	407821	KK113952	128690	128618	SO:0000253,GO:0030533	8256282,9023104	1	Stegodyphus mimosarum	Eukaryota Metazoa Arthropoda Chelicerata Arachnida Araneae Araneomorphae Entelegynae Eresoidea Eresidae Stegodyphus.
RF00005	RF00005	tRNA	full	tRNA	407821	KK113953	8964	8892	SO:0000253,GO:0030533	8256282,9023104	1	Stegodyphus mimosarum	Eukaryota Metazoa Arthropoda Chelicerata Arachnida Araneae Araneomorphae Entelegynae Eresoidea Eresidae Stegodyphus.
RF00005	RF00005	tRNA	full	tRNA	407821	KK113953	84475	84547	SO:0000253,GO:0030533	8256282,9023104	1	Stegodyphus mimosarum	Eukaryota Metazoa Arthropoda Chelicerata Arachnida Araneae Araneomorphae Entelegynae Eresoidea Eresidae Stegodyphus.
RF00005	RF00005	tRNA	full	tRNA	407821	KK113953	111130	111202	SO:0000253,GO:0030533	8256282,9023104	1	Stegodyphus mimosarum	Eukaryota Metazoa Arthropoda Chelicerata Arachnida Araneae Araneomorphae Entelegynae Eresoidea Eresidae Stegodyphus.
RF00005	RF00005	tRNA	full	tRNA	407821	KK113954	14158	14230	SO:0000253,GO:0030533	8256282,9023104	1	Stegodyphus mimosarum	Eukaryota Metazoa Arthropoda Chelicerata Arachnida Araneae Araneomorphae Entelegynae Eresoidea Eresidae Stegodyphus.
RF00005	RF00005	tRNA	full	tRNA	407821	KK113954	365831	365903	SO:0000253,GO:0030533	8256282,9023104	1	Stegodyphus mimosarum	Eukaryota Metazoa Arthropoda Chelicerata Arachnida Araneae Araneomorphae Entelegynae Eresoidea Eresidae Stegodyphus.
RF00005	RF00005	tRNA	full	tRNA	407821	KK113954	366085	366157	SO:0000253,GO:0030533	8256282,9023104	1	Stegodyphus mimosarum	Eukaryota Metazoa Arthropoda Chelicerata Arachnida Araneae Araneomorphae Entelegynae Eresoidea Eresidae Stegodyphus.
RF00005	RF00005	tRNA	full	tRNA	407821	KK113954	413109	413037	SO:0000253,GO:0030533	8256282,9023104	1	Stegodyphus mimosarum	Eukaryota Metazoa Arthropoda Chelicerata Arachnida Araneae Araneomorphae Entelegynae Eresoidea Eresidae Stegodyphus.
RF00005	RF00005	tRNA	full	tRNA	407821	KK113955	102435	102363	SO:0000253,GO:0030533	8256282,9023104	1	Stegodyphus mimosarum	Eukaryota Metazoa Arthropoda Chelicerata Arachnida Araneae Araneomorphae Entelegynae Eresoidea Eresidae Stegodyphus.
RF00005	RF00005	tRNA	full	tRNA	407821	KK113955	102685	102613	SO:0000253,GO:0030533	8256282,9023104	1	Stegodyphus mimosarum	Eukaryota Metazoa Arthropoda Chelicerata Arachnida Araneae Araneomorphae Entelegynae Eresoidea Eresidae Stegodyphus.
RF00005	RF00005	tRNA	full	tRNA	407821	KK113957	219534	219606	SO:0000253,GO:0030533	8256282,9023104	1	Stegodyphus mimosarum	Eukaryota Metazoa Arthropoda Chelicerata Arachnida Araneae Araneomorphae Entelegynae Eresoidea Eresidae Stegodyphus.
RF00005	RF00005	tRNA	full	tRNA	407821	KK113957	219787	219859	SO:0000253,GO:0030533	8256282,9023104	1	Stegodyphus mimosarum	Eukaryota Metazoa Arthropoda Chelicerata Arachnida Araneae Araneomorphae Entelegynae Eresoidea Eresidae Stegodyphus.
RF00005	RF00005	tRNA	full	tRNA	407821	KK113957	291062	290990	SO:0000253,GO:0030533	8256282,9023104	1	Stegodyphus mimosarum	Eukaryota Metazoa Arthropoda Chelicerata Arachnida Araneae Araneomorphae Entelegynae Eresoidea Eresidae Stegodyphus.
RF00005	RF00005	tRNA	full	tRNA	407821	KK113957	363408	363337	SO:0000253,GO:0030533	8256282,9023104	1	Stegodyphus mimosarum	Eukaryota Metazoa Arthropoda Chelicerata Arachnida Araneae Araneomorphae Entelegynae Eresoidea Eresidae Stegodyphus.
RF00005	RF00005	tRNA	full	tRNA	407821	KK113957	363662	363590	SO:0000253,GO:0030533	8256282,9023104	1	Stegodyphus mimosarum	Eukaryota Metazoa Arthropoda Chelicerata Arachnida Araneae Araneomorphae Entelegynae Eresoidea Eresidae Stegodyphus.
RF00005	RF00005	tRNA	full	tRNA	407821	KK113958	204822	204751	SO:0000253,GO:0030533	8256282,9023104	1	Stegodyphus mimosarum	Eukaryota Metazoa Arthropoda Chelicerata Arachnida Araneae Araneomorphae Entelegynae Eresoidea Eresidae Stegodyphus.
RF00005	RF00005	tRNA	full	tRNA	407821	KK113958	218343	218271	SO:0000253,GO:0030533	8256282,9023104	1	Stegodyphus mimosarum	Eukaryota Metazoa Arthropoda Chelicerata Arachnida Araneae Araneomorphae Entelegynae Eresoidea Eresidae Stegodyphus.
RF00005	RF00005	tRNA	full	tRNA	407821	KK113959	27836	27908	SO:0000253,GO:0030533	8256282,9023104	1	Stegodyphus mimosarum	Eukaryota Metazoa Arthropoda Chelicerata Arachnida Araneae Araneomorphae Entelegynae Eresoidea Eresidae Stegodyphus.
RF00005	RF00005	tRNA	full	tRNA	407821	KK113959	55875	55803	SO:0000253,GO:0030533	8256282,9023104	1	Stegodyphus mimosarum	Eukaryota Metazoa Arthropoda Chelicerata Arachnida Araneae Araneomorphae Entelegynae Eresoidea Eresidae Stegodyphus.
RF00005	RF00005	tRNA	full	tRNA	407821	KK113959	56128	56056	SO:0000253,GO:0030533	8256282,9023104	1	Stegodyphus mimosarum	Eukaryota Metazoa Arthropoda Chelicerata Arachnida Araneae Araneomorphae Entelegynae Eresoidea Eresidae Stegodyphus.
RF00005	RF00005	tRNA	full	tRNA	407821	KK113959	62507	62579	SO:0000253,GO:0030533	8256282,9023104	1	Stegodyphus mimosarum	Eukaryota Metazoa Arthropoda Chelicerata Arachnida Araneae Araneomorphae Entelegynae Eresoidea Eresidae Stegodyphus.
RF00005	RF00005	tRNA	full	tRNA	407821	KK113959	72912	72840	SO:0000253,GO:0030533	8256282,9023104	1	Stegodyphus mimosarum	Eukaryota Metazoa Arthropoda Chelicerata Arachnida Araneae Araneomorphae Entelegynae Eresoidea Eresidae Stegodyphus.
RF00005	RF00005	tRNA	full	tRNA	407821	KK113959	88268	88196	SO:0000253,GO:0030533	8256282,9023104	1	Stegodyphus mimosarum	Eukaryota Metazoa Arthropoda Chelicerata Arachnida Araneae Araneomorphae Entelegynae Eresoidea Eresidae Stegodyphus.
RF00005	RF00005	tRNA	full	tRNA	407821	KK113959	95011	95083	SO:0000253,GO:0030533	8256282,9023104	1	Stegodyphus mimosarum	Eukaryota Metazoa Arthropoda Chelicerata Arachnida Araneae Araneomorphae Entelegynae Eresoidea Eresidae Stegodyphus.
RF00005	RF00005	tRNA	full	tRNA	407821	KK113959	168659	168587	SO:0000253,GO:0030533	8256282,9023104	1	Stegodyphus mimosarum	Eukaryota Metazoa Arthropoda Chelicerata Arachnida Araneae Araneomorphae Entelegynae Eresoidea Eresidae Stegodyphus.
RF00005	RF00005	tRNA	full	tRNA	407821	KK113959	187590	187662	SO:0000253,GO:0030533	8256282,9023104	1	Stegodyphus mimosarum	Eukaryota Metazoa Arthropoda Chelicerata Arachnida Araneae Araneomorphae Entelegynae Eresoidea Eresidae Stegodyphus.
RF00005	RF00005	tRNA	full	tRNA	407821	KK113959	187848	187920	SO:0000253,GO:0030533	8256282,9023104	1	Stegodyphus mimosarum	Eukaryota Metazoa Arthropoda Chelicerata Arachnida Araneae Araneomorphae Entelegynae Eresoidea Eresidae Stegodyphus.
RF00005	RF00005	tRNA	full	tRNA	407821	KK113959	203859	203931	SO:0000253,GO:0030533	8256282,9023104	1	Stegodyphus mimosarum	Eukaryota Metazoa Arthropoda Chelicerata Arachnida Araneae Araneomorphae Entelegynae Eresoidea Eresidae Stegodyphus.
RF00005	RF00005	tRNA	full	tRNA	407821	KK113959	204112	204184	SO:0000253,GO:0030533	8256282,9023104	1	Stegodyphus mimosarum	Eukaryota Metazoa Arthropoda Chelicerata Arachnida Araneae Araneomorphae Entelegynae Eresoidea Eresidae Stegodyphus.
RF00005	RF00005	tRNA	full	tRNA	407821	KK113959	209927	209997	SO:0000253,GO:0030533	8256282,9023104	1	Stegodyphus mimosarum	Eukaryota Metazoa Arthropoda Chelicerata Arachnida Araneae Araneomorphae Entelegynae Eresoidea Eresidae Stegodyphus.
RF00005	RF00005	tRNA	full	tRNA	407821	KK113959	210937	211009	SO:0000253,GO:0030533	8256282,9023104	1	Stegodyphus mimosarum	Eukaryota Metazoa Arthropoda Chelicerata Arachnida Araneae Araneomorphae Entelegynae Eresoidea Eresidae Stegodyphus.
RF00005	RF00005	tRNA	full	tRNA	407821	KK113959	211188	211260	SO:0000253,GO:0030533	8256282,9023104	1	Stegodyphus mimosarum	Eukaryota Metazoa Arthropoda Chelicerata Arachnida Araneae Araneomorphae Entelegynae Eresoidea Eresidae Stegodyphus.
RF00005	RF00005	tRNA	full	tRNA	407821	KK113959	264023	264095	SO:0000253,GO:0030533	8256282,9023104	1	Stegodyphus mimosarum	Eukaryota Metazoa Arthropoda Chelicerata Arachnida Araneae Araneomorphae Entelegynae Eresoidea Eresidae Stegodyphus.
RF00005	RF00005	tRNA	full	tRNA	407821	KK113959	264267	264339	SO:0000253,GO:0030533	8256282,9023104	1	Stegodyphus mimosarum	Eukaryota Metazoa Arthropoda Chelicerata Arachnida Araneae Araneomorphae Entelegynae Eresoidea Eresidae Stegodyphus.
RF00005	RF00005	tRNA	full	tRNA	407821	KK113959	273646	273716	SO:0000253,GO:0030533	8256282,9023104	1	Stegodyphus mimosarum	Eukaryota Metazoa Arthropoda Chelicerata Arachnida Araneae Araneomorphae Entelegynae Eresoidea Eresidae Stegodyphus.
RF00005	RF00005	tRNA	full	tRNA	407821	KK113960	169019	168947	SO:0000253,GO:0030533	8256282,9023104	1	Stegodyphus mimosarum	Eukaryota Metazoa Arthropoda Chelicerata Arachnida Araneae Araneomorphae Entelegynae Eresoidea Eresidae Stegodyphus.
RF00005	RF00005	tRNA	full	tRNA	407821	KK113960	169273	169201	SO:0000253,GO:0030533	8256282,9023104	1	Stegodyphus mimosarum	Eukaryota Metazoa Arthropoda Chelicerata Arachnida Araneae Araneomorphae Entelegynae Eresoidea Eresidae Stegodyphus.
RF00005	RF00005	tRNA	full	tRNA	407821	KK113962	45799	45871	SO:0000253,GO:0030533	8256282,9023104	1	Stegodyphus mimosarum	Eukaryota Metazoa Arthropoda Chelicerata Arachnida Araneae Araneomorphae Entelegynae Eresoidea Eresidae Stegodyphus.
RF00005	RF00005	tRNA	full	tRNA	407821	KK113962	107324	107252	SO:0000253,GO:0030533	8256282,9023104	1	Stegodyphus mimosarum	Eukaryota Metazoa Arthropoda Chelicerata Arachnida Araneae Araneomorphae Entelegynae Eresoidea Eresidae Stegodyphus.
RF00005	RF00005	tRNA	full	tRNA	407821	KK113963	41959	42031	SO:0000253,GO:0030533	8256282,9023104	1	Stegodyphus mimosarum	Eukaryota Metazoa Arthropoda Chelicerata Arachnida Araneae Araneomorphae Entelegynae Eresoidea Eresidae Stegodyphus.
RF00005	RF00005	tRNA	full	tRNA	407821	KK113963	56128	56056	SO:0000253,GO:0030533	8256282,9023104	1	Stegodyphus mimosarum	Eukaryota Metazoa Arthropoda Chelicerata Arachnida Araneae Araneomorphae Entelegynae Eresoidea Eresidae Stegodyphus.
RF00005	RF00005	tRNA	full	tRNA	407821	KK113963	56381	56309	SO:0000253,GO:0030533	8256282,9023104	1	Stegodyphus mimosarum	Eukaryota Metazoa Arthropoda Chelicerata Arachnida Araneae Araneomorphae Entelegynae Eresoidea Eresidae Stegodyphus.
RF00005	RF00005	tRNA	full	tRNA	407821	KK113963	127194	127266	SO:0000253,GO:0030533	8256282,9023104	1	Stegodyphus mimosarum	Eukaryota Metazoa Arthropoda Chelicerata Arachnida Araneae Araneomorphae Entelegynae Eresoidea Eresidae Stegodyphus.
RF00005	RF00005	tRNA	full	tRNA	407821	KK113963	149090	149018	SO:0000253,GO:0030533	8256282,9023104	1	Stegodyphus mimosarum	Eukaryota Metazoa Arthropoda Chelicerata Arachnida Araneae Araneomorphae Entelegynae Eresoidea Eresidae Stegodyphus.
RF00005	RF00005	tRNA	full	tRNA	407821	KK113963	149343	149271	SO:0000253,GO:0030533	8256282,9023104	1	Stegodyphus mimosarum	Eukaryota Metazoa Arthropoda Chelicerata Arachnida Araneae Araneomorphae Entelegynae Eresoidea Eresidae Stegodyphus.
RF00005	RF00005	tRNA	full	tRNA	407821	KK113965	32652	32724	SO:0000253,GO:0030533	8256282,9023104	1	Stegodyphus mimosarum	Eukaryota Metazoa Arthropoda Chelicerata Arachnida Araneae Araneomorphae Entelegynae Eresoidea Eresidae Stegodyphus.
RF00005	RF00005	tRNA	full	tRNA	407821	KK113965	32905	32977	SO:0000253,GO:0030533	8256282,9023104	1	Stegodyphus mimosarum	Eukaryota Metazoa Arthropoda Chelicerata Arachnida Araneae Araneomorphae Entelegynae Eresoidea Eresidae Stegodyphus.
RF00005	RF00005	tRNA	full	tRNA	407821	KK113965	40045	40117	SO:0000253,GO:0030533	8256282,9023104	1	Stegodyphus mimosarum	Eukaryota Metazoa Arthropoda Chelicerata Arachnida Araneae Araneomorphae Entelegynae Eresoidea Eresidae Stegodyphus.
RF00005	RF00005	tRNA	full	tRNA	407821	KK113965	40298	40370	SO:0000253,GO:0030533	8256282,9023104	1	Stegodyphus mimosarum	Eukaryota Metazoa Arthropoda Chelicerata Arachnida Araneae Araneomorphae Entelegynae Eresoidea Eresidae Stegodyphus.
RF00005	RF00005	tRNA	full	tRNA	407821	KK113966	82565	82493	SO:0000253,GO:0030533	8256282,9023104	1	Stegodyphus mimosarum	Eukaryota Metazoa Arthropoda Chelicerata Arachnida Araneae Araneomorphae Entelegynae Eresoidea Eresidae Stegodyphus.
RF00005	RF00005	tRNA	full	tRNA	407821	KK113966	172892	172964	SO:0000253,GO:0030533	8256282,9023104	1	Stegodyphus mimosarum	Eukaryota Metazoa Arthropoda Chelicerata Arachnida Araneae Araneomorphae Entelegynae Eresoidea Eresidae Stegodyphus.
RF00005	RF00005	tRNA	full	tRNA	407821	KK113966	173145	173216	SO:0000253,GO:0030533	8256282,9023104	1	Stegodyphus mimosarum	Eukaryota Metazoa Arthropoda Chelicerata Arachnida Araneae Araneomorphae Entelegynae Eresoidea Eresidae Stegodyphus.
RF00005	RF00005	tRNA	full	tRNA	407821	KK113966	476312	476384	SO:0000253,GO:0030533	8256282,9023104	1	Stegodyphus mimosarum	Eukaryota Metazoa Arthropoda Chelicerata Arachnida Araneae Araneomorphae Entelegynae Eresoidea Eresidae Stegodyphus.
RF00005	RF00005	tRNA	full	tRNA	407821	KK113966	533228	533156	SO:0000253,GO:0030533	8256282,9023104	1	Stegodyphus mimosarum	Eukaryota Metazoa Arthropoda Chelicerata Arachnida Araneae Araneomorphae Entelegynae Eresoidea Eresidae Stegodyphus.
RF00005	RF00005	tRNA	full	tRNA	407821	KK113966	590293	590365	SO:0000253,GO:0030533	8256282,9023104	1	Stegodyphus mimosarum	Eukaryota Metazoa Arthropoda Chelicerata Arachnida Araneae Araneomorphae Entelegynae Eresoidea Eresidae Stegodyphus.
RF00005	RF00005	tRNA	full	tRNA	407821	KK113966	627729	627801	SO:0000253,GO:0030533	8256282,9023104	1	Stegodyphus mimosarum	Eukaryota Metazoa Arthropoda Chelicerata Arachnida Araneae Araneomorphae Entelegynae Eresoidea Eresidae Stegodyphus.
RF00005	RF00005	tRNA	full	tRNA	407821	KK113966	716924	716996	SO:0000253,GO:0030533	8256282,9023104	1	Stegodyphus mimosarum	Eukaryota Metazoa Arthropoda Chelicerata Arachnida Araneae Araneomorphae Entelegynae Eresoidea Eresidae Stegodyphus.
RF00005	RF00005	tRNA	full	tRNA	407821	KK113966	739946	739874	SO:0000253,GO:0030533	8256282,9023104	1	Stegodyphus mimosarum	Eukaryota Metazoa Arthropoda Chelicerata Arachnida Araneae Araneomorphae Entelegynae Eresoidea Eresidae Stegodyphus.
RF00005	RF00005	tRNA	full	tRNA	407821	KK113966	768757	768828	SO:0000253,GO:0030533	8256282,9023104	1	Stegodyphus mimosarum	Eukaryota Metazoa Arthropoda Chelicerata Arachnida Araneae Araneomorphae Entelegynae Eresoidea Eresidae Stegodyphus.
RF00005	RF00005	tRNA	full	tRNA	407821	KK113966	778109	778037	SO:0000253,GO:0030533	8256282,9023104	1	Stegodyphus mimosarum	Eukaryota Metazoa Arthropoda Chelicerata Arachnida Araneae Araneomorphae Entelegynae Eresoidea Eresidae Stegodyphus.
RF00005	RF00005	tRNA	full	tRNA	407821	KK113966	862828	862756	SO:0000253,GO:0030533	8256282,9023104	1	Stegodyphus mimosarum	Eukaryota Metazoa Arthropoda Chelicerata Arachnida Araneae Araneomorphae Entelegynae Eresoidea Eresidae Stegodyphus.
RF00005	RF00005	tRNA	full	tRNA	407821	KK113966	863082	863010	SO:0000253,GO:0030533	8256282,9023104	1	Stegodyphus mimosarum	Eukaryota Metazoa Arthropoda Chelicerata Arachnida Araneae Araneomorphae Entelegynae Eresoidea Eresidae Stegodyphus.
RF00005	RF00005	tRNA	full	tRNA	407821	KK113966	891857	891929	SO:0000253,GO:0030533	8256282,9023104	1	Stegodyphus mimosarum	Eukaryota Metazoa Arthropoda Chelicerata Arachnida Araneae Araneomorphae Entelegynae Eresoidea Eresidae Stegodyphus.
RF00005	RF00005	tRNA	full	tRNA	407821	KK113966	892112	892184	SO:0000253,GO:0030533	8256282,9023104	1	Stegodyphus mimosarum	Eukaryota Metazoa Arthropoda Chelicerata Arachnida Araneae Araneomorphae Entelegynae Eresoidea Eresidae Stegodyphus.
RF00005	RF00005	tRNA	full	tRNA	407821	KK113966	892811	892739	SO:0000253,GO:0030533	8256282,9023104	1	Stegodyphus mimosarum	Eukaryota Metazoa Arthropoda Chelicerata Arachnida Araneae Araneomorphae Entelegynae Eresoidea Eresidae Stegodyphus.
RF00005	RF00005	tRNA	full	tRNA	407821	KK113966	1070445	1070364	SO:0000253,GO:0030533	8256282,9023104	1	Stegodyphus mimosarum	Eukaryota Metazoa Arthropoda Chelicerata Arachnida Araneae Araneomorphae Entelegynae Eresoidea Eresidae Stegodyphus.
RF00005	RF00005	tRNA	full	tRNA	407821	KK113966	1271711	1271783	SO:0000253,GO:0030533	8256282,9023104	1	Stegodyphus mimosarum	Eukaryota Metazoa Arthropoda Chelicerata Arachnida Araneae Araneomorphae Entelegynae Eresoidea Eresidae Stegodyphus.
RF00005	RF00005	tRNA	full	tRNA	407821	KK113966	1271964	1272036	SO:0000253,GO:0030533	8256282,9023104	1	Stegodyphus mimosarum	Eukaryota Metazoa Arthropoda Chelicerata Arachnida Araneae Araneomorphae Entelegynae Eresoidea Eresidae Stegodyphus.
RF00005	RF00005	tRNA	full	tRNA	407821	KK113966	1488096	1488168	SO:0000253,GO:0030533	8256282,9023104	1	Stegodyphus mimosarum	Eukaryota Metazoa Arthropoda Chelicerata Arachnida Araneae Araneomorphae Entelegynae Eresoidea Eresidae Stegodyphus.
RF00005	RF00005	tRNA	full	tRNA	407821	KK113966	1489612	1489540	SO:0000253,GO:0030533	8256282,9023104	1	Stegodyphus mimosarum	Eukaryota Metazoa Arthropoda Chelicerata Arachnida Araneae Araneomorphae Entelegynae Eresoidea Eresidae Stegodyphus.
RF00005	RF00005	tRNA	full	tRNA	407821	KK113966	1507481	1507553	SO:0000253,GO:0030533	8256282,9023104	1	Stegodyphus mimosarum	Eukaryota Metazoa Arthropoda Chelicerata Arachnida Araneae Araneomorphae Entelegynae Eresoidea Eresidae Stegodyphus.
RF00005	RF00005	tRNA	full	tRNA	407821	KK113966	1529345	1529417	SO:0000253,GO:0030533	8256282,9023104	1	Stegodyphus mimosarum	Eukaryota Metazoa Arthropoda Chelicerata Arachnida Araneae Araneomorphae Entelegynae Eresoidea Eresidae Stegodyphus.
RF00005	RF00005	tRNA	full	tRNA	407821	KK113968	11816	11746	SO:0000253,GO:0030533	8256282,9023104	1	Stegodyphus mimosarum	Eukaryota Metazoa Arthropoda Chelicerata Arachnida Araneae Araneomorphae Entelegynae Eresoidea Eresidae Stegodyphus.
RF00005	RF00005	tRNA	full	tRNA	407821	KK113968	15176	15248	SO:0000253,GO:0030533	8256282,9023104	1	Stegodyphus mimosarum	Eukaryota Metazoa Arthropoda Chelicerata Arachnida Araneae Araneomorphae Entelegynae Eresoidea Eresidae Stegodyphus.
RF00005	RF00005	tRNA	full	tRNA	407821	KK113968	21109	21038	SO:0000253,GO:0030533	8256282,9023104	1	Stegodyphus mimosarum	Eukaryota Metazoa Arthropoda Chelicerata Arachnida Araneae Araneomorphae Entelegynae Eresoidea Eresidae Stegodyphus.
RF00005	RF00005	tRNA	full	tRNA	407821	KK113968	38062	37990	SO:0000253,GO:0030533	8256282,9023104	1	Stegodyphus mimosarum	Eukaryota Metazoa Arthropoda Chelicerata Arachnida Araneae Araneomorphae Entelegynae Eresoidea Eresidae Stegodyphus.
RF00005	RF00005	tRNA	full	tRNA	407821	KK113968	54373	54301	SO:0000253,GO:0030533	8256282,9023104	1	Stegodyphus mimosarum	Eukaryota Metazoa Arthropoda Chelicerata Arachnida Araneae Araneomorphae Entelegynae Eresoidea Eresidae Stegodyphus.
RF00005	RF00005	tRNA	full	tRNA	407821	KK113968	54872	54800	SO:0000253,GO:0030533	8256282,9023104	1	Stegodyphus mimosarum	Eukaryota Metazoa Arthropoda Chelicerata Arachnida Araneae Araneomorphae Entelegynae Eresoidea Eresidae Stegodyphus.
RF00005	RF00005	tRNA	full	tRNA	407821	KK113969	138543	138471	SO:0000253,GO:0030533	8256282,9023104	1	Stegodyphus mimosarum	Eukaryota Metazoa Arthropoda Chelicerata Arachnida Araneae Araneomorphae Entelegynae Eresoidea Eresidae Stegodyphus.
RF00005	RF00005	tRNA	full	tRNA	407821	KK113969	161486	161558	SO:0000253,GO:0030533	8256282,9023104	1	Stegodyphus mimosarum	Eukaryota Metazoa Arthropoda Chelicerata Arachnida Araneae Araneomorphae Entelegynae Eresoidea Eresidae Stegodyphus.
RF00005	RF00005	tRNA	full	tRNA	407821	KK113969	174670	174598	SO:0000253,GO:0030533	8256282,9023104	1	Stegodyphus mimosarum	Eukaryota Metazoa Arthropoda Chelicerata Arachnida Araneae Araneomorphae Entelegynae Eresoidea Eresidae Stegodyphus.
RF00005	RF00005	tRNA	full	tRNA	407821	KK113969	175813	175884	SO:0000253,GO:0030533	8256282,9023104	1	Stegodyphus mimosarum	Eukaryota Metazoa Arthropoda Chelicerata Arachnida Araneae Araneomorphae Entelegynae Eresoidea Eresidae Stegodyphus.
RF00005	RF00005	tRNA	full	tRNA	407821	KK113969	192446	192518	SO:0000253,GO:0030533	8256282,9023104	1	Stegodyphus mimosarum	Eukaryota Metazoa Arthropoda Chelicerata Arachnida Araneae Araneomorphae Entelegynae Eresoidea Eresidae Stegodyphus.
RF00005	RF00005	tRNA	full	tRNA	407821	KK113969	192700	192772	SO:0000253,GO:0030533	8256282,9023104	1	Stegodyphus mimosarum	Eukaryota Metazoa Arthropoda Chelicerata Arachnida Araneae Araneomorphae Entelegynae Eresoidea Eresidae Stegodyphus.
RF00005	RF00005	tRNA	full	tRNA	407821	KK113969	218163	218235	SO:0000253,GO:0030533	8256282,9023104	1	Stegodyphus mimosarum	Eukaryota Metazoa Arthropoda Chelicerata Arachnida Araneae Araneomorphae Entelegynae Eresoidea Eresidae Stegodyphus.
RF00005	RF00005	tRNA	full	tRNA	407821	KK113969	278366	278436	SO:0000253,GO:0030533	8256282,9023104	1	Stegodyphus mimosarum	Eukaryota Metazoa Arthropoda Chelicerata Arachnida Araneae Araneomorphae Entelegynae Eresoidea Eresidae Stegodyphus.
RF00005	RF00005	tRNA	full	tRNA	407821	KK113969	328298	328227	SO:0000253,GO:0030533	8256282,9023104	1	Stegodyphus mimosarum	Eukaryota Metazoa Arthropoda Chelicerata Arachnida Araneae Araneomorphae Entelegynae Eresoidea Eresidae Stegodyphus.
RF00005	RF00005	tRNA	full	tRNA	407821	KK113969	328733	328662	SO:0000253,GO:0030533	8256282,9023104	1	Stegodyphus mimosarum	Eukaryota Metazoa Arthropoda Chelicerata Arachnida Araneae Araneomorphae Entelegynae Eresoidea Eresidae Stegodyphus.
RF00005	RF00005	tRNA	full	tRNA	407821	KK113969	333112	333184	SO:0000253,GO:0030533	8256282,9023104	1	Stegodyphus mimosarum	Eukaryota Metazoa Arthropoda Chelicerata Arachnida Araneae Araneomorphae Entelegynae Eresoidea Eresidae Stegodyphus.
RF00005	RF00005	tRNA	full	tRNA	407821	KK113969	359136	359064	SO:0000253,GO:0030533	8256282,9023104	1	Stegodyphus mimosarum	Eukaryota Metazoa Arthropoda Chelicerata Arachnida Araneae Araneomorphae Entelegynae Eresoidea Eresidae Stegodyphus.
RF00005	RF00005	tRNA	full	tRNA	407821	KK113969	367664	367593	SO:0000253,GO:0030533	8256282,9023104	1	Stegodyphus mimosarum	Eukaryota Metazoa Arthropoda Chelicerata Arachnida Araneae Araneomorphae Entelegynae Eresoidea Eresidae Stegodyphus.
RF00005	RF00005	tRNA	full	tRNA	407821	KK113969	410455	410383	SO:0000253,GO:0030533	8256282,9023104	1	Stegodyphus mimosarum	Eukaryota Metazoa Arthropoda Chelicerata Arachnida Araneae Araneomorphae Entelegynae Eresoidea Eresidae Stegodyphus.
RF00005	RF00005	tRNA	full	tRNA	407821	KK113969	412569	412497	SO:0000253,GO:0030533	8256282,9023104	1	Stegodyphus mimosarum	Eukaryota Metazoa Arthropoda Chelicerata Arachnida Araneae Araneomorphae Entelegynae Eresoidea Eresidae Stegodyphus.
RF00005	RF00005	tRNA	full	tRNA	407821	KK113969	427406	427475	SO:0000253,GO:0030533	8256282,9023104	1	Stegodyphus mimosarum	Eukaryota Metazoa Arthropoda Chelicerata Arachnida Araneae Araneomorphae Entelegynae Eresoidea Eresidae Stegodyphus.
RF00005	RF00005	tRNA	full	tRNA	407821	KK113969	563431	563359	SO:0000253,GO:0030533	8256282,9023104	1	Stegodyphus mimosarum	Eukaryota Metazoa Arthropoda Chelicerata Arachnida Araneae Araneomorphae Entelegynae Eresoidea Eresidae Stegodyphus.
RF00005	RF00005	tRNA	full	tRNA	407821	KK113969	563684	563612	SO:0000253,GO:0030533	8256282,9023104	1	Stegodyphus mimosarum	Eukaryota Metazoa Arthropoda Chelicerata Arachnida Araneae Araneomorphae Entelegynae Eresoidea Eresidae Stegodyphus.
RF00005	RF00005	tRNA	full	tRNA	407821	KK113969	594390	594462	SO:0000253,GO:0030533	8256282,9023104	1	Stegodyphus mimosarum	Eukaryota Metazoa Arthropoda Chelicerata Arachnida Araneae Araneomorphae Entelegynae Eresoidea Eresidae Stegodyphus.
RF00005	RF00005	tRNA	full	tRNA	407821	KK113969	594644	594716	SO:0000253,GO:0030533	8256282,9023104	1	Stegodyphus mimosarum	Eukaryota Metazoa Arthropoda Chelicerata Arachnida Araneae Araneomorphae Entelegynae Eresoidea Eresidae Stegodyphus.
RF00005	RF00005	tRNA	full	tRNA	407821	KK113969	625699	625771	SO:0000253,GO:0030533	8256282,9023104	1	Stegodyphus mimosarum	Eukaryota Metazoa Arthropoda Chelicerata Arachnida Araneae Araneomorphae Entelegynae Eresoidea Eresidae Stegodyphus.
RF00005	RF00005	tRNA	full	tRNA	407821	KK113969	680488	680560	SO:0000253,GO:0030533	8256282,9023104	1	Stegodyphus mimosarum	Eukaryota Metazoa Arthropoda Chelicerata Arachnida Araneae Araneomorphae Entelegynae Eresoidea Eresidae Stegodyphus.
RF00005	RF00005	tRNA	full	tRNA	407821	KK113969	690154	690226	SO:0000253,GO:0030533	8256282,9023104	1	Stegodyphus mimosarum	Eukaryota Metazoa Arthropoda Chelicerata Arachnida Araneae Araneomorphae Entelegynae Eresoidea Eresidae Stegodyphus.
RF00005	RF00005	tRNA	full	tRNA	407821	KK113970	42769	42841	SO:0000253,GO:0030533	8256282,9023104	1	Stegodyphus mimosarum	Eukaryota Metazoa Arthropoda Chelicerata Arachnida Araneae Araneomorphae Entelegynae Eresoidea Eresidae Stegodyphus.
RF00005	RF00005	tRNA	full	tRNA	407821	KK113970	43022	43094	SO:0000253,GO:0030533	8256282,9023104	1	Stegodyphus mimosarum	Eukaryota Metazoa Arthropoda Chelicerata Arachnida Araneae Araneomorphae Entelegynae Eresoidea Eresidae Stegodyphus.
RF00005	RF00005	tRNA	full	tRNA	407821	KK113970	70288	70216	SO:0000253,GO:0030533	8256282,9023104	1	Stegodyphus mimosarum	Eukaryota Metazoa Arthropoda Chelicerata Arachnida Araneae Araneomorphae Entelegynae Eresoidea Eresidae Stegodyphus.
RF00005	RF00005	tRNA	full	tRNA	407821	KK113970	224726	224654	SO:0000253,GO:0030533	8256282,9023104	1	Stegodyphus mimosarum	Eukaryota Metazoa Arthropoda Chelicerata Arachnida Araneae Araneomorphae Entelegynae Eresoidea Eresidae Stegodyphus.
RF00005	RF00005	tRNA	full	tRNA	407821	KK113970	315960	315888	SO:0000253,GO:0030533	8256282,9023104	1	Stegodyphus mimosarum	Eukaryota Metazoa Arthropoda Chelicerata Arachnida Araneae Araneomorphae Entelegynae Eresoidea Eresidae Stegodyphus.
RF00005	RF00005	tRNA	full	tRNA	407821	KK113970	316212	316140	SO:0000253,GO:0030533	8256282,9023104	1	Stegodyphus mimosarum	Eukaryota Metazoa Arthropoda Chelicerata Arachnida Araneae Araneomorphae Entelegynae Eresoidea Eresidae Stegodyphus.
RF00005	RF00005	tRNA	full	tRNA	407821	KK113970	399395	399467	SO:0000253,GO:0030533	8256282,9023104	1	Stegodyphus mimosarum	Eukaryota Metazoa Arthropoda Chelicerata Arachnida Araneae Araneomorphae Entelegynae Eresoidea Eresidae Stegodyphus.
RF00005	RF00005	tRNA	full	tRNA	407821	KK113970	408720	408648	SO:0000253,GO:0030533	8256282,9023104	1	Stegodyphus mimosarum	Eukaryota Metazoa Arthropoda Chelicerata Arachnida Araneae Araneomorphae Entelegynae Eresoidea Eresidae Stegodyphus.
RF00005	RF00005	tRNA	full	tRNA	407821	KK113970	455788	455860	SO:0000253,GO:0030533	8256282,9023104	1	Stegodyphus mimosarum	Eukaryota Metazoa Arthropoda Chelicerata Arachnida Araneae Araneomorphae Entelegynae Eresoidea Eresidae Stegodyphus.
RF00005	RF00005	tRNA	full	tRNA	407821	KK113970	461676	461604	SO:0000253,GO:0030533	8256282,9023104	1	Stegodyphus mimosarum	Eukaryota Metazoa Arthropoda Chelicerata Arachnida Araneae Araneomorphae Entelegynae Eresoidea Eresidae Stegodyphus.
RF00005	RF00005	tRNA	full	tRNA	407821	KK113970	466600	466528	SO:0000253,GO:0030533	8256282,9023104	1	Stegodyphus mimosarum	Eukaryota Metazoa Arthropoda Chelicerata Arachnida Araneae Araneomorphae Entelegynae Eresoidea Eresidae Stegodyphus.
RF00005	RF00005	tRNA	full	tRNA	407821	KK113970	466838	466766	SO:0000253,GO:0030533	8256282,9023104	1	Stegodyphus mimosarum	Eukaryota Metazoa Arthropoda Chelicerata Arachnida Araneae Araneomorphae Entelegynae Eresoidea Eresidae Stegodyphus.
RF00005	RF00005	tRNA	full	tRNA	407821	KK113970	540209	540137	SO:0000253,GO:0030533	8256282,9023104	1	Stegodyphus mimosarum	Eukaryota Metazoa Arthropoda Chelicerata Arachnida Araneae Araneomorphae Entelegynae Eresoidea Eresidae Stegodyphus.
RF00005	RF00005	tRNA	full	tRNA	407821	KK113970	540464	540392	SO:0000253,GO:0030533	8256282,9023104	1	Stegodyphus mimosarum	Eukaryota Metazoa Arthropoda Chelicerata Arachnida Araneae Araneomorphae Entelegynae Eresoidea Eresidae Stegodyphus.
RF00005	RF00005	tRNA	full	tRNA	407821	KK113970	551577	551505	SO:0000253,GO:0030533	8256282,9023104	1	Stegodyphus mimosarum	Eukaryota Metazoa Arthropoda Chelicerata Arachnida Araneae Araneomorphae Entelegynae Eresoidea Eresidae Stegodyphus.
RF00005	RF00005	tRNA	full	tRNA	407821	KK113970	551831	551759	SO:0000253,GO:0030533	8256282,9023104	1	Stegodyphus mimosarum	Eukaryota Metazoa Arthropoda Chelicerata Arachnida Araneae Araneomorphae Entelegynae Eresoidea Eresidae Stegodyphus.
RF00005	RF00005	tRNA	full	tRNA	407821	KK113970	552089	552017	SO:0000253,GO:0030533	8256282,9023104	1	Stegodyphus mimosarum	Eukaryota Metazoa Arthropoda Chelicerata Arachnida Araneae Araneomorphae Entelegynae Eresoidea Eresidae Stegodyphus.
RF00005	RF00005	tRNA	full	tRNA	407821	KK113971	106604	106532	SO:0000253,GO:0030533	8256282,9023104	1	Stegodyphus mimosarum	Eukaryota Metazoa Arthropoda Chelicerata Arachnida Araneae Araneomorphae Entelegynae Eresoidea Eresidae Stegodyphus.
RF00005	RF00005	tRNA	full	tRNA	407821	KK113971	106858	106786	SO:0000253,GO:0030533	8256282,9023104	1	Stegodyphus mimosarum	Eukaryota Metazoa Arthropoda Chelicerata Arachnida Araneae Araneomorphae Entelegynae Eresoidea Eresidae Stegodyphus.
RF00005	RF00005	tRNA	full	tRNA	407821	KK113971	121043	120971	SO:0000253,GO:0030533	8256282,9023104	1	Stegodyphus mimosarum	Eukaryota Metazoa Arthropoda Chelicerata Arachnida Araneae Araneomorphae Entelegynae Eresoidea Eresidae Stegodyphus.
RF00005	RF00005	tRNA	full	tRNA	407821	KK113971	121297	121225	SO:0000253,GO:0030533	8256282,9023104	1	Stegodyphus mimosarum	Eukaryota Metazoa Arthropoda Chelicerata Arachnida Araneae Araneomorphae Entelegynae Eresoidea Eresidae Stegodyphus.
RF00005	RF00005	tRNA	full	tRNA	407821	KK113971	132173	132243	SO:0000253,GO:0030533	8256282,9023104	1	Stegodyphus mimosarum	Eukaryota Metazoa Arthropoda Chelicerata Arachnida Araneae Araneomorphae Entelegynae Eresoidea Eresidae Stegodyphus.
RF00005	RF00005	tRNA	full	tRNA	407821	KK113971	162461	162529	SO:0000253,GO:0030533	8256282,9023104	1	Stegodyphus mimosarum	Eukaryota Metazoa Arthropoda Chelicerata Arachnida Araneae Araneomorphae Entelegynae Eresoidea Eresidae Stegodyphus.
RF00005	RF00005	tRNA	full	tRNA	407821	KK113972	14311	14381	SO:0000253,GO:0030533	8256282,9023104	1	Stegodyphus mimosarum	Eukaryota Metazoa Arthropoda Chelicerata Arachnida Araneae Araneomorphae Entelegynae Eresoidea Eresidae Stegodyphus.
RF00005	RF00005	tRNA	full	tRNA	407821	KK113972	19480	19552	SO:0000253,GO:0030533	8256282,9023104	1	Stegodyphus mimosarum	Eukaryota Metazoa Arthropoda Chelicerata Arachnida Araneae Araneomorphae Entelegynae Eresoidea Eresidae Stegodyphus.
RF00005	RF00005	tRNA	full	tRNA	407821	KK113972	29749	29666	SO:0000253,GO:0030533	8256282,9023104	1	Stegodyphus mimosarum	Eukaryota Metazoa Arthropoda Chelicerata Arachnida Araneae Araneomorphae Entelegynae Eresoidea Eresidae Stegodyphus.
RF00005	RF00005	tRNA	full	tRNA	407821	KK113973	30901	30829	SO:0000253,GO:0030533	8256282,9023104	1	Stegodyphus mimosarum	Eukaryota Metazoa Arthropoda Chelicerata Arachnida Araneae Araneomorphae Entelegynae Eresoidea Eresidae Stegodyphus.
RF00005	RF00005	tRNA	full	tRNA	407821	KK113973	31146	31074	SO:0000253,GO:0030533	8256282,9023104	1	Stegodyphus mimosarum	Eukaryota Metazoa Arthropoda Chelicerata Arachnida Araneae Araneomorphae Entelegynae Eresoidea Eresidae Stegodyphus.
RF00005	RF00005	tRNA	full	tRNA	407821	KK113973	34504	34576	SO:0000253,GO:0030533	8256282,9023104	1	Stegodyphus mimosarum	Eukaryota Metazoa Arthropoda Chelicerata Arachnida Araneae Araneomorphae Entelegynae Eresoidea Eresidae Stegodyphus.
RF00005	RF00005	tRNA	full	tRNA	407821	KK113975	160000	159928	SO:0000253,GO:0030533	8256282,9023104	1	Stegodyphus mimosarum	Eukaryota Metazoa Arthropoda Chelicerata Arachnida Araneae Araneomorphae Entelegynae Eresoidea Eresidae Stegodyphus.
RF00005	RF00005	tRNA	full	tRNA	407821	KK113975	267538	267466	SO:0000253,GO:0030533	8256282,9023104	1	Stegodyphus mimosarum	Eukaryota Metazoa Arthropoda Chelicerata Arachnida Araneae Araneomorphae Entelegynae Eresoidea Eresidae Stegodyphus.
RF00005	RF00005	tRNA	full	tRNA	407821	KK113975	267801	267729	SO:0000253,GO:0030533	8256282,9023104	1	Stegodyphus mimosarum	Eukaryota Metazoa Arthropoda Chelicerata Arachnida Araneae Araneomorphae Entelegynae Eresoidea Eresidae Stegodyphus.
RF00005	RF00005	tRNA	full	tRNA	407821	KK113975	319807	319735	SO:0000253,GO:0030533	8256282,9023104	1	Stegodyphus mimosarum	Eukaryota Metazoa Arthropoda Chelicerata Arachnida Araneae Araneomorphae Entelegynae Eresoidea Eresidae Stegodyphus.
RF00005	RF00005	tRNA	full	tRNA	407821	KK113976	117764	117836	SO:0000253,GO:0030533	8256282,9023104	1	Stegodyphus mimosarum	Eukaryota Metazoa Arthropoda Chelicerata Arachnida Araneae Araneomorphae Entelegynae Eresoidea Eresidae Stegodyphus.
RF00005	RF00005	tRNA	full	tRNA	407821	KK113977	12394	12322	SO:0000253,GO:0030533	8256282,9023104	1	Stegodyphus mimosarum	Eukaryota Metazoa Arthropoda Chelicerata Arachnida Araneae Araneomorphae Entelegynae Eresoidea Eresidae Stegodyphus.
RF00005	RF00005	tRNA	full	tRNA	407821	KK113977	15254	15182	SO:0000253,GO:0030533	8256282,9023104	1	Stegodyphus mimosarum	Eukaryota Metazoa Arthropoda Chelicerata Arachnida Araneae Araneomorphae Entelegynae Eresoidea Eresidae Stegodyphus.
RF00005	RF00005	tRNA	full	tRNA	407821	KK113977	15507	15435	SO:0000253,GO:0030533	8256282,9023104	1	Stegodyphus mimosarum	Eukaryota Metazoa Arthropoda Chelicerata Arachnida Araneae Araneomorphae Entelegynae Eresoidea Eresidae Stegodyphus.
RF00005	RF00005	tRNA	full	tRNA	407821	KK113977	115526	115454	SO:0000253,GO:0030533	8256282,9023104	1	Stegodyphus mimosarum	Eukaryota Metazoa Arthropoda Chelicerata Arachnida Araneae Araneomorphae Entelegynae Eresoidea Eresidae Stegodyphus.
RF00005	RF00005	tRNA	full	tRNA	407821	KK113977	115767	115695	SO:0000253,GO:0030533	8256282,9023104	1	Stegodyphus mimosarum	Eukaryota Metazoa Arthropoda Chelicerata Arachnida Araneae Araneomorphae Entelegynae Eresoidea Eresidae Stegodyphus.
RF00005	RF00005	tRNA	full	tRNA	407821	KK113978	12969	13041	SO:0000253,GO:0030533	8256282,9023104	1	Stegodyphus mimosarum	Eukaryota Metazoa Arthropoda Chelicerata Arachnida Araneae Araneomorphae Entelegynae Eresoidea Eresidae Stegodyphus.
RF00005	RF00005	tRNA	full	tRNA	407821	KK113978	13221	13293	SO:0000253,GO:0030533	8256282,9023104	1	Stegodyphus mimosarum	Eukaryota Metazoa Arthropoda Chelicerata Arachnida Araneae Araneomorphae Entelegynae Eresoidea Eresidae Stegodyphus.
RF00005	RF00005	tRNA	full	tRNA	407821	KK113980	10109	10181	SO:0000253,GO:0030533	8256282,9023104	1	Stegodyphus mimosarum	Eukaryota Metazoa Arthropoda Chelicerata Arachnida Araneae Araneomorphae Entelegynae Eresoidea Eresidae Stegodyphus.
RF00005	RF00005	tRNA	full	tRNA	407821	KK113980	48902	48830	SO:0000253,GO:0030533	8256282,9023104	1	Stegodyphus mimosarum	Eukaryota Metazoa Arthropoda Chelicerata Arachnida Araneae Araneomorphae Entelegynae Eresoidea Eresidae Stegodyphus.
RF00005	RF00005	tRNA	full	tRNA	407821	KK113980	49155	49083	SO:0000253,GO:0030533	8256282,9023104	1	Stegodyphus mimosarum	Eukaryota Metazoa Arthropoda Chelicerata Arachnida Araneae Araneomorphae Entelegynae Eresoidea Eresidae Stegodyphus.
RF00005	RF00005	tRNA	full	tRNA	407821	KK113980	91703	91775	SO:0000253,GO:0030533	8256282,9023104	1	Stegodyphus mimosarum	Eukaryota Metazoa Arthropoda Chelicerata Arachnida Araneae Araneomorphae Entelegynae Eresoidea Eresidae Stegodyphus.
RF00005	RF00005	tRNA	full	tRNA	407821	KK113980	93138	93066	SO:0000253,GO:0030533	8256282,9023104	1	Stegodyphus mimosarum	Eukaryota Metazoa Arthropoda Chelicerata Arachnida Araneae Araneomorphae Entelegynae Eresoidea Eresidae Stegodyphus.
RF00005	RF00005	tRNA	full	tRNA	407821	KK113982	21595	21667	SO:0000253,GO:0030533	8256282,9023104	1	Stegodyphus mimosarum	Eukaryota Metazoa Arthropoda Chelicerata Arachnida Araneae Araneomorphae Entelegynae Eresoidea Eresidae Stegodyphus.
RF00005	RF00005	tRNA	full	tRNA	407821	KK113982	32203	32131	SO:0000253,GO:0030533	8256282,9023104	1	Stegodyphus mimosarum	Eukaryota Metazoa Arthropoda Chelicerata Arachnida Araneae Araneomorphae Entelegynae Eresoidea Eresidae Stegodyphus.
RF00005	RF00005	tRNA	full	tRNA	407821	KK113982	32447	32375	SO:0000253,GO:0030533	8256282,9023104	1	Stegodyphus mimosarum	Eukaryota Metazoa Arthropoda Chelicerata Arachnida Araneae Araneomorphae Entelegynae Eresoidea Eresidae Stegodyphus.
RF00005	RF00005	tRNA	full	tRNA	407821	KK113982	32700	32628	SO:0000253,GO:0030533	8256282,9023104	1	Stegodyphus mimosarum	Eukaryota Metazoa Arthropoda Chelicerata Arachnida Araneae Araneomorphae Entelegynae Eresoidea Eresidae Stegodyphus.
RF00005	RF00005	tRNA	full	tRNA	407821	KK113982	88934	88865	SO:0000253,GO:0030533	8256282,9023104	1	Stegodyphus mimosarum	Eukaryota Metazoa Arthropoda Chelicerata Arachnida Araneae Araneomorphae Entelegynae Eresoidea Eresidae Stegodyphus.
RF00005	RF00005	tRNA	full	tRNA	407821	KK113982	89169	89097	SO:0000253,GO:0030533	8256282,9023104	1	Stegodyphus mimosarum	Eukaryota Metazoa Arthropoda Chelicerata Arachnida Araneae Araneomorphae Entelegynae Eresoidea Eresidae Stegodyphus.
RF00005	RF00005	tRNA	full	tRNA	407821	KK113982	166068	165998	SO:0000253,GO:0030533	8256282,9023104	1	Stegodyphus mimosarum	Eukaryota Metazoa Arthropoda Chelicerata Arachnida Araneae Araneomorphae Entelegynae Eresoidea Eresidae Stegodyphus.
RF00005	RF00005	tRNA	full	tRNA	407821	KK113982	251132	251204	SO:0000253,GO:0030533	8256282,9023104	1	Stegodyphus mimosarum	Eukaryota Metazoa Arthropoda Chelicerata Arachnida Araneae Araneomorphae Entelegynae Eresoidea Eresidae Stegodyphus.
RF00005	RF00005	tRNA	full	tRNA	407821	KK113982	262478	262550	SO:0000253,GO:0030533	8256282,9023104	1	Stegodyphus mimosarum	Eukaryota Metazoa Arthropoda Chelicerata Arachnida Araneae Araneomorphae Entelegynae Eresoidea Eresidae Stegodyphus.
RF00005	RF00005	tRNA	full	tRNA	407821	KK113983	146913	146985	SO:0000253,GO:0030533	8256282,9023104	1	Stegodyphus mimosarum	Eukaryota Metazoa Arthropoda Chelicerata Arachnida Araneae Araneomorphae Entelegynae Eresoidea Eresidae Stegodyphus.
RF00005	RF00005	tRNA	full	tRNA	407821	KK113986	50669	50741	SO:0000253,GO:0030533	8256282,9023104	1	Stegodyphus mimosarum	Eukaryota Metazoa Arthropoda Chelicerata Arachnida Araneae Araneomorphae Entelegynae Eresoidea Eresidae Stegodyphus.
RF00005	RF00005	tRNA	full	tRNA	407821	KK113987	730	802	SO:0000253,GO:0030533	8256282,9023104	1	Stegodyphus mimosarum	Eukaryota Metazoa Arthropoda Chelicerata Arachnida Araneae Araneomorphae Entelegynae Eresoidea Eresidae Stegodyphus.
RF00005	RF00005	tRNA	full	tRNA	407821	KK113987	7809	7738	SO:0000253,GO:0030533	8256282,9023104	1	Stegodyphus mimosarum	Eukaryota Metazoa Arthropoda Chelicerata Arachnida Araneae Araneomorphae Entelegynae Eresoidea Eresidae Stegodyphus.
RF00005	RF00005	tRNA	full	tRNA	407821	KK113991	17505	17433	SO:0000253,GO:0030533	8256282,9023104	1	Stegodyphus mimosarum	Eukaryota Metazoa Arthropoda Chelicerata Arachnida Araneae Araneomorphae Entelegynae Eresoidea Eresidae Stegodyphus.
RF00005	RF00005	tRNA	full	tRNA	407821	KK113991	17766	17694	SO:0000253,GO:0030533	8256282,9023104	1	Stegodyphus mimosarum	Eukaryota Metazoa Arthropoda Chelicerata Arachnida Araneae Araneomorphae Entelegynae Eresoidea Eresidae Stegodyphus.
RF00005	RF00005	tRNA	full	tRNA	407821	KK113991	37935	37863	SO:0000253,GO:0030533	8256282,9023104	1	Stegodyphus mimosarum	Eukaryota Metazoa Arthropoda Chelicerata Arachnida Araneae Araneomorphae Entelegynae Eresoidea Eresidae Stegodyphus.
RF00005	RF00005	tRNA	full	tRNA	407821	KK113991	39886	39958	SO:0000253,GO:0030533	8256282,9023104	1	Stegodyphus mimosarum	Eukaryota Metazoa Arthropoda Chelicerata Arachnida Araneae Araneomorphae Entelegynae Eresoidea Eresidae Stegodyphus.
RF00005	RF00005	tRNA	full	tRNA	407821	KK113991	42417	42345	SO:0000253,GO:0030533	8256282,9023104	1	Stegodyphus mimosarum	Eukaryota Metazoa Arthropoda Chelicerata Arachnida Araneae Araneomorphae Entelegynae Eresoidea Eresidae Stegodyphus.
RF00005	RF00005	tRNA	full	tRNA	407821	KK113991	59098	59026	SO:0000253,GO:0030533	8256282,9023104	1	Stegodyphus mimosarum	Eukaryota Metazoa Arthropoda Chelicerata Arachnida Araneae Araneomorphae Entelegynae Eresoidea Eresidae Stegodyphus.
RF00005	RF00005	tRNA	full	tRNA	407821	KK113991	72664	72592	SO:0000253,GO:0030533	8256282,9023104	1	Stegodyphus mimosarum	Eukaryota Metazoa Arthropoda Chelicerata Arachnida Araneae Araneomorphae Entelegynae Eresoidea Eresidae Stegodyphus.
RF00005	RF00005	tRNA	full	tRNA	407821	KK113991	98423	98494	SO:0000253,GO:0030533	8256282,9023104	1	Stegodyphus mimosarum	Eukaryota Metazoa Arthropoda Chelicerata Arachnida Araneae Araneomorphae Entelegynae Eresoidea Eresidae Stegodyphus.
RF00005	RF00005	tRNA	full	tRNA	407821	KK113991	117673	117601	SO:0000253,GO:0030533	8256282,9023104	1	Stegodyphus mimosarum	Eukaryota Metazoa Arthropoda Chelicerata Arachnida Araneae Araneomorphae Entelegynae Eresoidea Eresidae Stegodyphus.
RF00005	RF00005	tRNA	full	tRNA	407821	KK113991	335472	335544	SO:0000253,GO:0030533	8256282,9023104	1	Stegodyphus mimosarum	Eukaryota Metazoa Arthropoda Chelicerata Arachnida Araneae Araneomorphae Entelegynae Eresoidea Eresidae Stegodyphus.
RF00005	RF00005	tRNA	full	tRNA	407821	KK113991	335728	335800	SO:0000253,GO:0030533	8256282,9023104	1	Stegodyphus mimosarum	Eukaryota Metazoa Arthropoda Chelicerata Arachnida Araneae Araneomorphae Entelegynae Eresoidea Eresidae Stegodyphus.
RF00005	RF00005	tRNA	full	tRNA	407821	KK113991	431316	431244	SO:0000253,GO:0030533	8256282,9023104	1	Stegodyphus mimosarum	Eukaryota Metazoa Arthropoda Chelicerata Arachnida Araneae Araneomorphae Entelegynae Eresoidea Eresidae Stegodyphus.
RF00005	RF00005	tRNA	full	tRNA	407821	KK113991	431569	431497	SO:0000253,GO:0030533	8256282,9023104	1	Stegodyphus mimosarum	Eukaryota Metazoa Arthropoda Chelicerata Arachnida Araneae Araneomorphae Entelegynae Eresoidea Eresidae Stegodyphus.
RF00005	RF00005	tRNA	full	tRNA	407821	KK113992	113574	113646	SO:0000253,GO:0030533	8256282,9023104	1	Stegodyphus mimosarum	Eukaryota Metazoa Arthropoda Chelicerata Arachnida Araneae Araneomorphae Entelegynae Eresoidea Eresidae Stegodyphus.
RF00005	RF00005	tRNA	full	tRNA	407821	KK113992	163317	163376	SO:0000253,GO:0030533	8256282,9023104	1	Stegodyphus mimosarum	Eukaryota Metazoa Arthropoda Chelicerata Arachnida Araneae Araneomorphae Entelegynae Eresoidea Eresidae Stegodyphus.
RF00005	RF00005	tRNA	full	tRNA	407821	KK113992	206405	206476	SO:0000253,GO:0030533	8256282,9023104	1	Stegodyphus mimosarum	Eukaryota Metazoa Arthropoda Chelicerata Arachnida Araneae Araneomorphae Entelegynae Eresoidea Eresidae Stegodyphus.
RF00005	RF00005	tRNA	full	tRNA	407821	KK113993	24193	24265	SO:0000253,GO:0030533	8256282,9023104	1	Stegodyphus mimosarum	Eukaryota Metazoa Arthropoda Chelicerata Arachnida Araneae Araneomorphae Entelegynae Eresoidea Eresidae Stegodyphus.
RF00005	RF00005	tRNA	full	tRNA	407821	KK113993	34070	34142	SO:0000253,GO:0030533	8256282,9023104	1	Stegodyphus mimosarum	Eukaryota Metazoa Arthropoda Chelicerata Arachnida Araneae Araneomorphae Entelegynae Eresoidea Eresidae Stegodyphus.
RF00005	RF00005	tRNA	full	tRNA	407821	KK113993	134213	134285	SO:0000253,GO:0030533	8256282,9023104	1	Stegodyphus mimosarum	Eukaryota Metazoa Arthropoda Chelicerata Arachnida Araneae Araneomorphae Entelegynae Eresoidea Eresidae Stegodyphus.
RF00005	RF00005	tRNA	full	tRNA	407821	KK113993	134466	134538	SO:0000253,GO:0030533	8256282,9023104	1	Stegodyphus mimosarum	Eukaryota Metazoa Arthropoda Chelicerata Arachnida Araneae Araneomorphae Entelegynae Eresoidea Eresidae Stegodyphus.
RF00005	RF00005	tRNA	full	tRNA	407821	KK113994	89427	89356	SO:0000253,GO:0030533	8256282,9023104	1	Stegodyphus mimosarum	Eukaryota Metazoa Arthropoda Chelicerata Arachnida Araneae Araneomorphae Entelegynae Eresoidea Eresidae Stegodyphus.
RF00005	RF00005	tRNA	full	tRNA	407821	KK113994	257194	257124	SO:0000253,GO:0030533	8256282,9023104	1	Stegodyphus mimosarum	Eukaryota Metazoa Arthropoda Chelicerata Arachnida Araneae Araneomorphae Entelegynae Eresoidea Eresidae Stegodyphus.
RF00005	RF00005	tRNA	full	tRNA	407821	KK113994	264141	264069	SO:0000253,GO:0030533	8256282,9023104	1	Stegodyphus mimosarum	Eukaryota Metazoa Arthropoda Chelicerata Arachnida Araneae Araneomorphae Entelegynae Eresoidea Eresidae Stegodyphus.
RF00005	RF00005	tRNA	full	tRNA	407821	KK113994	311825	311753	SO:0000253,GO:0030533	8256282,9023104	1	Stegodyphus mimosarum	Eukaryota Metazoa Arthropoda Chelicerata Arachnida Araneae Araneomorphae Entelegynae Eresoidea Eresidae Stegodyphus.
RF00005	RF00005	tRNA	full	tRNA	407821	KK113994	516731	516659	SO:0000253,GO:0030533	8256282,9023104	1	Stegodyphus mimosarum	Eukaryota Metazoa Arthropoda Chelicerata Arachnida Araneae Araneomorphae Entelegynae Eresoidea Eresidae Stegodyphus.
RF00005	RF00005	tRNA	full	tRNA	407821	KK113994	516984	516912	SO:0000253,GO:0030533	8256282,9023104	1	Stegodyphus mimosarum	Eukaryota Metazoa Arthropoda Chelicerata Arachnida Araneae Araneomorphae Entelegynae Eresoidea Eresidae Stegodyphus.
RF00005	RF00005	tRNA	full	tRNA	407821	KK113996	12226	12297	SO:0000253,GO:0030533	8256282,9023104	1	Stegodyphus mimosarum	Eukaryota Metazoa Arthropoda Chelicerata Arachnida Araneae Araneomorphae Entelegynae Eresoidea Eresidae Stegodyphus.
RF00005	RF00005	tRNA	full	tRNA	407821	KK113996	12493	12564	SO:0000253,GO:0030533	8256282,9023104	1	Stegodyphus mimosarum	Eukaryota Metazoa Arthropoda Chelicerata Arachnida Araneae Araneomorphae Entelegynae Eresoidea Eresidae Stegodyphus.
RF00005	RF00005	tRNA	full	tRNA	407821	KK113996	28201	28129	SO:0000253,GO:0030533	8256282,9023104	1	Stegodyphus mimosarum	Eukaryota Metazoa Arthropoda Chelicerata Arachnida Araneae Araneomorphae Entelegynae Eresoidea Eresidae Stegodyphus.
RF00005	RF00005	tRNA	full	tRNA	407821	KK113996	28432	28360	SO:0000253,GO:0030533	8256282,9023104	1	Stegodyphus mimosarum	Eukaryota Metazoa Arthropoda Chelicerata Arachnida Araneae Araneomorphae Entelegynae Eresoidea Eresidae Stegodyphus.
RF00005	RF00005	tRNA	full	tRNA	407821	KK113996	40461	40389	SO:0000253,GO:0030533	8256282,9023104	1	Stegodyphus mimosarum	Eukaryota Metazoa Arthropoda Chelicerata Arachnida Araneae Araneomorphae Entelegynae Eresoidea Eresidae Stegodyphus.
RF00005	RF00005	tRNA	full	tRNA	407821	KK113997	5017	4945	SO:0000253,GO:0030533	8256282,9023104	1	Stegodyphus mimosarum	Eukaryota Metazoa Arthropoda Chelicerata Arachnida Araneae Araneomorphae Entelegynae Eresoidea Eresidae Stegodyphus.
RF00005	RF00005	tRNA	full	tRNA	407821	KK113997	8062	7990	SO:0000253,GO:0030533	8256282,9023104	1	Stegodyphus mimosarum	Eukaryota Metazoa Arthropoda Chelicerata Arachnida Araneae Araneomorphae Entelegynae Eresoidea Eresidae Stegodyphus.
RF00005	RF00005	tRNA	full	tRNA	407821	KK113997	40327	40255	SO:0000253,GO:0030533	8256282,9023104	1	Stegodyphus mimosarum	Eukaryota Metazoa Arthropoda Chelicerata Arachnida Araneae Araneomorphae Entelegynae Eresoidea Eresidae Stegodyphus.
RF00005	RF00005	tRNA	full	tRNA	407821	KK113997	40573	40501	SO:0000253,GO:0030533	8256282,9023104	1	Stegodyphus mimosarum	Eukaryota Metazoa Arthropoda Chelicerata Arachnida Araneae Araneomorphae Entelegynae Eresoidea Eresidae Stegodyphus.
RF00005	RF00005	tRNA	full	tRNA	407821	KK113997	68418	68346	SO:0000253,GO:0030533	8256282,9023104	1	Stegodyphus mimosarum	Eukaryota Metazoa Arthropoda Chelicerata Arachnida Araneae Araneomorphae Entelegynae Eresoidea Eresidae Stegodyphus.
RF00005	RF00005	tRNA	full	tRNA	407821	KK113997	93125	93197	SO:0000253,GO:0030533	8256282,9023104	1	Stegodyphus mimosarum	Eukaryota Metazoa Arthropoda Chelicerata Arachnida Araneae Araneomorphae Entelegynae Eresoidea Eresidae Stegodyphus.
RF00005	RF00005	tRNA	full	tRNA	407821	KK113999	43559	43487	SO:0000253,GO:0030533	8256282,9023104	1	Stegodyphus mimosarum	Eukaryota Metazoa Arthropoda Chelicerata Arachnida Araneae Araneomorphae Entelegynae Eresoidea Eresidae Stegodyphus.
RF00005	RF00005	tRNA	full	tRNA	407821	KK113999	43815	43743	SO:0000253,GO:0030533	8256282,9023104	1	Stegodyphus mimosarum	Eukaryota Metazoa Arthropoda Chelicerata Arachnida Araneae Araneomorphae Entelegynae Eresoidea Eresidae Stegodyphus.
RF00005	RF00005	tRNA	full	tRNA	407821	KK113999	68527	68455	SO:0000253,GO:0030533	8256282,9023104	1	Stegodyphus mimosarum	Eukaryota Metazoa Arthropoda Chelicerata Arachnida Araneae Araneomorphae Entelegynae Eresoidea Eresidae Stegodyphus.
RF00005	RF00005	tRNA	full	tRNA	407821	KK113999	157397	157325	SO:0000253,GO:0030533	8256282,9023104	1	Stegodyphus mimosarum	Eukaryota Metazoa Arthropoda Chelicerata Arachnida Araneae Araneomorphae Entelegynae Eresoidea Eresidae Stegodyphus.
RF00005	RF00005	tRNA	full	tRNA	407821	KK113999	157649	157577	SO:0000253,GO:0030533	8256282,9023104	1	Stegodyphus mimosarum	Eukaryota Metazoa Arthropoda Chelicerata Arachnida Araneae Araneomorphae Entelegynae Eresoidea Eresidae Stegodyphus.
RF00005	RF00005	tRNA	full	tRNA	407821	KK113999	208960	209032	SO:0000253,GO:0030533	8256282,9023104	1	Stegodyphus mimosarum	Eukaryota Metazoa Arthropoda Chelicerata Arachnida Araneae Araneomorphae Entelegynae Eresoidea Eresidae Stegodyphus.
RF00005	RF00005	tRNA	full	tRNA	407821	KK113999	218956	219028	SO:0000253,GO:0030533	8256282,9023104	1	Stegodyphus mimosarum	Eukaryota Metazoa Arthropoda Chelicerata Arachnida Araneae Araneomorphae Entelegynae Eresoidea Eresidae Stegodyphus.
RF00005	RF00005	tRNA	full	tRNA	407821	KK113999	219213	219285	SO:0000253,GO:0030533	8256282,9023104	1	Stegodyphus mimosarum	Eukaryota Metazoa Arthropoda Chelicerata Arachnida Araneae Araneomorphae Entelegynae Eresoidea Eresidae Stegodyphus.
RF00005	RF00005	tRNA	full	tRNA	407821	KK113999	276074	276146	SO:0000253,GO:0030533	8256282,9023104	1	Stegodyphus mimosarum	Eukaryota Metazoa Arthropoda Chelicerata Arachnida Araneae Araneomorphae Entelegynae Eresoidea Eresidae Stegodyphus.
RF00005	RF00005	tRNA	full	tRNA	407821	KK114000	8518	8590	SO:0000253,GO:0030533	8256282,9023104	1	Stegodyphus mimosarum	Eukaryota Metazoa Arthropoda Chelicerata Arachnida Araneae Araneomorphae Entelegynae Eresoidea Eresidae Stegodyphus.
RF00005	RF00005	tRNA	full	tRNA	407821	KK114000	8773	8845	SO:0000253,GO:0030533	8256282,9023104	1	Stegodyphus mimosarum	Eukaryota Metazoa Arthropoda Chelicerata Arachnida Araneae Araneomorphae Entelegynae Eresoidea Eresidae Stegodyphus.
RF00005	RF00005	tRNA	full	tRNA	407821	KK114000	9013	9085	SO:0000253,GO:0030533	8256282,9023104	1	Stegodyphus mimosarum	Eukaryota Metazoa Arthropoda Chelicerata Arachnida Araneae Araneomorphae Entelegynae Eresoidea Eresidae Stegodyphus.
RF00005	RF00005	tRNA	full	tRNA	407821	KK114004	30109	30181	SO:0000253,GO:0030533	8256282,9023104	1	Stegodyphus mimosarum	Eukaryota Metazoa Arthropoda Chelicerata Arachnida Araneae Araneomorphae Entelegynae Eresoidea Eresidae Stegodyphus.
RF00005	RF00005	tRNA	full	tRNA	407821	KK114005	2549	2621	SO:0000253,GO:0030533	8256282,9023104	1	Stegodyphus mimosarum	Eukaryota Metazoa Arthropoda Chelicerata Arachnida Araneae Araneomorphae Entelegynae Eresoidea Eresidae Stegodyphus.
RF00005	RF00005	tRNA	full	tRNA	407821	KK114005	2803	2875	SO:0000253,GO:0030533	8256282,9023104	1	Stegodyphus mimosarum	Eukaryota Metazoa Arthropoda Chelicerata Arachnida Araneae Araneomorphae Entelegynae Eresoidea Eresidae Stegodyphus.
RF00005	RF00005	tRNA	full	tRNA	407821	KK114005	40044	40116	SO:0000253,GO:0030533	8256282,9023104	1	Stegodyphus mimosarum	Eukaryota Metazoa Arthropoda Chelicerata Arachnida Araneae Araneomorphae Entelegynae Eresoidea Eresidae Stegodyphus.
RF00005	RF00005	tRNA	full	tRNA	407821	KK114005	40297	40369	SO:0000253,GO:0030533	8256282,9023104	1	Stegodyphus mimosarum	Eukaryota Metazoa Arthropoda Chelicerata Arachnida Araneae Araneomorphae Entelegynae Eresoidea Eresidae Stegodyphus.
RF00005	RF00005	tRNA	full	tRNA	407821	KK114005	151842	151914	SO:0000253,GO:0030533	8256282,9023104	1	Stegodyphus mimosarum	Eukaryota Metazoa Arthropoda Chelicerata Arachnida Araneae Araneomorphae Entelegynae Eresoidea Eresidae Stegodyphus.
RF00005	RF00005	tRNA	full	tRNA	407821	KK114005	207405	207334	SO:0000253,GO:0030533	8256282,9023104	1	Stegodyphus mimosarum	Eukaryota Metazoa Arthropoda Chelicerata Arachnida Araneae Araneomorphae Entelegynae Eresoidea Eresidae Stegodyphus.
RF00005	RF00005	tRNA	full	tRNA	407821	KK114009	151446	151518	SO:0000253,GO:0030533	8256282,9023104	1	Stegodyphus mimosarum	Eukaryota Metazoa Arthropoda Chelicerata Arachnida Araneae Araneomorphae Entelegynae Eresoidea Eresidae Stegodyphus.
RF00005	RF00005	tRNA	full	tRNA	407821	KK114013	18774	18846	SO:0000253,GO:0030533	8256282,9023104	1	Stegodyphus mimosarum	Eukaryota Metazoa Arthropoda Chelicerata Arachnida Araneae Araneomorphae Entelegynae Eresoidea Eresidae Stegodyphus.
RF00005	RF00005	tRNA	full	tRNA	407821	KK114013	19014	19086	SO:0000253,GO:0030533	8256282,9023104	1	Stegodyphus mimosarum	Eukaryota Metazoa Arthropoda Chelicerata Arachnida Araneae Araneomorphae Entelegynae Eresoidea Eresidae Stegodyphus.
RF00005	RF00005	tRNA	full	tRNA	407821	KK114013	103328	103400	SO:0000253,GO:0030533	8256282,9023104	1	Stegodyphus mimosarum	Eukaryota Metazoa Arthropoda Chelicerata Arachnida Araneae Araneomorphae Entelegynae Eresoidea Eresidae Stegodyphus.
RF00005	RF00005	tRNA	full	tRNA	407821	KK114015	86225	86296	SO:0000253,GO:0030533	8256282,9023104	1	Stegodyphus mimosarum	Eukaryota Metazoa Arthropoda Chelicerata Arachnida Araneae Araneomorphae Entelegynae Eresoidea Eresidae Stegodyphus.
RF00005	RF00005	tRNA	full	tRNA	407821	KK114017	5995	6067	SO:0000253,GO:0030533	8256282,9023104	1	Stegodyphus mimosarum	Eukaryota Metazoa Arthropoda Chelicerata Arachnida Araneae Araneomorphae Entelegynae Eresoidea Eresidae Stegodyphus.
RF00005	RF00005	tRNA	full	tRNA	407821	KK114017	6240	6312	SO:0000253,GO:0030533	8256282,9023104	1	Stegodyphus mimosarum	Eukaryota Metazoa Arthropoda Chelicerata Arachnida Araneae Araneomorphae Entelegynae Eresoidea Eresidae Stegodyphus.
RF00005	RF00005	tRNA	full	tRNA	407821	KK114018	28270	28342	SO:0000253,GO:0030533	8256282,9023104	1	Stegodyphus mimosarum	Eukaryota Metazoa Arthropoda Chelicerata Arachnida Araneae Araneomorphae Entelegynae Eresoidea Eresidae Stegodyphus.
RF00005	RF00005	tRNA	full	tRNA	407821	KK114018	70799	70727	SO:0000253,GO:0030533	8256282,9023104	1	Stegodyphus mimosarum	Eukaryota Metazoa Arthropoda Chelicerata Arachnida Araneae Araneomorphae Entelegynae Eresoidea Eresidae Stegodyphus.
RF00005	RF00005	tRNA	full	tRNA	407821	KK114018	88397	88325	SO:0000253,GO:0030533	8256282,9023104	1	Stegodyphus mimosarum	Eukaryota Metazoa Arthropoda Chelicerata Arachnida Araneae Araneomorphae Entelegynae Eresoidea Eresidae Stegodyphus.
RF00005	RF00005	tRNA	full	tRNA	407821	KK114018	103702	103630	SO:0000253,GO:0030533	8256282,9023104	1	Stegodyphus mimosarum	Eukaryota Metazoa Arthropoda Chelicerata Arachnida Araneae Araneomorphae Entelegynae Eresoidea Eresidae Stegodyphus.
RF00005	RF00005	tRNA	full	tRNA	407821	KK114018	103948	103876	SO:0000253,GO:0030533	8256282,9023104	1	Stegodyphus mimosarum	Eukaryota Metazoa Arthropoda Chelicerata Arachnida Araneae Araneomorphae Entelegynae Eresoidea Eresidae Stegodyphus.
RF00005	RF00005	tRNA	full	tRNA	407821	KK114019	97850	97922	SO:0000253,GO:0030533	8256282,9023104	1	Stegodyphus mimosarum	Eukaryota Metazoa Arthropoda Chelicerata Arachnida Araneae Araneomorphae Entelegynae Eresoidea Eresidae Stegodyphus.
RF00005	RF00005	tRNA	full	tRNA	407821	KK114020	386296	386368	SO:0000253,GO:0030533	8256282,9023104	1	Stegodyphus mimosarum	Eukaryota Metazoa Arthropoda Chelicerata Arachnida Araneae Araneomorphae Entelegynae Eresoidea Eresidae Stegodyphus.
RF00005	RF00005	tRNA	full	tRNA	407821	KK114021	91424	91351	SO:0000253,GO:0030533	8256282,9023104	1	Stegodyphus mimosarum	Eukaryota Metazoa Arthropoda Chelicerata Arachnida Araneae Araneomorphae Entelegynae Eresoidea Eresidae Stegodyphus.
RF00005	RF00005	tRNA	full	tRNA	407821	KK114023	141154	141226	SO:0000253,GO:0030533	8256282,9023104	1	Stegodyphus mimosarum	Eukaryota Metazoa Arthropoda Chelicerata Arachnida Araneae Araneomorphae Entelegynae Eresoidea Eresidae Stegodyphus.
RF00005	RF00005	tRNA	full	tRNA	407821	KK114023	239748	239820	SO:0000253,GO:0030533	8256282,9023104	1	Stegodyphus mimosarum	Eukaryota Metazoa Arthropoda Chelicerata Arachnida Araneae Araneomorphae Entelegynae Eresoidea Eresidae Stegodyphus.
RF00005	RF00005	tRNA	full	tRNA	407821	KK114023	295690	295618	SO:0000253,GO:0030533	8256282,9023104	1	Stegodyphus mimosarum	Eukaryota Metazoa Arthropoda Chelicerata Arachnida Araneae Araneomorphae Entelegynae Eresoidea Eresidae Stegodyphus.
RF00005	RF00005	tRNA	full	tRNA	407821	KK114024	71509	71581	SO:0000253,GO:0030533	8256282,9023104	1	Stegodyphus mimosarum	Eukaryota Metazoa Arthropoda Chelicerata Arachnida Araneae Araneomorphae Entelegynae Eresoidea Eresidae Stegodyphus.
RF00005	RF00005	tRNA	full	tRNA	407821	KK114024	78520	78593	SO:0000253,GO:0030533	8256282,9023104	1	Stegodyphus mimosarum	Eukaryota Metazoa Arthropoda Chelicerata Arachnida Araneae Araneomorphae Entelegynae Eresoidea Eresidae Stegodyphus.
RF00005	RF00005	tRNA	full	tRNA	407821	KK114024	145103	145031	SO:0000253,GO:0030533	8256282,9023104	1	Stegodyphus mimosarum	Eukaryota Metazoa Arthropoda Chelicerata Arachnida Araneae Araneomorphae Entelegynae Eresoidea Eresidae Stegodyphus.
RF00005	RF00005	tRNA	full	tRNA	407821	KK114024	145358	145286	SO:0000253,GO:0030533	8256282,9023104	1	Stegodyphus mimosarum	Eukaryota Metazoa Arthropoda Chelicerata Arachnida Araneae Araneomorphae Entelegynae Eresoidea Eresidae Stegodyphus.
RF00005	RF00005	tRNA	full	tRNA	407821	KK114024	174877	174949	SO:0000253,GO:0030533	8256282,9023104	1	Stegodyphus mimosarum	Eukaryota Metazoa Arthropoda Chelicerata Arachnida Araneae Araneomorphae Entelegynae Eresoidea Eresidae Stegodyphus.
RF00005	RF00005	tRNA	full	tRNA	407821	KK114024	175132	175204	SO:0000253,GO:0030533	8256282,9023104	1	Stegodyphus mimosarum	Eukaryota Metazoa Arthropoda Chelicerata Arachnida Araneae Araneomorphae Entelegynae Eresoidea Eresidae Stegodyphus.
RF00005	RF00005	tRNA	full	tRNA	407821	KK114024	188351	188423	SO:0000253,GO:0030533	8256282,9023104	1	Stegodyphus mimosarum	Eukaryota Metazoa Arthropoda Chelicerata Arachnida Araneae Araneomorphae Entelegynae Eresoidea Eresidae Stegodyphus.
RF00005	RF00005	tRNA	full	tRNA	407821	KK114024	212472	212401	SO:0000253,GO:0030533	8256282,9023104	1	Stegodyphus mimosarum	Eukaryota Metazoa Arthropoda Chelicerata Arachnida Araneae Araneomorphae Entelegynae Eresoidea Eresidae Stegodyphus.
RF00005	RF00005	tRNA	full	tRNA	407821	KK114024	265517	265589	SO:0000253,GO:0030533	8256282,9023104	1	Stegodyphus mimosarum	Eukaryota Metazoa Arthropoda Chelicerata Arachnida Araneae Araneomorphae Entelegynae Eresoidea Eresidae Stegodyphus.
RF00005	RF00005	tRNA	full	tRNA	407821	KK114024	297629	297701	SO:0000253,GO:0030533	8256282,9023104	1	Stegodyphus mimosarum	Eukaryota Metazoa Arthropoda Chelicerata Arachnida Araneae Araneomorphae Entelegynae Eresoidea Eresidae Stegodyphus.
RF00005	RF00005	tRNA	full	tRNA	407821	KK114024	352126	352054	SO:0000253,GO:0030533	8256282,9023104	1	Stegodyphus mimosarum	Eukaryota Metazoa Arthropoda Chelicerata Arachnida Araneae Araneomorphae Entelegynae Eresoidea Eresidae Stegodyphus.
RF00005	RF00005	tRNA	full	tRNA	407821	KK114024	485572	485644	SO:0000253,GO:0030533	8256282,9023104	1	Stegodyphus mimosarum	Eukaryota Metazoa Arthropoda Chelicerata Arachnida Araneae Araneomorphae Entelegynae Eresoidea Eresidae Stegodyphus.
RF00005	RF00005	tRNA	full	tRNA	407821	KK114024	485825	485897	SO:0000253,GO:0030533	8256282,9023104	1	Stegodyphus mimosarum	Eukaryota Metazoa Arthropoda Chelicerata Arachnida Araneae Araneomorphae Entelegynae Eresoidea Eresidae Stegodyphus.
RF00005	RF00005	tRNA	full	tRNA	407821	KK114024	669475	669404	SO:0000253,GO:0030533	8256282,9023104	1	Stegodyphus mimosarum	Eukaryota Metazoa Arthropoda Chelicerata Arachnida Araneae Araneomorphae Entelegynae Eresoidea Eresidae Stegodyphus.
RF00005	RF00005	tRNA	full	tRNA	407821	KK114024	857591	857519	SO:0000253,GO:0030533	8256282,9023104	1	Stegodyphus mimosarum	Eukaryota Metazoa Arthropoda Chelicerata Arachnida Araneae Araneomorphae Entelegynae Eresoidea Eresidae Stegodyphus.
RF00005	RF00005	tRNA	full	tRNA	407821	KK114025	53018	52946	SO:0000253,GO:0030533	8256282,9023104	1	Stegodyphus mimosarum	Eukaryota Metazoa Arthropoda Chelicerata Arachnida Araneae Araneomorphae Entelegynae Eresoidea Eresidae Stegodyphus.
RF00005	RF00005	tRNA	full	tRNA	407821	KK114026	94476	94548	SO:0000253,GO:0030533	8256282,9023104	1	Stegodyphus mimosarum	Eukaryota Metazoa Arthropoda Chelicerata Arachnida Araneae Araneomorphae Entelegynae Eresoidea Eresidae Stegodyphus.
RF00005	RF00005	tRNA	full	tRNA	407821	KK114026	118514	118442	SO:0000253,GO:0030533	8256282,9023104	1	Stegodyphus mimosarum	Eukaryota Metazoa Arthropoda Chelicerata Arachnida Araneae Araneomorphae Entelegynae Eresoidea Eresidae Stegodyphus.
RF00005	RF00005	tRNA	full	tRNA	407821	KK114026	132726	132798	SO:0000253,GO:0030533	8256282,9023104	1	Stegodyphus mimosarum	Eukaryota Metazoa Arthropoda Chelicerata Arachnida Araneae Araneomorphae Entelegynae Eresoidea Eresidae Stegodyphus.
RF00005	RF00005	tRNA	full	tRNA	407821	KK114027	30367	30295	SO:0000253,GO:0030533	8256282,9023104	1	Stegodyphus mimosarum	Eukaryota Metazoa Arthropoda Chelicerata Arachnida Araneae Araneomorphae Entelegynae Eresoidea Eresidae Stegodyphus.
RF00005	RF00005	tRNA	full	tRNA	407821	KK114027	30837	30765	SO:0000253,GO:0030533	8256282,9023104	1	Stegodyphus mimosarum	Eukaryota Metazoa Arthropoda Chelicerata Arachnida Araneae Araneomorphae Entelegynae Eresoidea Eresidae Stegodyphus.
RF00005	RF00005	tRNA	full	tRNA	407821	KK114027	145101	145029	SO:0000253,GO:0030533	8256282,9023104	1	Stegodyphus mimosarum	Eukaryota Metazoa Arthropoda Chelicerata Arachnida Araneae Araneomorphae Entelegynae Eresoidea Eresidae Stegodyphus.
RF00005	RF00005	tRNA	full	tRNA	407821	KK114027	302776	302704	SO:0000253,GO:0030533	8256282,9023104	1	Stegodyphus mimosarum	Eukaryota Metazoa Arthropoda Chelicerata Arachnida Araneae Araneomorphae Entelegynae Eresoidea Eresidae Stegodyphus.
RF00005	RF00005	tRNA	full	tRNA	407821	KK114028	64436	64364	SO:0000253,GO:0030533	8256282,9023104	1	Stegodyphus mimosarum	Eukaryota Metazoa Arthropoda Chelicerata Arachnida Araneae Araneomorphae Entelegynae Eresoidea Eresidae Stegodyphus.
RF00005	RF00005	tRNA	full	tRNA	407821	KK114029	73717	73789	SO:0000253,GO:0030533	8256282,9023104	1	Stegodyphus mimosarum	Eukaryota Metazoa Arthropoda Chelicerata Arachnida Araneae Araneomorphae Entelegynae Eresoidea Eresidae Stegodyphus.
RF00005	RF00005	tRNA	full	tRNA	407821	KK114029	73970	74042	SO:0000253,GO:0030533	8256282,9023104	1	Stegodyphus mimosarum	Eukaryota Metazoa Arthropoda Chelicerata Arachnida Araneae Araneomorphae Entelegynae Eresoidea Eresidae Stegodyphus.
RF00005	RF00005	tRNA	full	tRNA	407821	KK114029	220595	220523	SO:0000253,GO:0030533	8256282,9023104	1	Stegodyphus mimosarum	Eukaryota Metazoa Arthropoda Chelicerata Arachnida Araneae Araneomorphae Entelegynae Eresoidea Eresidae Stegodyphus.
RF00005	RF00005	tRNA	full	tRNA	407821	KK114029	226666	226738	SO:0000253,GO:0030533	8256282,9023104	1	Stegodyphus mimosarum	Eukaryota Metazoa Arthropoda Chelicerata Arachnida Araneae Araneomorphae Entelegynae Eresoidea Eresidae Stegodyphus.
RF00005	RF00005	tRNA	full	tRNA	407821	KK114029	241206	241279	SO:0000253,GO:0030533	8256282,9023104	1	Stegodyphus mimosarum	Eukaryota Metazoa Arthropoda Chelicerata Arachnida Araneae Araneomorphae Entelegynae Eresoidea Eresidae Stegodyphus.
RF00005	RF00005	tRNA	full	tRNA	407821	KK114029	255051	254979	SO:0000253,GO:0030533	8256282,9023104	1	Stegodyphus mimosarum	Eukaryota Metazoa Arthropoda Chelicerata Arachnida Araneae Araneomorphae Entelegynae Eresoidea Eresidae Stegodyphus.
RF00005	RF00005	tRNA	full	tRNA	407821	KK114029	362763	362835	SO:0000253,GO:0030533	8256282,9023104	1	Stegodyphus mimosarum	Eukaryota Metazoa Arthropoda Chelicerata Arachnida Araneae Araneomorphae Entelegynae Eresoidea Eresidae Stegodyphus.
RF00005	RF00005	tRNA	full	tRNA	407821	KK114029	427270	427198	SO:0000253,GO:0030533	8256282,9023104	1	Stegodyphus mimosarum	Eukaryota Metazoa Arthropoda Chelicerata Arachnida Araneae Araneomorphae Entelegynae Eresoidea Eresidae Stegodyphus.
RF00005	RF00005	tRNA	full	tRNA	407821	KK114029	427526	427454	SO:0000253,GO:0030533	8256282,9023104	1	Stegodyphus mimosarum	Eukaryota Metazoa Arthropoda Chelicerata Arachnida Araneae Araneomorphae Entelegynae Eresoidea Eresidae Stegodyphus.
RF00005	RF00005	tRNA	full	tRNA	407821	KK114030	7308	7238	SO:0000253,GO:0030533	8256282,9023104	1	Stegodyphus mimosarum	Eukaryota Metazoa Arthropoda Chelicerata Arachnida Araneae Araneomorphae Entelegynae Eresoidea Eresidae Stegodyphus.
RF00005	RF00005	tRNA	full	tRNA	407821	KK114030	7479	7407	SO:0000253,GO:0030533	8256282,9023104	1	Stegodyphus mimosarum	Eukaryota Metazoa Arthropoda Chelicerata Arachnida Araneae Araneomorphae Entelegynae Eresoidea Eresidae Stegodyphus.
RF00005	RF00005	tRNA	full	tRNA	407821	KK114030	7723	7651	SO:0000253,GO:0030533	8256282,9023104	1	Stegodyphus mimosarum	Eukaryota Metazoa Arthropoda Chelicerata Arachnida Araneae Araneomorphae Entelegynae Eresoidea Eresidae Stegodyphus.
RF00005	RF00005	tRNA	full	tRNA	407821	KK114030	16678	16608	SO:0000253,GO:0030533	8256282,9023104	1	Stegodyphus mimosarum	Eukaryota Metazoa Arthropoda Chelicerata Arachnida Araneae Araneomorphae Entelegynae Eresoidea Eresidae Stegodyphus.
RF00005	RF00005	tRNA	full	tRNA	407821	KK114030	45408	45480	SO:0000253,GO:0030533	8256282,9023104	1	Stegodyphus mimosarum	Eukaryota Metazoa Arthropoda Chelicerata Arachnida Araneae Araneomorphae Entelegynae Eresoidea Eresidae Stegodyphus.
RF00005	RF00005	tRNA	full	tRNA	407821	KK114030	45658	45719	SO:0000253,GO:0030533	8256282,9023104	1	Stegodyphus mimosarum	Eukaryota Metazoa Arthropoda Chelicerata Arachnida Araneae Araneomorphae Entelegynae Eresoidea Eresidae Stegodyphus.
RF00005	RF00005	tRNA	full	tRNA	407821	KK114030	139526	139597	SO:0000253,GO:0030533	8256282,9023104	1	Stegodyphus mimosarum	Eukaryota Metazoa Arthropoda Chelicerata Arachnida Araneae Araneomorphae Entelegynae Eresoidea Eresidae Stegodyphus.
RF00005	RF00005	tRNA	full	tRNA	407821	KK114030	150399	150327	SO:0000253,GO:0030533	8256282,9023104	1	Stegodyphus mimosarum	Eukaryota Metazoa Arthropoda Chelicerata Arachnida Araneae Araneomorphae Entelegynae Eresoidea Eresidae Stegodyphus.
RF00005	RF00005	tRNA	full	tRNA	407821	KK114030	150635	150563	SO:0000253,GO:0030533	8256282,9023104	1	Stegodyphus mimosarum	Eukaryota Metazoa Arthropoda Chelicerata Arachnida Araneae Araneomorphae Entelegynae Eresoidea Eresidae Stegodyphus.
RF00005	RF00005	tRNA	full	tRNA	407821	KK114030	198826	198754	SO:0000253,GO:0030533	8256282,9023104	1	Stegodyphus mimosarum	Eukaryota Metazoa Arthropoda Chelicerata Arachnida Araneae Araneomorphae Entelegynae Eresoidea Eresidae Stegodyphus.
RF00005	RF00005	tRNA	full	tRNA	407821	KK114032	108490	108418	SO:0000253,GO:0030533	8256282,9023104	1	Stegodyphus mimosarum	Eukaryota Metazoa Arthropoda Chelicerata Arachnida Araneae Araneomorphae Entelegynae Eresoidea Eresidae Stegodyphus.
RF00005	RF00005	tRNA	full	tRNA	407821	KK114032	178488	178416	SO:0000253,GO:0030533	8256282,9023104	1	Stegodyphus mimosarum	Eukaryota Metazoa Arthropoda Chelicerata Arachnida Araneae Araneomorphae Entelegynae Eresoidea Eresidae Stegodyphus.
RF00005	RF00005	tRNA	full	tRNA	407821	KK114032	193011	193083	SO:0000253,GO:0030533	8256282,9023104	1	Stegodyphus mimosarum	Eukaryota Metazoa Arthropoda Chelicerata Arachnida Araneae Araneomorphae Entelegynae Eresoidea Eresidae Stegodyphus.
RF00005	RF00005	tRNA	full	tRNA	407821	KK114032	193263	193335	SO:0000253,GO:0030533	8256282,9023104	1	Stegodyphus mimosarum	Eukaryota Metazoa Arthropoda Chelicerata Arachnida Araneae Araneomorphae Entelegynae Eresoidea Eresidae Stegodyphus.
RF00005	RF00005	tRNA	full	tRNA	407821	KK114032	252373	252301	SO:0000253,GO:0030533	8256282,9023104	1	Stegodyphus mimosarum	Eukaryota Metazoa Arthropoda Chelicerata Arachnida Araneae Araneomorphae Entelegynae Eresoidea Eresidae Stegodyphus.
RF00005	RF00005	tRNA	full	tRNA	407821	KK114033	41930	41858	SO:0000253,GO:0030533	8256282,9023104	1	Stegodyphus mimosarum	Eukaryota Metazoa Arthropoda Chelicerata Arachnida Araneae Araneomorphae Entelegynae Eresoidea Eresidae Stegodyphus.
RF00005	RF00005	tRNA	full	tRNA	407821	KK114033	50097	50169	SO:0000253,GO:0030533	8256282,9023104	1	Stegodyphus mimosarum	Eukaryota Metazoa Arthropoda Chelicerata Arachnida Araneae Araneomorphae Entelegynae Eresoidea Eresidae Stegodyphus.
RF00005	RF00005	tRNA	full	tRNA	407821	KK114033	50351	50423	SO:0000253,GO:0030533	8256282,9023104	1	Stegodyphus mimosarum	Eukaryota Metazoa Arthropoda Chelicerata Arachnida Araneae Araneomorphae Entelegynae Eresoidea Eresidae Stegodyphus.
RF00005	RF00005	tRNA	full	tRNA	407821	KK114037	320716	320644	SO:0000253,GO:0030533	8256282,9023104	1	Stegodyphus mimosarum	Eukaryota Metazoa Arthropoda Chelicerata Arachnida Araneae Araneomorphae Entelegynae Eresoidea Eresidae Stegodyphus.
RF00005	RF00005	tRNA	full	tRNA	407821	KK114037	349957	350029	SO:0000253,GO:0030533	8256282,9023104	1	Stegodyphus mimosarum	Eukaryota Metazoa Arthropoda Chelicerata Arachnida Araneae Araneomorphae Entelegynae Eresoidea Eresidae Stegodyphus.
RF00005	RF00005	tRNA	full	tRNA	407821	KK114037	350217	350289	SO:0000253,GO:0030533	8256282,9023104	1	Stegodyphus mimosarum	Eukaryota Metazoa Arthropoda Chelicerata Arachnida Araneae Araneomorphae Entelegynae Eresoidea Eresidae Stegodyphus.
RF00005	RF00005	tRNA	full	tRNA	407821	KK114037	363405	363491	SO:0000253,GO:0030533	8256282,9023104	1	Stegodyphus mimosarum	Eukaryota Metazoa Arthropoda Chelicerata Arachnida Araneae Araneomorphae Entelegynae Eresoidea Eresidae Stegodyphus.
RF00005	RF00005	tRNA	full	tRNA	407821	KK114038	49430	49358	SO:0000253,GO:0030533	8256282,9023104	1	Stegodyphus mimosarum	Eukaryota Metazoa Arthropoda Chelicerata Arachnida Araneae Araneomorphae Entelegynae Eresoidea Eresidae Stegodyphus.
RF00005	RF00005	tRNA	full	tRNA	407821	KK114038	49684	49612	SO:0000253,GO:0030533	8256282,9023104	1	Stegodyphus mimosarum	Eukaryota Metazoa Arthropoda Chelicerata Arachnida Araneae Araneomorphae Entelegynae Eresoidea Eresidae Stegodyphus.
RF00005	RF00005	tRNA	full	tRNA	407821	KK114038	54264	54192	SO:0000253,GO:0030533	8256282,9023104	1	Stegodyphus mimosarum	Eukaryota Metazoa Arthropoda Chelicerata Arachnida Araneae Araneomorphae Entelegynae Eresoidea Eresidae Stegodyphus.
RF00005	RF00005	tRNA	full	tRNA	407821	KK114040	55712	55640	SO:0000253,GO:0030533	8256282,9023104	1	Stegodyphus mimosarum	Eukaryota Metazoa Arthropoda Chelicerata Arachnida Araneae Araneomorphae Entelegynae Eresoidea Eresidae Stegodyphus.
RF00005	RF00005	tRNA	full	tRNA	407821	KK114040	405165	405093	SO:0000253,GO:0030533	8256282,9023104	1	Stegodyphus mimosarum	Eukaryota Metazoa Arthropoda Chelicerata Arachnida Araneae Araneomorphae Entelegynae Eresoidea Eresidae Stegodyphus.
RF00005	RF00005	tRNA	full	tRNA	407821	KK114040	458438	458509	SO:0000253,GO:0030533	8256282,9023104	1	Stegodyphus mimosarum	Eukaryota Metazoa Arthropoda Chelicerata Arachnida Araneae Araneomorphae Entelegynae Eresoidea Eresidae Stegodyphus.
RF00005	RF00005	tRNA	full	tRNA	407821	KK114040	458516	458587	SO:0000253,GO:0030533	8256282,9023104	1	Stegodyphus mimosarum	Eukaryota Metazoa Arthropoda Chelicerata Arachnida Araneae Araneomorphae Entelegynae Eresoidea Eresidae Stegodyphus.
RF00005	RF00005	tRNA	full	tRNA	407821	KK114040	507696	507767	SO:0000253,GO:0030533	8256282,9023104	1	Stegodyphus mimosarum	Eukaryota Metazoa Arthropoda Chelicerata Arachnida Araneae Araneomorphae Entelegynae Eresoidea Eresidae Stegodyphus.
RF00005	RF00005	tRNA	full	tRNA	407821	KK114040	510866	510937	SO:0000253,GO:0030533	8256282,9023104	1	Stegodyphus mimosarum	Eukaryota Metazoa Arthropoda Chelicerata Arachnida Araneae Araneomorphae Entelegynae Eresoidea Eresidae Stegodyphus.
RF00005	RF00005	tRNA	full	tRNA	407821	KK114040	535424	535496	SO:0000253,GO:0030533	8256282,9023104	1	Stegodyphus mimosarum	Eukaryota Metazoa Arthropoda Chelicerata Arachnida Araneae Araneomorphae Entelegynae Eresoidea Eresidae Stegodyphus.
RF00005	RF00005	tRNA	full	tRNA	407821	KK114040	544713	544642	SO:0000253,GO:0030533	8256282,9023104	1	Stegodyphus mimosarum	Eukaryota Metazoa Arthropoda Chelicerata Arachnida Araneae Araneomorphae Entelegynae Eresoidea Eresidae Stegodyphus.
RF00005	RF00005	tRNA	full	tRNA	407821	KK114040	544792	544721	SO:0000253,GO:0030533	8256282,9023104	1	Stegodyphus mimosarum	Eukaryota Metazoa Arthropoda Chelicerata Arachnida Araneae Araneomorphae Entelegynae Eresoidea Eresidae Stegodyphus.
RF00005	RF00005	tRNA	full	tRNA	407821	KK114042	7502	7430	SO:0000253,GO:0030533	8256282,9023104	1	Stegodyphus mimosarum	Eukaryota Metazoa Arthropoda Chelicerata Arachnida Araneae Araneomorphae Entelegynae Eresoidea Eresidae Stegodyphus.
RF00005	RF00005	tRNA	full	tRNA	407821	KK114042	7755	7683	SO:0000253,GO:0030533	8256282,9023104	1	Stegodyphus mimosarum	Eukaryota Metazoa Arthropoda Chelicerata Arachnida Araneae Araneomorphae Entelegynae Eresoidea Eresidae Stegodyphus.
RF00005	RF00005	tRNA	full	tRNA	407821	KK114044	22270	22341	SO:0000253,GO:0030533	8256282,9023104	1	Stegodyphus mimosarum	Eukaryota Metazoa Arthropoda Chelicerata Arachnida Araneae Araneomorphae Entelegynae Eresoidea Eresidae Stegodyphus.
RF00005	RF00005	tRNA	full	tRNA	407821	KK114045	9337	9409	SO:0000253,GO:0030533	8256282,9023104	1	Stegodyphus mimosarum	Eukaryota Metazoa Arthropoda Chelicerata Arachnida Araneae Araneomorphae Entelegynae Eresoidea Eresidae Stegodyphus.
RF00005	RF00005	tRNA	full	tRNA	407821	KK114049	120135	120207	SO:0000253,GO:0030533	8256282,9023104	1	Stegodyphus mimosarum	Eukaryota Metazoa Arthropoda Chelicerata Arachnida Araneae Araneomorphae Entelegynae Eresoidea Eresidae Stegodyphus.
RF00005	RF00005	tRNA	full	tRNA	407821	KK114049	139826	139898	SO:0000253,GO:0030533	8256282,9023104	1	Stegodyphus mimosarum	Eukaryota Metazoa Arthropoda Chelicerata Arachnida Araneae Araneomorphae Entelegynae Eresoidea Eresidae Stegodyphus.
RF00005	RF00005	tRNA	full	tRNA	407821	KK114049	140080	140152	SO:0000253,GO:0030533	8256282,9023104	1	Stegodyphus mimosarum	Eukaryota Metazoa Arthropoda Chelicerata Arachnida Araneae Araneomorphae Entelegynae Eresoidea Eresidae Stegodyphus.
RF00005	RF00005	tRNA	full	tRNA	407821	KK114049	150608	150680	SO:0000253,GO:0030533	8256282,9023104	1	Stegodyphus mimosarum	Eukaryota Metazoa Arthropoda Chelicerata Arachnida Araneae Araneomorphae Entelegynae Eresoidea Eresidae Stegodyphus.
RF00005	RF00005	tRNA	full	tRNA	407821	KK114049	150861	150933	SO:0000253,GO:0030533	8256282,9023104	1	Stegodyphus mimosarum	Eukaryota Metazoa Arthropoda Chelicerata Arachnida Araneae Araneomorphae Entelegynae Eresoidea Eresidae Stegodyphus.
RF00005	RF00005	tRNA	full	tRNA	407821	KK114049	261622	261694	SO:0000253,GO:0030533	8256282,9023104	1	Stegodyphus mimosarum	Eukaryota Metazoa Arthropoda Chelicerata Arachnida Araneae Araneomorphae Entelegynae Eresoidea Eresidae Stegodyphus.
RF00005	RF00005	tRNA	full	tRNA	407821	KK114049	261882	261954	SO:0000253,GO:0030533	8256282,9023104	1	Stegodyphus mimosarum	Eukaryota Metazoa Arthropoda Chelicerata Arachnida Araneae Araneomorphae Entelegynae Eresoidea Eresidae Stegodyphus.
RF00005	RF00005	tRNA	full	tRNA	407821	KK114049	492670	492598	SO:0000253,GO:0030533	8256282,9023104	1	Stegodyphus mimosarum	Eukaryota Metazoa Arthropoda Chelicerata Arachnida Araneae Araneomorphae Entelegynae Eresoidea Eresidae Stegodyphus.
RF00005	RF00005	tRNA	full	tRNA	407821	KK114049	492924	492852	SO:0000253,GO:0030533	8256282,9023104	1	Stegodyphus mimosarum	Eukaryota Metazoa Arthropoda Chelicerata Arachnida Araneae Araneomorphae Entelegynae Eresoidea Eresidae Stegodyphus.
RF00005	RF00005	tRNA	full	tRNA	407821	KK114049	494041	494113	SO:0000253,GO:0030533	8256282,9023104	1	Stegodyphus mimosarum	Eukaryota Metazoa Arthropoda Chelicerata Arachnida Araneae Araneomorphae Entelegynae Eresoidea Eresidae Stegodyphus.
RF00005	RF00005	tRNA	full	tRNA	407821	KK114049	586706	586778	SO:0000253,GO:0030533	8256282,9023104	1	Stegodyphus mimosarum	Eukaryota Metazoa Arthropoda Chelicerata Arachnida Araneae Araneomorphae Entelegynae Eresoidea Eresidae Stegodyphus.
RF00005	RF00005	tRNA	full	tRNA	407821	KK114050	11574	11646	SO:0000253,GO:0030533	8256282,9023104	1	Stegodyphus mimosarum	Eukaryota Metazoa Arthropoda Chelicerata Arachnida Araneae Araneomorphae Entelegynae Eresoidea Eresidae Stegodyphus.
RF00005	RF00005	tRNA	full	tRNA	407821	KK114050	36797	36726	SO:0000253,GO:0030533	8256282,9023104	1	Stegodyphus mimosarum	Eukaryota Metazoa Arthropoda Chelicerata Arachnida Araneae Araneomorphae Entelegynae Eresoidea Eresidae Stegodyphus.
RF00005	RF00005	tRNA	full	tRNA	407821	KK114052	89863	89791	SO:0000253,GO:0030533	8256282,9023104	1	Stegodyphus mimosarum	Eukaryota Metazoa Arthropoda Chelicerata Arachnida Araneae Araneomorphae Entelegynae Eresoidea Eresidae Stegodyphus.
RF00005	RF00005	tRNA	full	tRNA	407821	KK114052	148185	148113	SO:0000253,GO:0030533	8256282,9023104	1	Stegodyphus mimosarum	Eukaryota Metazoa Arthropoda Chelicerata Arachnida Araneae Araneomorphae Entelegynae Eresoidea Eresidae Stegodyphus.
RF00005	RF00005	tRNA	full	tRNA	407821	KK114052	160569	160497	SO:0000253,GO:0030533	8256282,9023104	1	Stegodyphus mimosarum	Eukaryota Metazoa Arthropoda Chelicerata Arachnida Araneae Araneomorphae Entelegynae Eresoidea Eresidae Stegodyphus.
RF00005	RF00005	tRNA	full	tRNA	407821	KK114052	425596	425524	SO:0000253,GO:0030533	8256282,9023104	1	Stegodyphus mimosarum	Eukaryota Metazoa Arthropoda Chelicerata Arachnida Araneae Araneomorphae Entelegynae Eresoidea Eresidae Stegodyphus.
RF00005	RF00005	tRNA	full	tRNA	407821	KK114052	449403	449474	SO:0000253,GO:0030533	8256282,9023104	1	Stegodyphus mimosarum	Eukaryota Metazoa Arthropoda Chelicerata Arachnida Araneae Araneomorphae Entelegynae Eresoidea Eresidae Stegodyphus.
RF00005	RF00005	tRNA	full	tRNA	407821	KK114052	543728	543656	SO:0000253,GO:0030533	8256282,9023104	1	Stegodyphus mimosarum	Eukaryota Metazoa Arthropoda Chelicerata Arachnida Araneae Araneomorphae Entelegynae Eresoidea Eresidae Stegodyphus.
RF00005	RF00005	tRNA	full	tRNA	407821	KK114052	640283	640211	SO:0000253,GO:0030533	8256282,9023104	1	Stegodyphus mimosarum	Eukaryota Metazoa Arthropoda Chelicerata Arachnida Araneae Araneomorphae Entelegynae Eresoidea Eresidae Stegodyphus.
RF00005	RF00005	tRNA	full	tRNA	407821	KK114052	640536	640464	SO:0000253,GO:0030533	8256282,9023104	1	Stegodyphus mimosarum	Eukaryota Metazoa Arthropoda Chelicerata Arachnida Araneae Araneomorphae Entelegynae Eresoidea Eresidae Stegodyphus.
RF00005	RF00005	tRNA	full	tRNA	407821	KK114056	32681	32752	SO:0000253,GO:0030533	8256282,9023104	1	Stegodyphus mimosarum	Eukaryota Metazoa Arthropoda Chelicerata Arachnida Araneae Araneomorphae Entelegynae Eresoidea Eresidae Stegodyphus.
RF00005	RF00005	tRNA	full	tRNA	407821	KK114056	47547	47476	SO:0000253,GO:0030533	8256282,9023104	1	Stegodyphus mimosarum	Eukaryota Metazoa Arthropoda Chelicerata Arachnida Araneae Araneomorphae Entelegynae Eresoidea Eresidae Stegodyphus.
RF00005	RF00005	tRNA	full	tRNA	407821	KK114058	91394	91322	SO:0000253,GO:0030533	8256282,9023104	1	Stegodyphus mimosarum	Eukaryota Metazoa Arthropoda Chelicerata Arachnida Araneae Araneomorphae Entelegynae Eresoidea Eresidae Stegodyphus.
RF00005	RF00005	tRNA	full	tRNA	407821	KK114058	165123	165051	SO:0000253,GO:0030533	8256282,9023104	1	Stegodyphus mimosarum	Eukaryota Metazoa Arthropoda Chelicerata Arachnida Araneae Araneomorphae Entelegynae Eresoidea Eresidae Stegodyphus.
RF00005	RF00005	tRNA	full	tRNA	407821	KK114058	183490	183562	SO:0000253,GO:0030533	8256282,9023104	1	Stegodyphus mimosarum	Eukaryota Metazoa Arthropoda Chelicerata Arachnida Araneae Araneomorphae Entelegynae Eresoidea Eresidae Stegodyphus.
RF00005	RF00005	tRNA	full	tRNA	407821	KK114058	222955	222883	SO:0000253,GO:0030533	8256282,9023104	1	Stegodyphus mimosarum	Eukaryota Metazoa Arthropoda Chelicerata Arachnida Araneae Araneomorphae Entelegynae Eresoidea Eresidae Stegodyphus.
RF00005	RF00005	tRNA	full	tRNA	407821	KK114058	228643	228715	SO:0000253,GO:0030533	8256282,9023104	1	Stegodyphus mimosarum	Eukaryota Metazoa Arthropoda Chelicerata Arachnida Araneae Araneomorphae Entelegynae Eresoidea Eresidae Stegodyphus.
RF00005	RF00005	tRNA	full	tRNA	407821	KK114058	238282	238210	SO:0000253,GO:0030533	8256282,9023104	1	Stegodyphus mimosarum	Eukaryota Metazoa Arthropoda Chelicerata Arachnida Araneae Araneomorphae Entelegynae Eresoidea Eresidae Stegodyphus.
RF00005	RF00005	tRNA	full	tRNA	407821	KK114058	238540	238468	SO:0000253,GO:0030533	8256282,9023104	1	Stegodyphus mimosarum	Eukaryota Metazoa Arthropoda Chelicerata Arachnida Araneae Araneomorphae Entelegynae Eresoidea Eresidae Stegodyphus.
RF00005	RF00005	tRNA	full	tRNA	407821	KK114058	255689	255761	SO:0000253,GO:0030533	8256282,9023104	1	Stegodyphus mimosarum	Eukaryota Metazoa Arthropoda Chelicerata Arachnida Araneae Araneomorphae Entelegynae Eresoidea Eresidae Stegodyphus.
RF00005	RF00005	tRNA	full	tRNA	407821	KK114058	255941	256013	SO:0000253,GO:0030533	8256282,9023104	1	Stegodyphus mimosarum	Eukaryota Metazoa Arthropoda Chelicerata Arachnida Araneae Araneomorphae Entelegynae Eresoidea Eresidae Stegodyphus.
RF00005	RF00005	tRNA	full	tRNA	407821	KK114058	283223	283295	SO:0000253,GO:0030533	8256282,9023104	1	Stegodyphus mimosarum	Eukaryota Metazoa Arthropoda Chelicerata Arachnida Araneae Araneomorphae Entelegynae Eresoidea Eresidae Stegodyphus.
RF00005	RF00005	tRNA	full	tRNA	407821	KK114058	292193	292265	SO:0000253,GO:0030533	8256282,9023104	1	Stegodyphus mimosarum	Eukaryota Metazoa Arthropoda Chelicerata Arachnida Araneae Araneomorphae Entelegynae Eresoidea Eresidae Stegodyphus.
RF00005	RF00005	tRNA	full	tRNA	407821	KK114058	314740	314804	SO:0000253,GO:0030533	8256282,9023104	1	Stegodyphus mimosarum	Eukaryota Metazoa Arthropoda Chelicerata Arachnida Araneae Araneomorphae Entelegynae Eresoidea Eresidae Stegodyphus.
RF00005	RF00005	tRNA	full	tRNA	407821	KK114058	407520	407448	SO:0000253,GO:0030533	8256282,9023104	1	Stegodyphus mimosarum	Eukaryota Metazoa Arthropoda Chelicerata Arachnida Araneae Araneomorphae Entelegynae Eresoidea Eresidae Stegodyphus.
RF00005	RF00005	tRNA	full	tRNA	407821	KK114058	408528	408600	SO:0000253,GO:0030533	8256282,9023104	1	Stegodyphus mimosarum	Eukaryota Metazoa Arthropoda Chelicerata Arachnida Araneae Araneomorphae Entelegynae Eresoidea Eresidae Stegodyphus.
RF00005	RF00005	tRNA	full	tRNA	407821	KK114058	475595	475667	SO:0000253,GO:0030533	8256282,9023104	1	Stegodyphus mimosarum	Eukaryota Metazoa Arthropoda Chelicerata Arachnida Araneae Araneomorphae Entelegynae Eresoidea Eresidae Stegodyphus.
RF00005	RF00005	tRNA	full	tRNA	407821	KK114058	479862	479790	SO:0000253,GO:0030533	8256282,9023104	1	Stegodyphus mimosarum	Eukaryota Metazoa Arthropoda Chelicerata Arachnida Araneae Araneomorphae Entelegynae Eresoidea Eresidae Stegodyphus.
RF00005	RF00005	tRNA	full	tRNA	407821	KK114058	484757	484829	SO:0000253,GO:0030533	8256282,9023104	1	Stegodyphus mimosarum	Eukaryota Metazoa Arthropoda Chelicerata Arachnida Araneae Araneomorphae Entelegynae Eresoidea Eresidae Stegodyphus.
RF00005	RF00005	tRNA	full	tRNA	407821	KK114058	503434	503506	SO:0000253,GO:0030533	8256282,9023104	1	Stegodyphus mimosarum	Eukaryota Metazoa Arthropoda Chelicerata Arachnida Araneae Araneomorphae Entelegynae Eresoidea Eresidae Stegodyphus.
RF00005	RF00005	tRNA	full	tRNA	407821	KK114058	551992	551920	SO:0000253,GO:0030533	8256282,9023104	1	Stegodyphus mimosarum	Eukaryota Metazoa Arthropoda Chelicerata Arachnida Araneae Araneomorphae Entelegynae Eresoidea Eresidae Stegodyphus.
RF00005	RF00005	tRNA	full	tRNA	407821	KK114058	557080	557151	SO:0000253,GO:0030533	8256282,9023104	1	Stegodyphus mimosarum	Eukaryota Metazoa Arthropoda Chelicerata Arachnida Araneae Araneomorphae Entelegynae Eresoidea Eresidae Stegodyphus.
RF00005	RF00005	tRNA	full	tRNA	407821	KK114058	568705	568634	SO:0000253,GO:0030533	8256282,9023104	1	Stegodyphus mimosarum	Eukaryota Metazoa Arthropoda Chelicerata Arachnida Araneae Araneomorphae Entelegynae Eresoidea Eresidae Stegodyphus.
RF00005	RF00005	tRNA	full	tRNA	407821	KK114058	606321	606393	SO:0000253,GO:0030533	8256282,9023104	1	Stegodyphus mimosarum	Eukaryota Metazoa Arthropoda Chelicerata Arachnida Araneae Araneomorphae Entelegynae Eresoidea Eresidae Stegodyphus.
RF00005	RF00005	tRNA	full	tRNA	407821	KK114058	609866	609938	SO:0000253,GO:0030533	8256282,9023104	1	Stegodyphus mimosarum	Eukaryota Metazoa Arthropoda Chelicerata Arachnida Araneae Araneomorphae Entelegynae Eresoidea Eresidae Stegodyphus.
RF00005	RF00005	tRNA	full	tRNA	407821	KK114058	613704	613632	SO:0000253,GO:0030533	8256282,9023104	1	Stegodyphus mimosarum	Eukaryota Metazoa Arthropoda Chelicerata Arachnida Araneae Araneomorphae Entelegynae Eresoidea Eresidae Stegodyphus.
RF00005	RF00005	tRNA	full	tRNA	407821	KK114058	625343	625271	SO:0000253,GO:0030533	8256282,9023104	1	Stegodyphus mimosarum	Eukaryota Metazoa Arthropoda Chelicerata Arachnida Araneae Araneomorphae Entelegynae Eresoidea Eresidae Stegodyphus.
RF00005	RF00005	tRNA	full	tRNA	407821	KK114058	686617	686689	SO:0000253,GO:0030533	8256282,9023104	1	Stegodyphus mimosarum	Eukaryota Metazoa Arthropoda Chelicerata Arachnida Araneae Araneomorphae Entelegynae Eresoidea Eresidae Stegodyphus.
RF00005	RF00005	tRNA	full	tRNA	407821	KK114058	733972	734044	SO:0000253,GO:0030533	8256282,9023104	1	Stegodyphus mimosarum	Eukaryota Metazoa Arthropoda Chelicerata Arachnida Araneae Araneomorphae Entelegynae Eresoidea Eresidae Stegodyphus.
RF00005	RF00005	tRNA	full	tRNA	407821	KK114058	734221	734293	SO:0000253,GO:0030533	8256282,9023104	1	Stegodyphus mimosarum	Eukaryota Metazoa Arthropoda Chelicerata Arachnida Araneae Araneomorphae Entelegynae Eresoidea Eresidae Stegodyphus.
RF00005	RF00005	tRNA	full	tRNA	407821	KK114059	39569	39497	SO:0000253,GO:0030533	8256282,9023104	1	Stegodyphus mimosarum	Eukaryota Metazoa Arthropoda Chelicerata Arachnida Araneae Araneomorphae Entelegynae Eresoidea Eresidae Stegodyphus.
RF00005	RF00005	tRNA	full	tRNA	407821	KK114060	89900	89972	SO:0000253,GO:0030533	8256282,9023104	1	Stegodyphus mimosarum	Eukaryota Metazoa Arthropoda Chelicerata Arachnida Araneae Araneomorphae Entelegynae Eresoidea Eresidae Stegodyphus.
RF00005	RF00005	tRNA	full	tRNA	407821	KK114060	98242	98170	SO:0000253,GO:0030533	8256282,9023104	1	Stegodyphus mimosarum	Eukaryota Metazoa Arthropoda Chelicerata Arachnida Araneae Araneomorphae Entelegynae Eresoidea Eresidae Stegodyphus.
RF00005	RF00005	tRNA	full	tRNA	407821	KK114060	102263	102202	SO:0000253,GO:0030533	8256282,9023104	1	Stegodyphus mimosarum	Eukaryota Metazoa Arthropoda Chelicerata Arachnida Araneae Araneomorphae Entelegynae Eresoidea Eresidae Stegodyphus.
RF00005	RF00005	tRNA	full	tRNA	407821	KK114060	170782	170710	SO:0000253,GO:0030533	8256282,9023104	1	Stegodyphus mimosarum	Eukaryota Metazoa Arthropoda Chelicerata Arachnida Araneae Araneomorphae Entelegynae Eresoidea Eresidae Stegodyphus.
RF00005	RF00005	tRNA	full	tRNA	407821	KK114060	171775	171703	SO:0000253,GO:0030533	8256282,9023104	1	Stegodyphus mimosarum	Eukaryota Metazoa Arthropoda Chelicerata Arachnida Araneae Araneomorphae Entelegynae Eresoidea Eresidae Stegodyphus.
RF00005	RF00005	tRNA	full	tRNA	407821	KK114060	254182	254254	SO:0000253,GO:0030533	8256282,9023104	1	Stegodyphus mimosarum	Eukaryota Metazoa Arthropoda Chelicerata Arachnida Araneae Araneomorphae Entelegynae Eresoidea Eresidae Stegodyphus.
RF00005	RF00005	tRNA	full	tRNA	407821	KK114060	257048	256975	SO:0000253,GO:0030533	8256282,9023104	1	Stegodyphus mimosarum	Eukaryota Metazoa Arthropoda Chelicerata Arachnida Araneae Araneomorphae Entelegynae Eresoidea Eresidae Stegodyphus.
RF00005	RF00005	tRNA	full	tRNA	407821	KK114060	257302	257230	SO:0000253,GO:0030533	8256282,9023104	1	Stegodyphus mimosarum	Eukaryota Metazoa Arthropoda Chelicerata Arachnida Araneae Araneomorphae Entelegynae Eresoidea Eresidae Stegodyphus.
RF00005	RF00005	tRNA	full	tRNA	407821	KK114060	273982	274052	SO:0000253,GO:0030533	8256282,9023104	1	Stegodyphus mimosarum	Eukaryota Metazoa Arthropoda Chelicerata Arachnida Araneae Araneomorphae Entelegynae Eresoidea Eresidae Stegodyphus.
RF00005	RF00005	tRNA	full	tRNA	407821	KK114060	363603	363675	SO:0000253,GO:0030533	8256282,9023104	1	Stegodyphus mimosarum	Eukaryota Metazoa Arthropoda Chelicerata Arachnida Araneae Araneomorphae Entelegynae Eresoidea Eresidae Stegodyphus.
RF00005	RF00005	tRNA	full	tRNA	407821	KK114061	8514	8586	SO:0000253,GO:0030533	8256282,9023104	1	Stegodyphus mimosarum	Eukaryota Metazoa Arthropoda Chelicerata Arachnida Araneae Araneomorphae Entelegynae Eresoidea Eresidae Stegodyphus.
RF00005	RF00005	tRNA	full	tRNA	407821	KK114061	16375	16448	SO:0000253,GO:0030533	8256282,9023104	1	Stegodyphus mimosarum	Eukaryota Metazoa Arthropoda Chelicerata Arachnida Araneae Araneomorphae Entelegynae Eresoidea Eresidae Stegodyphus.
RF00005	RF00005	tRNA	full	tRNA	407821	KK114061	22825	22753	SO:0000253,GO:0030533	8256282,9023104	1	Stegodyphus mimosarum	Eukaryota Metazoa Arthropoda Chelicerata Arachnida Araneae Araneomorphae Entelegynae Eresoidea Eresidae Stegodyphus.
RF00005	RF00005	tRNA	full	tRNA	407821	KK114061	23057	23129	SO:0000253,GO:0030533	8256282,9023104	1	Stegodyphus mimosarum	Eukaryota Metazoa Arthropoda Chelicerata Arachnida Araneae Araneomorphae Entelegynae Eresoidea Eresidae Stegodyphus.
RF00005	RF00005	tRNA	full	tRNA	407821	KK114061	54988	54916	SO:0000253,GO:0030533	8256282,9023104	1	Stegodyphus mimosarum	Eukaryota Metazoa Arthropoda Chelicerata Arachnida Araneae Araneomorphae Entelegynae Eresoidea Eresidae Stegodyphus.
RF00005	RF00005	tRNA	full	tRNA	407821	KK114061	349973	349901	SO:0000253,GO:0030533	8256282,9023104	1	Stegodyphus mimosarum	Eukaryota Metazoa Arthropoda Chelicerata Arachnida Araneae Araneomorphae Entelegynae Eresoidea Eresidae Stegodyphus.
RF00005	RF00005	tRNA	full	tRNA	407821	KK114062	28304	28232	SO:0000253,GO:0030533	8256282,9023104	1	Stegodyphus mimosarum	Eukaryota Metazoa Arthropoda Chelicerata Arachnida Araneae Araneomorphae Entelegynae Eresoidea Eresidae Stegodyphus.
RF00005	RF00005	tRNA	full	tRNA	407821	KK114062	120869	120797	SO:0000253,GO:0030533	8256282,9023104	1	Stegodyphus mimosarum	Eukaryota Metazoa Arthropoda Chelicerata Arachnida Araneae Araneomorphae Entelegynae Eresoidea Eresidae Stegodyphus.
RF00005	RF00005	tRNA	full	tRNA	407821	KK114062	204303	204231	SO:0000253,GO:0030533	8256282,9023104	1	Stegodyphus mimosarum	Eukaryota Metazoa Arthropoda Chelicerata Arachnida Araneae Araneomorphae Entelegynae Eresoidea Eresidae Stegodyphus.
RF00005	RF00005	tRNA	full	tRNA	407821	KK114062	263146	263074	SO:0000253,GO:0030533	8256282,9023104	1	Stegodyphus mimosarum	Eukaryota Metazoa Arthropoda Chelicerata Arachnida Araneae Araneomorphae Entelegynae Eresoidea Eresidae Stegodyphus.
RF00005	RF00005	tRNA	full	tRNA	407821	KK114062	309464	309392	SO:0000253,GO:0030533	8256282,9023104	1	Stegodyphus mimosarum	Eukaryota Metazoa Arthropoda Chelicerata Arachnida Araneae Araneomorphae Entelegynae Eresoidea Eresidae Stegodyphus.
RF00005	RF00005	tRNA	full	tRNA	407821	KK114062	337924	337852	SO:0000253,GO:0030533	8256282,9023104	1	Stegodyphus mimosarum	Eukaryota Metazoa Arthropoda Chelicerata Arachnida Araneae Araneomorphae Entelegynae Eresoidea Eresidae Stegodyphus.
RF00005	RF00005	tRNA	full	tRNA	407821	KK114062	380899	380827	SO:0000253,GO:0030533	8256282,9023104	1	Stegodyphus mimosarum	Eukaryota Metazoa Arthropoda Chelicerata Arachnida Araneae Araneomorphae Entelegynae Eresoidea Eresidae Stegodyphus.
RF00005	RF00005	tRNA	full	tRNA	407821	KK114062	381152	381080	SO:0000253,GO:0030533	8256282,9023104	1	Stegodyphus mimosarum	Eukaryota Metazoa Arthropoda Chelicerata Arachnida Araneae Araneomorphae Entelegynae Eresoidea Eresidae Stegodyphus.
RF00005	RF00005	tRNA	full	tRNA	407821	KK114062	383856	383928	SO:0000253,GO:0030533	8256282,9023104	1	Stegodyphus mimosarum	Eukaryota Metazoa Arthropoda Chelicerata Arachnida Araneae Araneomorphae Entelegynae Eresoidea Eresidae Stegodyphus.
RF00005	RF00005	tRNA	full	tRNA	407821	KK114062	393270	393342	SO:0000253,GO:0030533	8256282,9023104	1	Stegodyphus mimosarum	Eukaryota Metazoa Arthropoda Chelicerata Arachnida Araneae Araneomorphae Entelegynae Eresoidea Eresidae Stegodyphus.
RF00005	RF00005	tRNA	full	tRNA	407821	KK114062	421268	421340	SO:0000253,GO:0030533	8256282,9023104	1	Stegodyphus mimosarum	Eukaryota Metazoa Arthropoda Chelicerata Arachnida Araneae Araneomorphae Entelegynae Eresoidea Eresidae Stegodyphus.
RF00005	RF00005	tRNA	full	tRNA	407821	KK114062	463505	463577	SO:0000253,GO:0030533	8256282,9023104	1	Stegodyphus mimosarum	Eukaryota Metazoa Arthropoda Chelicerata Arachnida Araneae Araneomorphae Entelegynae Eresoidea Eresidae Stegodyphus.
RF00005	RF00005	tRNA	full	tRNA	407821	KK114062	463739	463811	SO:0000253,GO:0030533	8256282,9023104	1	Stegodyphus mimosarum	Eukaryota Metazoa Arthropoda Chelicerata Arachnida Araneae Araneomorphae Entelegynae Eresoidea Eresidae Stegodyphus.
RF00005	RF00005	tRNA	full	tRNA	407821	KK114062	489343	489272	SO:0000253,GO:0030533	8256282,9023104	1	Stegodyphus mimosarum	Eukaryota Metazoa Arthropoda Chelicerata Arachnida Araneae Araneomorphae Entelegynae Eresoidea Eresidae Stegodyphus.
RF00005	RF00005	tRNA	full	tRNA	407821	KK114062	597433	597503	SO:0000253,GO:0030533	8256282,9023104	1	Stegodyphus mimosarum	Eukaryota Metazoa Arthropoda Chelicerata Arachnida Araneae Araneomorphae Entelegynae Eresoidea Eresidae Stegodyphus.
RF00005	RF00005	tRNA	full	tRNA	407821	KK114062	605365	605293	SO:0000253,GO:0030533	8256282,9023104	1	Stegodyphus mimosarum	Eukaryota Metazoa Arthropoda Chelicerata Arachnida Araneae Araneomorphae Entelegynae Eresoidea Eresidae Stegodyphus.
RF00005	RF00005	tRNA	full	tRNA	407821	KK114062	777090	777162	SO:0000253,GO:0030533	8256282,9023104	1	Stegodyphus mimosarum	Eukaryota Metazoa Arthropoda Chelicerata Arachnida Araneae Araneomorphae Entelegynae Eresoidea Eresidae Stegodyphus.
RF00005	RF00005	tRNA	full	tRNA	407821	KK114065	118523	118451	SO:0000253,GO:0030533	8256282,9023104	1	Stegodyphus mimosarum	Eukaryota Metazoa Arthropoda Chelicerata Arachnida Araneae Araneomorphae Entelegynae Eresoidea Eresidae Stegodyphus.
RF00005	RF00005	tRNA	full	tRNA	407821	KK114065	165930	165858	SO:0000253,GO:0030533	8256282,9023104	1	Stegodyphus mimosarum	Eukaryota Metazoa Arthropoda Chelicerata Arachnida Araneae Araneomorphae Entelegynae Eresoidea Eresidae Stegodyphus.
RF00005	RF00005	tRNA	full	tRNA	407821	KK114065	166186	166114	SO:0000253,GO:0030533	8256282,9023104	1	Stegodyphus mimosarum	Eukaryota Metazoa Arthropoda Chelicerata Arachnida Araneae Araneomorphae Entelegynae Eresoidea Eresidae Stegodyphus.
RF00005	RF00005	tRNA	full	tRNA	407821	KK114065	189090	189162	SO:0000253,GO:0030533	8256282,9023104	1	Stegodyphus mimosarum	Eukaryota Metazoa Arthropoda Chelicerata Arachnida Araneae Araneomorphae Entelegynae Eresoidea Eresidae Stegodyphus.
RF00005	RF00005	tRNA	full	tRNA	407821	KK114065	194340	194412	SO:0000253,GO:0030533	8256282,9023104	1	Stegodyphus mimosarum	Eukaryota Metazoa Arthropoda Chelicerata Arachnida Araneae Araneomorphae Entelegynae Eresoidea Eresidae Stegodyphus.
RF00005	RF00005	tRNA	full	tRNA	407821	KK114065	234755	234683	SO:0000253,GO:0030533	8256282,9023104	1	Stegodyphus mimosarum	Eukaryota Metazoa Arthropoda Chelicerata Arachnida Araneae Araneomorphae Entelegynae Eresoidea Eresidae Stegodyphus.
RF00005	RF00005	tRNA	full	tRNA	407821	KK114065	279836	279908	SO:0000253,GO:0030533	8256282,9023104	1	Stegodyphus mimosarum	Eukaryota Metazoa Arthropoda Chelicerata Arachnida Araneae Araneomorphae Entelegynae Eresoidea Eresidae Stegodyphus.
RF00005	RF00005	tRNA	full	tRNA	407821	KK114065	280093	280165	SO:0000253,GO:0030533	8256282,9023104	1	Stegodyphus mimosarum	Eukaryota Metazoa Arthropoda Chelicerata Arachnida Araneae Araneomorphae Entelegynae Eresoidea Eresidae Stegodyphus.
RF00005	RF00005	tRNA	full	tRNA	407821	KK114065	298165	298093	SO:0000253,GO:0030533	8256282,9023104	1	Stegodyphus mimosarum	Eukaryota Metazoa Arthropoda Chelicerata Arachnida Araneae Araneomorphae Entelegynae Eresoidea Eresidae Stegodyphus.
RF00005	RF00005	tRNA	full	tRNA	407821	KK114065	350003	349931	SO:0000253,GO:0030533	8256282,9023104	1	Stegodyphus mimosarum	Eukaryota Metazoa Arthropoda Chelicerata Arachnida Araneae Araneomorphae Entelegynae Eresoidea Eresidae Stegodyphus.
RF00005	RF00005	tRNA	full	tRNA	407821	KK114065	359658	359586	SO:0000253,GO:0030533	8256282,9023104	1	Stegodyphus mimosarum	Eukaryota Metazoa Arthropoda Chelicerata Arachnida Araneae Araneomorphae Entelegynae Eresoidea Eresidae Stegodyphus.
RF00005	RF00005	tRNA	full	tRNA	407821	KK114066	20404	20332	SO:0000253,GO:0030533	8256282,9023104	1	Stegodyphus mimosarum	Eukaryota Metazoa Arthropoda Chelicerata Arachnida Araneae Araneomorphae Entelegynae Eresoidea Eresidae Stegodyphus.
RF00005	RF00005	tRNA	full	tRNA	407821	KK114066	78411	78341	SO:0000253,GO:0030533	8256282,9023104	1	Stegodyphus mimosarum	Eukaryota Metazoa Arthropoda Chelicerata Arachnida Araneae Araneomorphae Entelegynae Eresoidea Eresidae Stegodyphus.
RF00005	RF00005	tRNA	full	tRNA	407821	KK114066	92043	91971	SO:0000253,GO:0030533	8256282,9023104	1	Stegodyphus mimosarum	Eukaryota Metazoa Arthropoda Chelicerata Arachnida Araneae Araneomorphae Entelegynae Eresoidea Eresidae Stegodyphus.
RF00005	RF00005	tRNA	full	tRNA	407821	KK114066	146384	146312	SO:0000253,GO:0030533	8256282,9023104	1	Stegodyphus mimosarum	Eukaryota Metazoa Arthropoda Chelicerata Arachnida Araneae Araneomorphae Entelegynae Eresoidea Eresidae Stegodyphus.
RF00005	RF00005	tRNA	full	tRNA	407821	KK114066	164769	164697	SO:0000253,GO:0030533	8256282,9023104	1	Stegodyphus mimosarum	Eukaryota Metazoa Arthropoda Chelicerata Arachnida Araneae Araneomorphae Entelegynae Eresoidea Eresidae Stegodyphus.
RF00005	RF00005	tRNA	full	tRNA	407821	KK114066	165515	165587	SO:0000253,GO:0030533	8256282,9023104	1	Stegodyphus mimosarum	Eukaryota Metazoa Arthropoda Chelicerata Arachnida Araneae Araneomorphae Entelegynae Eresoidea Eresidae Stegodyphus.
RF00005	RF00005	tRNA	full	tRNA	407821	KK114066	173323	173251	SO:0000253,GO:0030533	8256282,9023104	1	Stegodyphus mimosarum	Eukaryota Metazoa Arthropoda Chelicerata Arachnida Araneae Araneomorphae Entelegynae Eresoidea Eresidae Stegodyphus.
RF00005	RF00005	tRNA	full	tRNA	407821	KK114066	201932	201861	SO:0000253,GO:0030533	8256282,9023104	1	Stegodyphus mimosarum	Eukaryota Metazoa Arthropoda Chelicerata Arachnida Araneae Araneomorphae Entelegynae Eresoidea Eresidae Stegodyphus.
RF00005	RF00005	tRNA	full	tRNA	407821	KK114066	241597	241540	SO:0000253,GO:0030533	8256282,9023104	1	Stegodyphus mimosarum	Eukaryota Metazoa Arthropoda Chelicerata Arachnida Araneae Araneomorphae Entelegynae Eresoidea Eresidae Stegodyphus.
RF00005	RF00005	tRNA	full	tRNA	407821	KK114066	282145	282073	SO:0000253,GO:0030533	8256282,9023104	1	Stegodyphus mimosarum	Eukaryota Metazoa Arthropoda Chelicerata Arachnida Araneae Araneomorphae Entelegynae Eresoidea Eresidae Stegodyphus.
RF00005	RF00005	tRNA	full	tRNA	407821	KK114066	282398	282326	SO:0000253,GO:0030533	8256282,9023104	1	Stegodyphus mimosarum	Eukaryota Metazoa Arthropoda Chelicerata Arachnida Araneae Araneomorphae Entelegynae Eresoidea Eresidae Stegodyphus.
RF00005	RF00005	tRNA	full	tRNA	407821	KK114066	309053	308981	SO:0000253,GO:0030533	8256282,9023104	1	Stegodyphus mimosarum	Eukaryota Metazoa Arthropoda Chelicerata Arachnida Araneae Araneomorphae Entelegynae Eresoidea Eresidae Stegodyphus.
RF00005	RF00005	tRNA	full	tRNA	407821	KK114066	332604	332532	SO:0000253,GO:0030533	8256282,9023104	1	Stegodyphus mimosarum	Eukaryota Metazoa Arthropoda Chelicerata Arachnida Araneae Araneomorphae Entelegynae Eresoidea Eresidae Stegodyphus.
RF00005	RF00005	tRNA	full	tRNA	407821	KK114066	332846	332774	SO:0000253,GO:0030533	8256282,9023104	1	Stegodyphus mimosarum	Eukaryota Metazoa Arthropoda Chelicerata Arachnida Araneae Araneomorphae Entelegynae Eresoidea Eresidae Stegodyphus.
RF00005	RF00005	tRNA	full	tRNA	407821	KK114066	470928	471000	SO:0000253,GO:0030533	8256282,9023104	1	Stegodyphus mimosarum	Eukaryota Metazoa Arthropoda Chelicerata Arachnida Araneae Araneomorphae Entelegynae Eresoidea Eresidae Stegodyphus.
RF00005	RF00005	tRNA	full	tRNA	407821	KK114066	471165	471236	SO:0000253,GO:0030533	8256282,9023104	1	Stegodyphus mimosarum	Eukaryota Metazoa Arthropoda Chelicerata Arachnida Araneae Araneomorphae Entelegynae Eresoidea Eresidae Stegodyphus.
RF00005	RF00005	tRNA	full	tRNA	407821	KK114066	481813	481743	SO:0000253,GO:0030533	8256282,9023104	1	Stegodyphus mimosarum	Eukaryota Metazoa Arthropoda Chelicerata Arachnida Araneae Araneomorphae Entelegynae Eresoidea Eresidae Stegodyphus.
RF00005	RF00005	tRNA	full	tRNA	407821	KK114066	522166	522240	SO:0000253,GO:0030533	8256282,9023104	1	Stegodyphus mimosarum	Eukaryota Metazoa Arthropoda Chelicerata Arachnida Araneae Araneomorphae Entelegynae Eresoidea Eresidae Stegodyphus.
RF00005	RF00005	tRNA	full	tRNA	407821	KK114066	549494	549566	SO:0000253,GO:0030533	8256282,9023104	1	Stegodyphus mimosarum	Eukaryota Metazoa Arthropoda Chelicerata Arachnida Araneae Araneomorphae Entelegynae Eresoidea Eresidae Stegodyphus.
RF00005	RF00005	tRNA	full	tRNA	407821	KK114066	639722	639650	SO:0000253,GO:0030533	8256282,9023104	1	Stegodyphus mimosarum	Eukaryota Metazoa Arthropoda Chelicerata Arachnida Araneae Araneomorphae Entelegynae Eresoidea Eresidae Stegodyphus.
RF00005	RF00005	tRNA	full	tRNA	407821	KK114066	639977	639905	SO:0000253,GO:0030533	8256282,9023104	1	Stegodyphus mimosarum	Eukaryota Metazoa Arthropoda Chelicerata Arachnida Araneae Araneomorphae Entelegynae Eresoidea Eresidae Stegodyphus.
RF00005	RF00005	tRNA	full	tRNA	407821	KK114066	658491	658563	SO:0000253,GO:0030533	8256282,9023104	1	Stegodyphus mimosarum	Eukaryota Metazoa Arthropoda Chelicerata Arachnida Araneae Araneomorphae Entelegynae Eresoidea Eresidae Stegodyphus.
RF00005	RF00005	tRNA	full	tRNA	407821	KK114066	658745	658817	SO:0000253,GO:0030533	8256282,9023104	1	Stegodyphus mimosarum	Eukaryota Metazoa Arthropoda Chelicerata Arachnida Araneae Araneomorphae Entelegynae Eresoidea Eresidae Stegodyphus.
RF00005	RF00005	tRNA	full	tRNA	407821	KK114066	675634	675562	SO:0000253,GO:0030533	8256282,9023104	1	Stegodyphus mimosarum	Eukaryota Metazoa Arthropoda Chelicerata Arachnida Araneae Araneomorphae Entelegynae Eresoidea Eresidae Stegodyphus.
RF00005	RF00005	tRNA	full	tRNA	407821	KK114066	675887	675816	SO:0000253,GO:0030533	8256282,9023104	1	Stegodyphus mimosarum	Eukaryota Metazoa Arthropoda Chelicerata Arachnida Araneae Araneomorphae Entelegynae Eresoidea Eresidae Stegodyphus.
RF00005	RF00005	tRNA	full	tRNA	407821	KK114066	691141	691202	SO:0000253,GO:0030533	8256282,9023104	1	Stegodyphus mimosarum	Eukaryota Metazoa Arthropoda Chelicerata Arachnida Araneae Araneomorphae Entelegynae Eresoidea Eresidae Stegodyphus.
RF00005	RF00005	tRNA	full	tRNA	407821	KK114066	691385	691457	SO:0000253,GO:0030533	8256282,9023104	1	Stegodyphus mimosarum	Eukaryota Metazoa Arthropoda Chelicerata Arachnida Araneae Araneomorphae Entelegynae Eresoidea Eresidae Stegodyphus.
RF00005	RF00005	tRNA	full	tRNA	407821	KK114066	692366	692294	SO:0000253,GO:0030533	8256282,9023104	1	Stegodyphus mimosarum	Eukaryota Metazoa Arthropoda Chelicerata Arachnida Araneae Araneomorphae Entelegynae Eresoidea Eresidae Stegodyphus.
RF00005	RF00005	tRNA	full	tRNA	407821	KK114066	692620	692548	SO:0000253,GO:0030533	8256282,9023104	1	Stegodyphus mimosarum	Eukaryota Metazoa Arthropoda Chelicerata Arachnida Araneae Araneomorphae Entelegynae Eresoidea Eresidae Stegodyphus.
RF00005	RF00005	tRNA	full	tRNA	407821	KK114066	862420	862348	SO:0000253,GO:0030533	8256282,9023104	1	Stegodyphus mimosarum	Eukaryota Metazoa Arthropoda Chelicerata Arachnida Araneae Araneomorphae Entelegynae Eresoidea Eresidae Stegodyphus.
RF00005	RF00005	tRNA	full	tRNA	407821	KK114066	884683	884755	SO:0000253,GO:0030533	8256282,9023104	1	Stegodyphus mimosarum	Eukaryota Metazoa Arthropoda Chelicerata Arachnida Araneae Araneomorphae Entelegynae Eresoidea Eresidae Stegodyphus.
RF00005	RF00005	tRNA	full	tRNA	407821	KK114066	892837	892907	SO:0000253,GO:0030533	8256282,9023104	1	Stegodyphus mimosarum	Eukaryota Metazoa Arthropoda Chelicerata Arachnida Araneae Araneomorphae Entelegynae Eresoidea Eresidae Stegodyphus.
RF00005	RF00005	tRNA	full	tRNA	407821	KK114066	893603	893675	SO:0000253,GO:0030533	8256282,9023104	1	Stegodyphus mimosarum	Eukaryota Metazoa Arthropoda Chelicerata Arachnida Araneae Araneomorphae Entelegynae Eresoidea Eresidae Stegodyphus.
RF00005	RF00005	tRNA	full	tRNA	407821	KK114066	893857	893929	SO:0000253,GO:0030533	8256282,9023104	1	Stegodyphus mimosarum	Eukaryota Metazoa Arthropoda Chelicerata Arachnida Araneae Araneomorphae Entelegynae Eresoidea Eresidae Stegodyphus.
RF00005	RF00005	tRNA	full	tRNA	407821	KK114066	1187620	1187549	SO:0000253,GO:0030533	8256282,9023104	1	Stegodyphus mimosarum	Eukaryota Metazoa Arthropoda Chelicerata Arachnida Araneae Araneomorphae Entelegynae Eresoidea Eresidae Stegodyphus.
RF00005	RF00005	tRNA	full	tRNA	407821	KK114066	1243351	1243280	SO:0000253,GO:0030533	8256282,9023104	1	Stegodyphus mimosarum	Eukaryota Metazoa Arthropoda Chelicerata Arachnida Araneae Araneomorphae Entelegynae Eresoidea Eresidae Stegodyphus.
RF00005	RF00005	tRNA	full	tRNA	407821	KK114070	186791	186863	SO:0000253,GO:0030533	8256282,9023104	1	Stegodyphus mimosarum	Eukaryota Metazoa Arthropoda Chelicerata Arachnida Araneae Araneomorphae Entelegynae Eresoidea Eresidae Stegodyphus.
RF00005	RF00005	tRNA	full	tRNA	407821	KK114070	477642	477714	SO:0000253,GO:0030533	8256282,9023104	1	Stegodyphus mimosarum	Eukaryota Metazoa Arthropoda Chelicerata Arachnida Araneae Araneomorphae Entelegynae Eresoidea Eresidae Stegodyphus.
RF00005	RF00005	tRNA	full	tRNA	407821	KK114070	577095	577023	SO:0000253,GO:0030533	8256282,9023104	1	Stegodyphus mimosarum	Eukaryota Metazoa Arthropoda Chelicerata Arachnida Araneae Araneomorphae Entelegynae Eresoidea Eresidae Stegodyphus.
RF00005	RF00005	tRNA	full	tRNA	407821	KK114070	657786	657714	SO:0000253,GO:0030533	8256282,9023104	1	Stegodyphus mimosarum	Eukaryota Metazoa Arthropoda Chelicerata Arachnida Araneae Araneomorphae Entelegynae Eresoidea Eresidae Stegodyphus.
RF00005	RF00005	tRNA	full	tRNA	407821	KK114070	658039	657967	SO:0000253,GO:0030533	8256282,9023104	1	Stegodyphus mimosarum	Eukaryota Metazoa Arthropoda Chelicerata Arachnida Araneae Araneomorphae Entelegynae Eresoidea Eresidae Stegodyphus.
RF00005	RF00005	tRNA	full	tRNA	407821	KK114071	28990	28918	SO:0000253,GO:0030533	8256282,9023104	1	Stegodyphus mimosarum	Eukaryota Metazoa Arthropoda Chelicerata Arachnida Araneae Araneomorphae Entelegynae Eresoidea Eresidae Stegodyphus.
RF00005	RF00005	tRNA	full	tRNA	407821	KK114073	18172	18244	SO:0000253,GO:0030533	8256282,9023104	1	Stegodyphus mimosarum	Eukaryota Metazoa Arthropoda Chelicerata Arachnida Araneae Araneomorphae Entelegynae Eresoidea Eresidae Stegodyphus.
RF00005	RF00005	tRNA	full	tRNA	407821	KK114073	20200	20128	SO:0000253,GO:0030533	8256282,9023104	1	Stegodyphus mimosarum	Eukaryota Metazoa Arthropoda Chelicerata Arachnida Araneae Araneomorphae Entelegynae Eresoidea Eresidae Stegodyphus.
RF00005	RF00005	tRNA	full	tRNA	407821	KK114073	25888	25960	SO:0000253,GO:0030533	8256282,9023104	1	Stegodyphus mimosarum	Eukaryota Metazoa Arthropoda Chelicerata Arachnida Araneae Araneomorphae Entelegynae Eresoidea Eresidae Stegodyphus.
RF00005	RF00005	tRNA	full	tRNA	407821	KK114073	40874	40946	SO:0000253,GO:0030533	8256282,9023104	1	Stegodyphus mimosarum	Eukaryota Metazoa Arthropoda Chelicerata Arachnida Araneae Araneomorphae Entelegynae Eresoidea Eresidae Stegodyphus.
RF00005	RF00005	tRNA	full	tRNA	407821	KK114075	16510	16438	SO:0000253,GO:0030533	8256282,9023104	1	Stegodyphus mimosarum	Eukaryota Metazoa Arthropoda Chelicerata Arachnida Araneae Araneomorphae Entelegynae Eresoidea Eresidae Stegodyphus.
RF00005	RF00005	tRNA	full	tRNA	407821	KK114075	62592	62664	SO:0000253,GO:0030533	8256282,9023104	1	Stegodyphus mimosarum	Eukaryota Metazoa Arthropoda Chelicerata Arachnida Araneae Araneomorphae Entelegynae Eresoidea Eresidae Stegodyphus.
RF00005	RF00005	tRNA	full	tRNA	407821	KK114075	138396	138324	SO:0000253,GO:0030533	8256282,9023104	1	Stegodyphus mimosarum	Eukaryota Metazoa Arthropoda Chelicerata Arachnida Araneae Araneomorphae Entelegynae Eresoidea Eresidae Stegodyphus.
RF00005	RF00005	tRNA	full	tRNA	407821	KK114075	293189	293261	SO:0000253,GO:0030533	8256282,9023104	1	Stegodyphus mimosarum	Eukaryota Metazoa Arthropoda Chelicerata Arachnida Araneae Araneomorphae Entelegynae Eresoidea Eresidae Stegodyphus.
RF00005	RF00005	tRNA	full	tRNA	407821	KK114076	62057	61985	SO:0000253,GO:0030533	8256282,9023104	1	Stegodyphus mimosarum	Eukaryota Metazoa Arthropoda Chelicerata Arachnida Araneae Araneomorphae Entelegynae Eresoidea Eresidae Stegodyphus.
RF00005	RF00005	tRNA	full	tRNA	407821	KK114076	62310	62238	SO:0000253,GO:0030533	8256282,9023104	1	Stegodyphus mimosarum	Eukaryota Metazoa Arthropoda Chelicerata Arachnida Araneae Araneomorphae Entelegynae Eresoidea Eresidae Stegodyphus.
RF00005	RF00005	tRNA	full	tRNA	407821	KK114076	126337	126409	SO:0000253,GO:0030533	8256282,9023104	1	Stegodyphus mimosarum	Eukaryota Metazoa Arthropoda Chelicerata Arachnida Araneae Araneomorphae Entelegynae Eresoidea Eresidae Stegodyphus.
RF00005	RF00005	tRNA	full	tRNA	407821	KK114076	126594	126666	SO:0000253,GO:0030533	8256282,9023104	1	Stegodyphus mimosarum	Eukaryota Metazoa Arthropoda Chelicerata Arachnida Araneae Araneomorphae Entelegynae Eresoidea Eresidae Stegodyphus.
RF00005	RF00005	tRNA	full	tRNA	407821	KK114076	294134	294062	SO:0000253,GO:0030533	8256282,9023104	1	Stegodyphus mimosarum	Eukaryota Metazoa Arthropoda Chelicerata Arachnida Araneae Araneomorphae Entelegynae Eresoidea Eresidae Stegodyphus.
RF00005	RF00005	tRNA	full	tRNA	407821	KK114079	52064	52136	SO:0000253,GO:0030533	8256282,9023104	1	Stegodyphus mimosarum	Eukaryota Metazoa Arthropoda Chelicerata Arachnida Araneae Araneomorphae Entelegynae Eresoidea Eresidae Stegodyphus.
RF00005	RF00005	tRNA	full	tRNA	407821	KK114079	52315	52387	SO:0000253,GO:0030533	8256282,9023104	1	Stegodyphus mimosarum	Eukaryota Metazoa Arthropoda Chelicerata Arachnida Araneae Araneomorphae Entelegynae Eresoidea Eresidae Stegodyphus.
RF00005	RF00005	tRNA	full	tRNA	407821	KK114079	82953	82881	SO:0000253,GO:0030533	8256282,9023104	1	Stegodyphus mimosarum	Eukaryota Metazoa Arthropoda Chelicerata Arachnida Araneae Araneomorphae Entelegynae Eresoidea Eresidae Stegodyphus.
RF00005	RF00005	tRNA	full	tRNA	407821	KK114079	94565	94637	SO:0000253,GO:0030533	8256282,9023104	1	Stegodyphus mimosarum	Eukaryota Metazoa Arthropoda Chelicerata Arachnida Araneae Araneomorphae Entelegynae Eresoidea Eresidae Stegodyphus.
RF00005	RF00005	tRNA	full	tRNA	407821	KK114079	124388	124460	SO:0000253,GO:0030533	8256282,9023104	1	Stegodyphus mimosarum	Eukaryota Metazoa Arthropoda Chelicerata Arachnida Araneae Araneomorphae Entelegynae Eresoidea Eresidae Stegodyphus.
RF00005	RF00005	tRNA	full	tRNA	407821	KK114079	133715	133785	SO:0000253,GO:0030533	8256282,9023104	1	Stegodyphus mimosarum	Eukaryota Metazoa Arthropoda Chelicerata Arachnida Araneae Araneomorphae Entelegynae Eresoidea Eresidae Stegodyphus.
RF00005	RF00005	tRNA	full	tRNA	407821	KK114079	153301	153370	SO:0000253,GO:0030533	8256282,9023104	1	Stegodyphus mimosarum	Eukaryota Metazoa Arthropoda Chelicerata Arachnida Araneae Araneomorphae Entelegynae Eresoidea Eresidae Stegodyphus.
RF00005	RF00005	tRNA	full	tRNA	407821	KK114080	87223	87295	SO:0000253,GO:0030533	8256282,9023104	1	Stegodyphus mimosarum	Eukaryota Metazoa Arthropoda Chelicerata Arachnida Araneae Araneomorphae Entelegynae Eresoidea Eresidae Stegodyphus.
RF00005	RF00005	tRNA	full	tRNA	407821	KK114080	175875	175947	SO:0000253,GO:0030533	8256282,9023104	1	Stegodyphus mimosarum	Eukaryota Metazoa Arthropoda Chelicerata Arachnida Araneae Araneomorphae Entelegynae Eresoidea Eresidae Stegodyphus.
RF00005	RF00005	tRNA	full	tRNA	407821	KK114080	183375	183447	SO:0000253,GO:0030533	8256282,9023104	1	Stegodyphus mimosarum	Eukaryota Metazoa Arthropoda Chelicerata Arachnida Araneae Araneomorphae Entelegynae Eresoidea Eresidae Stegodyphus.
RF00005	RF00005	tRNA	full	tRNA	407821	KK114080	183628	183700	SO:0000253,GO:0030533	8256282,9023104	1	Stegodyphus mimosarum	Eukaryota Metazoa Arthropoda Chelicerata Arachnida Araneae Araneomorphae Entelegynae Eresoidea Eresidae Stegodyphus.
RF00005	RF00005	tRNA	full	tRNA	407821	KK114080	192533	192605	SO:0000253,GO:0030533	8256282,9023104	1	Stegodyphus mimosarum	Eukaryota Metazoa Arthropoda Chelicerata Arachnida Araneae Araneomorphae Entelegynae Eresoidea Eresidae Stegodyphus.
RF00005	RF00005	tRNA	full	tRNA	407821	KK114080	192786	192858	SO:0000253,GO:0030533	8256282,9023104	1	Stegodyphus mimosarum	Eukaryota Metazoa Arthropoda Chelicerata Arachnida Araneae Araneomorphae Entelegynae Eresoidea Eresidae Stegodyphus.
RF00005	RF00005	tRNA	full	tRNA	407821	KK114080	217108	217180	SO:0000253,GO:0030533	8256282,9023104	1	Stegodyphus mimosarum	Eukaryota Metazoa Arthropoda Chelicerata Arachnida Araneae Araneomorphae Entelegynae Eresoidea Eresidae Stegodyphus.
RF00005	RF00005	tRNA	full	tRNA	407821	KK114080	220384	220456	SO:0000253,GO:0030533	8256282,9023104	1	Stegodyphus mimosarum	Eukaryota Metazoa Arthropoda Chelicerata Arachnida Araneae Araneomorphae Entelegynae Eresoidea Eresidae Stegodyphus.
RF00005	RF00005	tRNA	full	tRNA	407821	KK114080	228371	228443	SO:0000253,GO:0030533	8256282,9023104	1	Stegodyphus mimosarum	Eukaryota Metazoa Arthropoda Chelicerata Arachnida Araneae Araneomorphae Entelegynae Eresoidea Eresidae Stegodyphus.
RF00005	RF00005	tRNA	full	tRNA	407821	KK114080	239398	239326	SO:0000253,GO:0030533	8256282,9023104	1	Stegodyphus mimosarum	Eukaryota Metazoa Arthropoda Chelicerata Arachnida Araneae Araneomorphae Entelegynae Eresoidea Eresidae Stegodyphus.
RF00005	RF00005	tRNA	full	tRNA	407821	KK114080	241847	241919	SO:0000253,GO:0030533	8256282,9023104	1	Stegodyphus mimosarum	Eukaryota Metazoa Arthropoda Chelicerata Arachnida Araneae Araneomorphae Entelegynae Eresoidea Eresidae Stegodyphus.
RF00005	RF00005	tRNA	full	tRNA	407821	KK114080	242545	242617	SO:0000253,GO:0030533	8256282,9023104	1	Stegodyphus mimosarum	Eukaryota Metazoa Arthropoda Chelicerata Arachnida Araneae Araneomorphae Entelegynae Eresoidea Eresidae Stegodyphus.
RF00005	RF00005	tRNA	full	tRNA	407821	KK114080	242796	242868	SO:0000253,GO:0030533	8256282,9023104	1	Stegodyphus mimosarum	Eukaryota Metazoa Arthropoda Chelicerata Arachnida Araneae Araneomorphae Entelegynae Eresoidea Eresidae Stegodyphus.
RF00005	RF00005	tRNA	full	tRNA	407821	KK114081	134722	134794	SO:0000253,GO:0030533	8256282,9023104	1	Stegodyphus mimosarum	Eukaryota Metazoa Arthropoda Chelicerata Arachnida Araneae Araneomorphae Entelegynae Eresoidea Eresidae Stegodyphus.
RF00005	RF00005	tRNA	full	tRNA	407821	KK114081	134976	135048	SO:0000253,GO:0030533	8256282,9023104	1	Stegodyphus mimosarum	Eukaryota Metazoa Arthropoda Chelicerata Arachnida Araneae Araneomorphae Entelegynae Eresoidea Eresidae Stegodyphus.
RF00005	RF00005	tRNA	full	tRNA	407821	KK114081	180870	180942	SO:0000253,GO:0030533	8256282,9023104	1	Stegodyphus mimosarum	Eukaryota Metazoa Arthropoda Chelicerata Arachnida Araneae Araneomorphae Entelegynae Eresoidea Eresidae Stegodyphus.
RF00005	RF00005	tRNA	full	tRNA	407821	KK114082	30119	30047	SO:0000253,GO:0030533	8256282,9023104	1	Stegodyphus mimosarum	Eukaryota Metazoa Arthropoda Chelicerata Arachnida Araneae Araneomorphae Entelegynae Eresoidea Eresidae Stegodyphus.
RF00005	RF00005	tRNA	full	tRNA	407821	KK114082	110329	110401	SO:0000253,GO:0030533	8256282,9023104	1	Stegodyphus mimosarum	Eukaryota Metazoa Arthropoda Chelicerata Arachnida Araneae Araneomorphae Entelegynae Eresoidea Eresidae Stegodyphus.
RF00005	RF00005	tRNA	full	tRNA	407821	KK114082	164986	165056	SO:0000253,GO:0030533	8256282,9023104	1	Stegodyphus mimosarum	Eukaryota Metazoa Arthropoda Chelicerata Arachnida Araneae Araneomorphae Entelegynae Eresoidea Eresidae Stegodyphus.
RF00005	RF00005	tRNA	full	tRNA	407821	KK114082	165357	165287	SO:0000253,GO:0030533	8256282,9023104	1	Stegodyphus mimosarum	Eukaryota Metazoa Arthropoda Chelicerata Arachnida Araneae Araneomorphae Entelegynae Eresoidea Eresidae Stegodyphus.
RF00005	RF00005	tRNA	full	tRNA	407821	KK114082	166227	166155	SO:0000253,GO:0030533	8256282,9023104	1	Stegodyphus mimosarum	Eukaryota Metazoa Arthropoda Chelicerata Arachnida Araneae Araneomorphae Entelegynae Eresoidea Eresidae Stegodyphus.
RF00005	RF00005	tRNA	full	tRNA	407821	KK114082	177713	177641	SO:0000253,GO:0030533	8256282,9023104	1	Stegodyphus mimosarum	Eukaryota Metazoa Arthropoda Chelicerata Arachnida Araneae Araneomorphae Entelegynae Eresoidea Eresidae Stegodyphus.
RF00005	RF00005	tRNA	full	tRNA	407821	KK114084	106321	106393	SO:0000253,GO:0030533	8256282,9023104	1	Stegodyphus mimosarum	Eukaryota Metazoa Arthropoda Chelicerata Arachnida Araneae Araneomorphae Entelegynae Eresoidea Eresidae Stegodyphus.
RF00005	RF00005	tRNA	full	tRNA	407821	KK114084	204799	204727	SO:0000253,GO:0030533	8256282,9023104	1	Stegodyphus mimosarum	Eukaryota Metazoa Arthropoda Chelicerata Arachnida Araneae Araneomorphae Entelegynae Eresoidea Eresidae Stegodyphus.
RF00005	RF00005	tRNA	full	tRNA	407821	KK114084	205053	204981	SO:0000253,GO:0030533	8256282,9023104	1	Stegodyphus mimosarum	Eukaryota Metazoa Arthropoda Chelicerata Arachnida Araneae Araneomorphae Entelegynae Eresoidea Eresidae Stegodyphus.
RF00005	RF00005	tRNA	full	tRNA	407821	KK114084	218055	218125	SO:0000253,GO:0030533	8256282,9023104	1	Stegodyphus mimosarum	Eukaryota Metazoa Arthropoda Chelicerata Arachnida Araneae Araneomorphae Entelegynae Eresoidea Eresidae Stegodyphus.
RF00005	RF00005	tRNA	full	tRNA	407821	KK114084	293187	293117	SO:0000253,GO:0030533	8256282,9023104	1	Stegodyphus mimosarum	Eukaryota Metazoa Arthropoda Chelicerata Arachnida Araneae Araneomorphae Entelegynae Eresoidea Eresidae Stegodyphus.
RF00005	RF00005	tRNA	full	tRNA	407821	KK114085	74423	74495	SO:0000253,GO:0030533	8256282,9023104	1	Stegodyphus mimosarum	Eukaryota Metazoa Arthropoda Chelicerata Arachnida Araneae Araneomorphae Entelegynae Eresoidea Eresidae Stegodyphus.
RF00005	RF00005	tRNA	full	tRNA	407821	KK114085	122009	121937	SO:0000253,GO:0030533	8256282,9023104	1	Stegodyphus mimosarum	Eukaryota Metazoa Arthropoda Chelicerata Arachnida Araneae Araneomorphae Entelegynae Eresoidea Eresidae Stegodyphus.
RF00005	RF00005	tRNA	full	tRNA	407821	KK114085	281568	281640	SO:0000253,GO:0030533	8256282,9023104	1	Stegodyphus mimosarum	Eukaryota Metazoa Arthropoda Chelicerata Arachnida Araneae Araneomorphae Entelegynae Eresoidea Eresidae Stegodyphus.
RF00005	RF00005	tRNA	full	tRNA	407821	KK114085	281815	281887	SO:0000253,GO:0030533	8256282,9023104	1	Stegodyphus mimosarum	Eukaryota Metazoa Arthropoda Chelicerata Arachnida Araneae Araneomorphae Entelegynae Eresoidea Eresidae Stegodyphus.
RF00005	RF00005	tRNA	full	tRNA	407821	KK114086	143549	143621	SO:0000253,GO:0030533	8256282,9023104	1	Stegodyphus mimosarum	Eukaryota Metazoa Arthropoda Chelicerata Arachnida Araneae Araneomorphae Entelegynae Eresoidea Eresidae Stegodyphus.
RF00005	RF00005	tRNA	full	tRNA	407821	KK114086	143799	143871	SO:0000253,GO:0030533	8256282,9023104	1	Stegodyphus mimosarum	Eukaryota Metazoa Arthropoda Chelicerata Arachnida Araneae Araneomorphae Entelegynae Eresoidea Eresidae Stegodyphus.
RF00005	RF00005	tRNA	full	tRNA	407821	KK114087	51456	51387	SO:0000253,GO:0030533	8256282,9023104	1	Stegodyphus mimosarum	Eukaryota Metazoa Arthropoda Chelicerata Arachnida Araneae Araneomorphae Entelegynae Eresoidea Eresidae Stegodyphus.
RF00005	RF00005	tRNA	full	tRNA	407821	KK114087	121302	121230	SO:0000253,GO:0030533	8256282,9023104	1	Stegodyphus mimosarum	Eukaryota Metazoa Arthropoda Chelicerata Arachnida Araneae Araneomorphae Entelegynae Eresoidea Eresidae Stegodyphus.
RF00005	RF00005	tRNA	full	tRNA	407821	KK114090	120568	120496	SO:0000253,GO:0030533	8256282,9023104	1	Stegodyphus mimosarum	Eukaryota Metazoa Arthropoda Chelicerata Arachnida Araneae Araneomorphae Entelegynae Eresoidea Eresidae Stegodyphus.
RF00005	RF00005	tRNA	full	tRNA	407821	KK114090	187920	187848	SO:0000253,GO:0030533	8256282,9023104	1	Stegodyphus mimosarum	Eukaryota Metazoa Arthropoda Chelicerata Arachnida Araneae Araneomorphae Entelegynae Eresoidea Eresidae Stegodyphus.
RF00005	RF00005	tRNA	full	tRNA	407821	KK114090	201726	201654	SO:0000253,GO:0030533	8256282,9023104	1	Stegodyphus mimosarum	Eukaryota Metazoa Arthropoda Chelicerata Arachnida Araneae Araneomorphae Entelegynae Eresoidea Eresidae Stegodyphus.
RF00005	RF00005	tRNA	full	tRNA	407821	KK114090	201982	201910	SO:0000253,GO:0030533	8256282,9023104	1	Stegodyphus mimosarum	Eukaryota Metazoa Arthropoda Chelicerata Arachnida Araneae Araneomorphae Entelegynae Eresoidea Eresidae Stegodyphus.
RF00005	RF00005	tRNA	full	tRNA	407821	KK114090	206541	206613	SO:0000253,GO:0030533	8256282,9023104	1	Stegodyphus mimosarum	Eukaryota Metazoa Arthropoda Chelicerata Arachnida Araneae Araneomorphae Entelegynae Eresoidea Eresidae Stegodyphus.
RF00005	RF00005	tRNA	full	tRNA	407821	KK114090	206795	206867	SO:0000253,GO:0030533	8256282,9023104	1	Stegodyphus mimosarum	Eukaryota Metazoa Arthropoda Chelicerata Arachnida Araneae Araneomorphae Entelegynae Eresoidea Eresidae Stegodyphus.
RF00005	RF00005	tRNA	full	tRNA	407821	KK114090	232921	232849	SO:0000253,GO:0030533	8256282,9023104	1	Stegodyphus mimosarum	Eukaryota Metazoa Arthropoda Chelicerata Arachnida Araneae Araneomorphae Entelegynae Eresoidea Eresidae Stegodyphus.
RF00005	RF00005	tRNA	full	tRNA	407821	KK114090	260594	260666	SO:0000253,GO:0030533	8256282,9023104	1	Stegodyphus mimosarum	Eukaryota Metazoa Arthropoda Chelicerata Arachnida Araneae Araneomorphae Entelegynae Eresoidea Eresidae Stegodyphus.
RF00005	RF00005	tRNA	full	tRNA	407821	KK114090	260847	260919	SO:0000253,GO:0030533	8256282,9023104	1	Stegodyphus mimosarum	Eukaryota Metazoa Arthropoda Chelicerata Arachnida Araneae Araneomorphae Entelegynae Eresoidea Eresidae Stegodyphus.
RF00005	RF00005	tRNA	full	tRNA	407821	KK114090	294227	294155	SO:0000253,GO:0030533	8256282,9023104	1	Stegodyphus mimosarum	Eukaryota Metazoa Arthropoda Chelicerata Arachnida Araneae Araneomorphae Entelegynae Eresoidea Eresidae Stegodyphus.
RF00005	RF00005	tRNA	full	tRNA	407821	KK114090	294480	294408	SO:0000253,GO:0030533	8256282,9023104	1	Stegodyphus mimosarum	Eukaryota Metazoa Arthropoda Chelicerata Arachnida Araneae Araneomorphae Entelegynae Eresoidea Eresidae Stegodyphus.
RF00005	RF00005	tRNA	full	tRNA	407821	KK114091	7551	7479	SO:0000253,GO:0030533	8256282,9023104	1	Stegodyphus mimosarum	Eukaryota Metazoa Arthropoda Chelicerata Arachnida Araneae Araneomorphae Entelegynae Eresoidea Eresidae Stegodyphus.
RF00005	RF00005	tRNA	full	tRNA	407821	KK114091	114544	114472	SO:0000253,GO:0030533	8256282,9023104	1	Stegodyphus mimosarum	Eukaryota Metazoa Arthropoda Chelicerata Arachnida Araneae Araneomorphae Entelegynae Eresoidea Eresidae Stegodyphus.
RF00005	RF00005	tRNA	full	tRNA	407821	KK114091	114796	114724	SO:0000253,GO:0030533	8256282,9023104	1	Stegodyphus mimosarum	Eukaryota Metazoa Arthropoda Chelicerata Arachnida Araneae Araneomorphae Entelegynae Eresoidea Eresidae Stegodyphus.
RF00005	RF00005	tRNA	full	tRNA	407821	KK114091	135401	135329	SO:0000253,GO:0030533	8256282,9023104	1	Stegodyphus mimosarum	Eukaryota Metazoa Arthropoda Chelicerata Arachnida Araneae Araneomorphae Entelegynae Eresoidea Eresidae Stegodyphus.
RF00005	RF00005	tRNA	full	tRNA	407821	KK114091	135656	135584	SO:0000253,GO:0030533	8256282,9023104	1	Stegodyphus mimosarum	Eukaryota Metazoa Arthropoda Chelicerata Arachnida Araneae Araneomorphae Entelegynae Eresoidea Eresidae Stegodyphus.
RF00005	RF00005	tRNA	full	tRNA	407821	KK114092	81713	81641	SO:0000253,GO:0030533	8256282,9023104	1	Stegodyphus mimosarum	Eukaryota Metazoa Arthropoda Chelicerata Arachnida Araneae Araneomorphae Entelegynae Eresoidea Eresidae Stegodyphus.
RF00005	RF00005	tRNA	full	tRNA	407821	KK114092	81967	81895	SO:0000253,GO:0030533	8256282,9023104	1	Stegodyphus mimosarum	Eukaryota Metazoa Arthropoda Chelicerata Arachnida Araneae Araneomorphae Entelegynae Eresoidea Eresidae Stegodyphus.
RF00005	RF00005	tRNA	full	tRNA	407821	KK114093	222648	222720	SO:0000253,GO:0030533	8256282,9023104	1	Stegodyphus mimosarum	Eukaryota Metazoa Arthropoda Chelicerata Arachnida Araneae Araneomorphae Entelegynae Eresoidea Eresidae Stegodyphus.
RF00005	RF00005	tRNA	full	tRNA	407821	KK114093	291110	291040	SO:0000253,GO:0030533	8256282,9023104	1	Stegodyphus mimosarum	Eukaryota Metazoa Arthropoda Chelicerata Arachnida Araneae Araneomorphae Entelegynae Eresoidea Eresidae Stegodyphus.
RF00005	RF00005	tRNA	full	tRNA	407821	KK114093	300400	300472	SO:0000253,GO:0030533	8256282,9023104	1	Stegodyphus mimosarum	Eukaryota Metazoa Arthropoda Chelicerata Arachnida Araneae Araneomorphae Entelegynae Eresoidea Eresidae Stegodyphus.
RF00005	RF00005	tRNA	full	tRNA	407821	KK114093	366079	366151	SO:0000253,GO:0030533	8256282,9023104	1	Stegodyphus mimosarum	Eukaryota Metazoa Arthropoda Chelicerata Arachnida Araneae Araneomorphae Entelegynae Eresoidea Eresidae Stegodyphus.
RF00005	RF00005	tRNA	full	tRNA	407821	KK114093	366330	366402	SO:0000253,GO:0030533	8256282,9023104	1	Stegodyphus mimosarum	Eukaryota Metazoa Arthropoda Chelicerata Arachnida Araneae Araneomorphae Entelegynae Eresoidea Eresidae Stegodyphus.
RF00005	RF00005	tRNA	full	tRNA	407821	KK114093	367706	367778	SO:0000253,GO:0030533	8256282,9023104	1	Stegodyphus mimosarum	Eukaryota Metazoa Arthropoda Chelicerata Arachnida Araneae Araneomorphae Entelegynae Eresoidea Eresidae Stegodyphus.
RF00005	RF00005	tRNA	full	tRNA	407821	KK114093	531307	531379	SO:0000253,GO:0030533	8256282,9023104	1	Stegodyphus mimosarum	Eukaryota Metazoa Arthropoda Chelicerata Arachnida Araneae Araneomorphae Entelegynae Eresoidea Eresidae Stegodyphus.
RF00005	RF00005	tRNA	full	tRNA	407821	KK114093	531560	531632	SO:0000253,GO:0030533	8256282,9023104	1	Stegodyphus mimosarum	Eukaryota Metazoa Arthropoda Chelicerata Arachnida Araneae Araneomorphae Entelegynae Eresoidea Eresidae Stegodyphus.
RF00005	RF00005	tRNA	full	tRNA	407821	KK114096	97640	97562	SO:0000253,GO:0030533	8256282,9023104	1	Stegodyphus mimosarum	Eukaryota Metazoa Arthropoda Chelicerata Arachnida Araneae Araneomorphae Entelegynae Eresoidea Eresidae Stegodyphus.
RF00005	RF00005	tRNA	full	tRNA	407821	KK114096	98469	98541	SO:0000253,GO:0030533	8256282,9023104	1	Stegodyphus mimosarum	Eukaryota Metazoa Arthropoda Chelicerata Arachnida Araneae Araneomorphae Entelegynae Eresoidea Eresidae Stegodyphus.
RF00005	RF00005	tRNA	full	tRNA	407821	KK114096	141322	141250	SO:0000253,GO:0030533	8256282,9023104	1	Stegodyphus mimosarum	Eukaryota Metazoa Arthropoda Chelicerata Arachnida Araneae Araneomorphae Entelegynae Eresoidea Eresidae Stegodyphus.
RF00005	RF00005	tRNA	full	tRNA	407821	KK114096	151863	151935	SO:0000253,GO:0030533	8256282,9023104	1	Stegodyphus mimosarum	Eukaryota Metazoa Arthropoda Chelicerata Arachnida Araneae Araneomorphae Entelegynae Eresoidea Eresidae Stegodyphus.
RF00005	RF00005	tRNA	full	tRNA	407821	KK114096	186706	186634	SO:0000253,GO:0030533	8256282,9023104	1	Stegodyphus mimosarum	Eukaryota Metazoa Arthropoda Chelicerata Arachnida Araneae Araneomorphae Entelegynae Eresoidea Eresidae Stegodyphus.
RF00005	RF00005	tRNA	full	tRNA	407821	KK114096	244844	244916	SO:0000253,GO:0030533	8256282,9023104	1	Stegodyphus mimosarum	Eukaryota Metazoa Arthropoda Chelicerata Arachnida Araneae Araneomorphae Entelegynae Eresoidea Eresidae Stegodyphus.
RF00005	RF00005	tRNA	full	tRNA	407821	KK114096	274129	274201	SO:0000253,GO:0030533	8256282,9023104	1	Stegodyphus mimosarum	Eukaryota Metazoa Arthropoda Chelicerata Arachnida Araneae Araneomorphae Entelegynae Eresoidea Eresidae Stegodyphus.
RF00005	RF00005	tRNA	full	tRNA	407821	KK114097	21767	21697	SO:0000253,GO:0030533	8256282,9023104	1	Stegodyphus mimosarum	Eukaryota Metazoa Arthropoda Chelicerata Arachnida Araneae Araneomorphae Entelegynae Eresoidea Eresidae Stegodyphus.
RF00005	RF00005	tRNA	full	tRNA	407821	KK114097	77891	77821	SO:0000253,GO:0030533	8256282,9023104	1	Stegodyphus mimosarum	Eukaryota Metazoa Arthropoda Chelicerata Arachnida Araneae Araneomorphae Entelegynae Eresoidea Eresidae Stegodyphus.
RF00005	RF00005	tRNA	full	tRNA	407821	KK114097	96222	96150	SO:0000253,GO:0030533	8256282,9023104	1	Stegodyphus mimosarum	Eukaryota Metazoa Arthropoda Chelicerata Arachnida Araneae Araneomorphae Entelegynae Eresoidea Eresidae Stegodyphus.
RF00005	RF00005	tRNA	full	tRNA	407821	KK114097	96476	96404	SO:0000253,GO:0030533	8256282,9023104	1	Stegodyphus mimosarum	Eukaryota Metazoa Arthropoda Chelicerata Arachnida Araneae Araneomorphae Entelegynae Eresoidea Eresidae Stegodyphus.
RF00005	RF00005	tRNA	full	tRNA	407821	KK114097	96719	96647	SO:0000253,GO:0030533	8256282,9023104	1	Stegodyphus mimosarum	Eukaryota Metazoa Arthropoda Chelicerata Arachnida Araneae Araneomorphae Entelegynae Eresoidea Eresidae Stegodyphus.
RF00005	RF00005	tRNA	full	tRNA	407821	KK114101	20428	20356	SO:0000253,GO:0030533	8256282,9023104	1	Stegodyphus mimosarum	Eukaryota Metazoa Arthropoda Chelicerata Arachnida Araneae Araneomorphae Entelegynae Eresoidea Eresidae Stegodyphus.
RF00005	RF00005	tRNA	full	tRNA	407821	KK114102	67448	67376	SO:0000253,GO:0030533	8256282,9023104	1	Stegodyphus mimosarum	Eukaryota Metazoa Arthropoda Chelicerata Arachnida Araneae Araneomorphae Entelegynae Eresoidea Eresidae Stegodyphus.
RF00005	RF00005	tRNA	full	tRNA	407821	KK114102	67700	67628	SO:0000253,GO:0030533	8256282,9023104	1	Stegodyphus mimosarum	Eukaryota Metazoa Arthropoda Chelicerata Arachnida Araneae Araneomorphae Entelegynae Eresoidea Eresidae Stegodyphus.
RF00005	RF00005	tRNA	full	tRNA	407821	KK114102	67953	67881	SO:0000253,GO:0030533	8256282,9023104	1	Stegodyphus mimosarum	Eukaryota Metazoa Arthropoda Chelicerata Arachnida Araneae Araneomorphae Entelegynae Eresoidea Eresidae Stegodyphus.
RF00005	RF00005	tRNA	full	tRNA	407821	KK114103	50534	50462	SO:0000253,GO:0030533	8256282,9023104	1	Stegodyphus mimosarum	Eukaryota Metazoa Arthropoda Chelicerata Arachnida Araneae Araneomorphae Entelegynae Eresoidea Eresidae Stegodyphus.
RF00005	RF00005	tRNA	full	tRNA	407821	KK114103	94953	95025	SO:0000253,GO:0030533	8256282,9023104	1	Stegodyphus mimosarum	Eukaryota Metazoa Arthropoda Chelicerata Arachnida Araneae Araneomorphae Entelegynae Eresoidea Eresidae Stegodyphus.
RF00005	RF00005	tRNA	full	tRNA	407821	KK114103	241630	241558	SO:0000253,GO:0030533	8256282,9023104	1	Stegodyphus mimosarum	Eukaryota Metazoa Arthropoda Chelicerata Arachnida Araneae Araneomorphae Entelegynae Eresoidea Eresidae Stegodyphus.
RF00005	RF00005	tRNA	full	tRNA	407821	KK114103	241888	241816	SO:0000253,GO:0030533	8256282,9023104	1	Stegodyphus mimosarum	Eukaryota Metazoa Arthropoda Chelicerata Arachnida Araneae Araneomorphae Entelegynae Eresoidea Eresidae Stegodyphus.
RF00005	RF00005	tRNA	full	tRNA	407821	KK114103	248158	248230	SO:0000253,GO:0030533	8256282,9023104	1	Stegodyphus mimosarum	Eukaryota Metazoa Arthropoda Chelicerata Arachnida Araneae Araneomorphae Entelegynae Eresoidea Eresidae Stegodyphus.
RF00005	RF00005	tRNA	full	tRNA	407821	KK114104	4047	4120	SO:0000253,GO:0030533	8256282,9023104	1	Stegodyphus mimosarum	Eukaryota Metazoa Arthropoda Chelicerata Arachnida Araneae Araneomorphae Entelegynae Eresoidea Eresidae Stegodyphus.
RF00005	RF00005	tRNA	full	tRNA	407821	KK114105	101532	101460	SO:0000253,GO:0030533	8256282,9023104	1	Stegodyphus mimosarum	Eukaryota Metazoa Arthropoda Chelicerata Arachnida Araneae Araneomorphae Entelegynae Eresoidea Eresidae Stegodyphus.
RF00005	RF00005	tRNA	full	tRNA	407821	KK114105	196766	196838	SO:0000253,GO:0030533	8256282,9023104	1	Stegodyphus mimosarum	Eukaryota Metazoa Arthropoda Chelicerata Arachnida Araneae Araneomorphae Entelegynae Eresoidea Eresidae Stegodyphus.
RF00005	RF00005	tRNA	full	tRNA	407821	KK114105	197022	197094	SO:0000253,GO:0030533	8256282,9023104	1	Stegodyphus mimosarum	Eukaryota Metazoa Arthropoda Chelicerata Arachnida Araneae Araneomorphae Entelegynae Eresoidea Eresidae Stegodyphus.
RF00005	RF00005	tRNA	full	tRNA	407821	KK114105	277483	277411	SO:0000253,GO:0030533	8256282,9023104	1	Stegodyphus mimosarum	Eukaryota Metazoa Arthropoda Chelicerata Arachnida Araneae Araneomorphae Entelegynae Eresoidea Eresidae Stegodyphus.
RF00005	RF00005	tRNA	full	tRNA	407821	KK114106	73256	73184	SO:0000253,GO:0030533	8256282,9023104	1	Stegodyphus mimosarum	Eukaryota Metazoa Arthropoda Chelicerata Arachnida Araneae Araneomorphae Entelegynae Eresoidea Eresidae Stegodyphus.
RF00005	RF00005	tRNA	full	tRNA	407821	KK114106	73510	73438	SO:0000253,GO:0030533	8256282,9023104	1	Stegodyphus mimosarum	Eukaryota Metazoa Arthropoda Chelicerata Arachnida Araneae Araneomorphae Entelegynae Eresoidea Eresidae Stegodyphus.
RF00005	RF00005	tRNA	full	tRNA	407821	KK114107	16078	16150	SO:0000253,GO:0030533	8256282,9023104	1	Stegodyphus mimosarum	Eukaryota Metazoa Arthropoda Chelicerata Arachnida Araneae Araneomorphae Entelegynae Eresoidea Eresidae Stegodyphus.
RF00005	RF00005	tRNA	full	tRNA	407821	KK114107	63565	63495	SO:0000253,GO:0030533	8256282,9023104	1	Stegodyphus mimosarum	Eukaryota Metazoa Arthropoda Chelicerata Arachnida Araneae Araneomorphae Entelegynae Eresoidea Eresidae Stegodyphus.
RF00005	RF00005	tRNA	full	tRNA	407821	KK114107	185629	185559	SO:0000253,GO:0030533	8256282,9023104	1	Stegodyphus mimosarum	Eukaryota Metazoa Arthropoda Chelicerata Arachnida Araneae Araneomorphae Entelegynae Eresoidea Eresidae Stegodyphus.
RF00005	RF00005	tRNA	full	tRNA	407821	KK114110	104185	104113	SO:0000253,GO:0030533	8256282,9023104	1	Stegodyphus mimosarum	Eukaryota Metazoa Arthropoda Chelicerata Arachnida Araneae Araneomorphae Entelegynae Eresoidea Eresidae Stegodyphus.
RF00005	RF00005	tRNA	full	tRNA	407821	KK114110	109466	109538	SO:0000253,GO:0030533	8256282,9023104	1	Stegodyphus mimosarum	Eukaryota Metazoa Arthropoda Chelicerata Arachnida Araneae Araneomorphae Entelegynae Eresoidea Eresidae Stegodyphus.
RF00005	RF00005	tRNA	full	tRNA	407821	KK114110	139243	139313	SO:0000253,GO:0030533	8256282,9023104	1	Stegodyphus mimosarum	Eukaryota Metazoa Arthropoda Chelicerata Arachnida Araneae Araneomorphae Entelegynae Eresoidea Eresidae Stegodyphus.
RF00005	RF00005	tRNA	full	tRNA	407821	KK114112	146366	146438	SO:0000253,GO:0030533	8256282,9023104	1	Stegodyphus mimosarum	Eukaryota Metazoa Arthropoda Chelicerata Arachnida Araneae Araneomorphae Entelegynae Eresoidea Eresidae Stegodyphus.
RF00005	RF00005	tRNA	full	tRNA	407821	KK114112	158371	158299	SO:0000253,GO:0030533	8256282,9023104	1	Stegodyphus mimosarum	Eukaryota Metazoa Arthropoda Chelicerata Arachnida Araneae Araneomorphae Entelegynae Eresoidea Eresidae Stegodyphus.
RF00005	RF00005	tRNA	full	tRNA	407821	KK114112	228465	228393	SO:0000253,GO:0030533	8256282,9023104	1	Stegodyphus mimosarum	Eukaryota Metazoa Arthropoda Chelicerata Arachnida Araneae Araneomorphae Entelegynae Eresoidea Eresidae Stegodyphus.
RF00005	RF00005	tRNA	full	tRNA	407821	KK114112	230142	230214	SO:0000253,GO:0030533	8256282,9023104	1	Stegodyphus mimosarum	Eukaryota Metazoa Arthropoda Chelicerata Arachnida Araneae Araneomorphae Entelegynae Eresoidea Eresidae Stegodyphus.
RF00005	RF00005	tRNA	full	tRNA	407821	KK114112	482422	482494	SO:0000253,GO:0030533	8256282,9023104	1	Stegodyphus mimosarum	Eukaryota Metazoa Arthropoda Chelicerata Arachnida Araneae Araneomorphae Entelegynae Eresoidea Eresidae Stegodyphus.
RF00005	RF00005	tRNA	full	tRNA	407821	KK114112	529154	529224	SO:0000253,GO:0030533	8256282,9023104	1	Stegodyphus mimosarum	Eukaryota Metazoa Arthropoda Chelicerata Arachnida Araneae Araneomorphae Entelegynae Eresoidea Eresidae Stegodyphus.
RF00005	RF00005	tRNA	full	tRNA	407821	KK114112	529383	529454	SO:0000253,GO:0030533	8256282,9023104	1	Stegodyphus mimosarum	Eukaryota Metazoa Arthropoda Chelicerata Arachnida Araneae Araneomorphae Entelegynae Eresoidea Eresidae Stegodyphus.
RF00005	RF00005	tRNA	full	tRNA	407821	KK114112	585729	585658	SO:0000253,GO:0030533	8256282,9023104	1	Stegodyphus mimosarum	Eukaryota Metazoa Arthropoda Chelicerata Arachnida Araneae Araneomorphae Entelegynae Eresoidea Eresidae Stegodyphus.
RF00005	RF00005	tRNA	full	tRNA	407821	KK114112	585982	585910	SO:0000253,GO:0030533	8256282,9023104	1	Stegodyphus mimosarum	Eukaryota Metazoa Arthropoda Chelicerata Arachnida Araneae Araneomorphae Entelegynae Eresoidea Eresidae Stegodyphus.
RF00005	RF00005	tRNA	full	tRNA	407821	KK114112	655863	655935	SO:0000253,GO:0030533	8256282,9023104	1	Stegodyphus mimosarum	Eukaryota Metazoa Arthropoda Chelicerata Arachnida Araneae Araneomorphae Entelegynae Eresoidea Eresidae Stegodyphus.
RF00005	RF00005	tRNA	full	tRNA	407821	KK114112	817006	817078	SO:0000253,GO:0030533	8256282,9023104	1	Stegodyphus mimosarum	Eukaryota Metazoa Arthropoda Chelicerata Arachnida Araneae Araneomorphae Entelegynae Eresoidea Eresidae Stegodyphus.
RF00005	RF00005	tRNA	full	tRNA	407821	KK114117	294911	294981	SO:0000253,GO:0030533	8256282,9023104	1	Stegodyphus mimosarum	Eukaryota Metazoa Arthropoda Chelicerata Arachnida Araneae Araneomorphae Entelegynae Eresoidea Eresidae Stegodyphus.
RF00005	RF00005	tRNA	full	tRNA	407821	KK114117	400231	400303	SO:0000253,GO:0030533	8256282,9023104	1	Stegodyphus mimosarum	Eukaryota Metazoa Arthropoda Chelicerata Arachnida Araneae Araneomorphae Entelegynae Eresoidea Eresidae Stegodyphus.
RF00005	RF00005	tRNA	full	tRNA	407821	KK114117	400485	400557	SO:0000253,GO:0030533	8256282,9023104	1	Stegodyphus mimosarum	Eukaryota Metazoa Arthropoda Chelicerata Arachnida Araneae Araneomorphae Entelegynae Eresoidea Eresidae Stegodyphus.
RF00005	RF00005	tRNA	full	tRNA	407821	KK114117	424638	424710	SO:0000253,GO:0030533	8256282,9023104	1	Stegodyphus mimosarum	Eukaryota Metazoa Arthropoda Chelicerata Arachnida Araneae Araneomorphae Entelegynae Eresoidea Eresidae Stegodyphus.
RF00005	RF00005	tRNA	full	tRNA	407821	KK114118	156012	156084	SO:0000253,GO:0030533	8256282,9023104	1	Stegodyphus mimosarum	Eukaryota Metazoa Arthropoda Chelicerata Arachnida Araneae Araneomorphae Entelegynae Eresoidea Eresidae Stegodyphus.
RF00005	RF00005	tRNA	full	tRNA	407821	KK114118	359110	359038	SO:0000253,GO:0030533	8256282,9023104	1	Stegodyphus mimosarum	Eukaryota Metazoa Arthropoda Chelicerata Arachnida Araneae Araneomorphae Entelegynae Eresoidea Eresidae Stegodyphus.
RF00005	RF00005	tRNA	full	tRNA	407821	KK114118	401431	401359	SO:0000253,GO:0030533	8256282,9023104	1	Stegodyphus mimosarum	Eukaryota Metazoa Arthropoda Chelicerata Arachnida Araneae Araneomorphae Entelegynae Eresoidea Eresidae Stegodyphus.
RF00005	RF00005	tRNA	full	tRNA	407821	KK114118	577808	577736	SO:0000253,GO:0030533	8256282,9023104	1	Stegodyphus mimosarum	Eukaryota Metazoa Arthropoda Chelicerata Arachnida Araneae Araneomorphae Entelegynae Eresoidea Eresidae Stegodyphus.
RF00005	RF00005	tRNA	full	tRNA	407821	KK114118	578061	577989	SO:0000253,GO:0030533	8256282,9023104	1	Stegodyphus mimosarum	Eukaryota Metazoa Arthropoda Chelicerata Arachnida Araneae Araneomorphae Entelegynae Eresoidea Eresidae Stegodyphus.
RF00005	RF00005	tRNA	full	tRNA	407821	KK114118	688679	688607	SO:0000253,GO:0030533	8256282,9023104	1	Stegodyphus mimosarum	Eukaryota Metazoa Arthropoda Chelicerata Arachnida Araneae Araneomorphae Entelegynae Eresoidea Eresidae Stegodyphus.
RF00005	RF00005	tRNA	full	tRNA	407821	KK114120	97439	97511	SO:0000253,GO:0030533	8256282,9023104	1	Stegodyphus mimosarum	Eukaryota Metazoa Arthropoda Chelicerata Arachnida Araneae Araneomorphae Entelegynae Eresoidea Eresidae Stegodyphus.
RF00005	RF00005	tRNA	full	tRNA	407821	KK114120	99937	99866	SO:0000253,GO:0030533	8256282,9023104	1	Stegodyphus mimosarum	Eukaryota Metazoa Arthropoda Chelicerata Arachnida Araneae Araneomorphae Entelegynae Eresoidea Eresidae Stegodyphus.
RF00005	RF00005	tRNA	full	tRNA	407821	KK114120	101883	101955	SO:0000253,GO:0030533	8256282,9023104	1	Stegodyphus mimosarum	Eukaryota Metazoa Arthropoda Chelicerata Arachnida Araneae Araneomorphae Entelegynae Eresoidea Eresidae Stegodyphus.
RF00005	RF00005	tRNA	full	tRNA	407821	KK114120	110097	110169	SO:0000253,GO:0030533	8256282,9023104	1	Stegodyphus mimosarum	Eukaryota Metazoa Arthropoda Chelicerata Arachnida Araneae Araneomorphae Entelegynae Eresoidea Eresidae Stegodyphus.
RF00005	RF00005	tRNA	full	tRNA	407821	KK114120	227003	227075	SO:0000253,GO:0030533	8256282,9023104	1	Stegodyphus mimosarum	Eukaryota Metazoa Arthropoda Chelicerata Arachnida Araneae Araneomorphae Entelegynae Eresoidea Eresidae Stegodyphus.
RF00005	RF00005	tRNA	full	tRNA	407821	KK114120	227256	227328	SO:0000253,GO:0030533	8256282,9023104	1	Stegodyphus mimosarum	Eukaryota Metazoa Arthropoda Chelicerata Arachnida Araneae Araneomorphae Entelegynae Eresoidea Eresidae Stegodyphus.
RF00005	RF00005	tRNA	full	tRNA	407821	KK114120	299686	299758	SO:0000253,GO:0030533	8256282,9023104	1	Stegodyphus mimosarum	Eukaryota Metazoa Arthropoda Chelicerata Arachnida Araneae Araneomorphae Entelegynae Eresoidea Eresidae Stegodyphus.
RF00005	RF00005	tRNA	full	tRNA	407821	KK114120	339798	339727	SO:0000253,GO:0030533	8256282,9023104	1	Stegodyphus mimosarum	Eukaryota Metazoa Arthropoda Chelicerata Arachnida Araneae Araneomorphae Entelegynae Eresoidea Eresidae Stegodyphus.
RF00005	RF00005	tRNA	full	tRNA	407821	KK114121	24400	24328	SO:0000253,GO:0030533	8256282,9023104	1	Stegodyphus mimosarum	Eukaryota Metazoa Arthropoda Chelicerata Arachnida Araneae Araneomorphae Entelegynae Eresoidea Eresidae Stegodyphus.
RF00005	RF00005	tRNA	full	tRNA	407821	KK114122	113299	113227	SO:0000253,GO:0030533	8256282,9023104	1	Stegodyphus mimosarum	Eukaryota Metazoa Arthropoda Chelicerata Arachnida Araneae Araneomorphae Entelegynae Eresoidea Eresidae Stegodyphus.
RF00005	RF00005	tRNA	full	tRNA	407821	KK114122	175936	175864	SO:0000253,GO:0030533	8256282,9023104	1	Stegodyphus mimosarum	Eukaryota Metazoa Arthropoda Chelicerata Arachnida Araneae Araneomorphae Entelegynae Eresoidea Eresidae Stegodyphus.
RF00005	RF00005	tRNA	full	tRNA	407821	KK114122	176189	176117	SO:0000253,GO:0030533	8256282,9023104	1	Stegodyphus mimosarum	Eukaryota Metazoa Arthropoda Chelicerata Arachnida Araneae Araneomorphae Entelegynae Eresoidea Eresidae Stegodyphus.
RF00005	RF00005	tRNA	full	tRNA	407821	KK114122	203509	203437	SO:0000253,GO:0030533	8256282,9023104	1	Stegodyphus mimosarum	Eukaryota Metazoa Arthropoda Chelicerata Arachnida Araneae Araneomorphae Entelegynae Eresoidea Eresidae Stegodyphus.
RF00005	RF00005	tRNA	full	tRNA	407821	KK114124	43460	43388	SO:0000253,GO:0030533	8256282,9023104	1	Stegodyphus mimosarum	Eukaryota Metazoa Arthropoda Chelicerata Arachnida Araneae Araneomorphae Entelegynae Eresoidea Eresidae Stegodyphus.
RF00005	RF00005	tRNA	full	tRNA	407821	KK114124	43713	43642	SO:0000253,GO:0030533	8256282,9023104	1	Stegodyphus mimosarum	Eukaryota Metazoa Arthropoda Chelicerata Arachnida Araneae Araneomorphae Entelegynae Eresoidea Eresidae Stegodyphus.
RF00005	RF00005	tRNA	full	tRNA	407821	KK114124	79882	79810	SO:0000253,GO:0030533	8256282,9023104	1	Stegodyphus mimosarum	Eukaryota Metazoa Arthropoda Chelicerata Arachnida Araneae Araneomorphae Entelegynae Eresoidea Eresidae Stegodyphus.
RF00005	RF00005	tRNA	full	tRNA	407821	KK114124	80136	80064	SO:0000253,GO:0030533	8256282,9023104	1	Stegodyphus mimosarum	Eukaryota Metazoa Arthropoda Chelicerata Arachnida Araneae Araneomorphae Entelegynae Eresoidea Eresidae Stegodyphus.
RF00005	RF00005	tRNA	full	tRNA	407821	KK114124	99618	99546	SO:0000253,GO:0030533	8256282,9023104	1	Stegodyphus mimosarum	Eukaryota Metazoa Arthropoda Chelicerata Arachnida Araneae Araneomorphae Entelegynae Eresoidea Eresidae Stegodyphus.
RF00005	RF00005	tRNA	full	tRNA	407821	KK114124	164146	164218	SO:0000253,GO:0030533	8256282,9023104	1	Stegodyphus mimosarum	Eukaryota Metazoa Arthropoda Chelicerata Arachnida Araneae Araneomorphae Entelegynae Eresoidea Eresidae Stegodyphus.
RF00005	RF00005	tRNA	full	tRNA	407821	KK114124	164399	164471	SO:0000253,GO:0030533	8256282,9023104	1	Stegodyphus mimosarum	Eukaryota Metazoa Arthropoda Chelicerata Arachnida Araneae Araneomorphae Entelegynae Eresoidea Eresidae Stegodyphus.
RF00005	RF00005	tRNA	full	tRNA	407821	KK114124	188715	188643	SO:0000253,GO:0030533	8256282,9023104	1	Stegodyphus mimosarum	Eukaryota Metazoa Arthropoda Chelicerata Arachnida Araneae Araneomorphae Entelegynae Eresoidea Eresidae Stegodyphus.
RF00005	RF00005	tRNA	full	tRNA	407821	KK114126	192390	192318	SO:0000253,GO:0030533	8256282,9023104	1	Stegodyphus mimosarum	Eukaryota Metazoa Arthropoda Chelicerata Arachnida Araneae Araneomorphae Entelegynae Eresoidea Eresidae Stegodyphus.
RF00005	RF00005	tRNA	full	tRNA	407821	KK114127	9908	9980	SO:0000253,GO:0030533	8256282,9023104	1	Stegodyphus mimosarum	Eukaryota Metazoa Arthropoda Chelicerata Arachnida Araneae Araneomorphae Entelegynae Eresoidea Eresidae Stegodyphus.
RF00005	RF00005	tRNA	full	tRNA	407821	KK114128	279531	279459	SO:0000253,GO:0030533	8256282,9023104	1	Stegodyphus mimosarum	Eukaryota Metazoa Arthropoda Chelicerata Arachnida Araneae Araneomorphae Entelegynae Eresoidea Eresidae Stegodyphus.
RF00005	RF00005	tRNA	full	tRNA	407821	KK114128	279788	279716	SO:0000253,GO:0030533	8256282,9023104	1	Stegodyphus mimosarum	Eukaryota Metazoa Arthropoda Chelicerata Arachnida Araneae Araneomorphae Entelegynae Eresoidea Eresidae Stegodyphus.
RF00005	RF00005	tRNA	full	tRNA	407821	KK114128	331980	332052	SO:0000253,GO:0030533	8256282,9023104	1	Stegodyphus mimosarum	Eukaryota Metazoa Arthropoda Chelicerata Arachnida Araneae Araneomorphae Entelegynae Eresoidea Eresidae Stegodyphus.
RF00005	RF00005	tRNA	full	tRNA	407821	KK114129	101739	101812	SO:0000253,GO:0030533	8256282,9023104	1	Stegodyphus mimosarum	Eukaryota Metazoa Arthropoda Chelicerata Arachnida Araneae Araneomorphae Entelegynae Eresoidea Eresidae Stegodyphus.
RF00005	RF00005	tRNA	full	tRNA	407821	KK114129	106403	106475	SO:0000253,GO:0030533	8256282,9023104	1	Stegodyphus mimosarum	Eukaryota Metazoa Arthropoda Chelicerata Arachnida Araneae Araneomorphae Entelegynae Eresoidea Eresidae Stegodyphus.
RF00005	RF00005	tRNA	full	tRNA	407821	KK114129	106655	106727	SO:0000253,GO:0030533	8256282,9023104	1	Stegodyphus mimosarum	Eukaryota Metazoa Arthropoda Chelicerata Arachnida Araneae Araneomorphae Entelegynae Eresoidea Eresidae Stegodyphus.
RF00005	RF00005	tRNA	full	tRNA	407821	KK114130	60828	60756	SO:0000253,GO:0030533	8256282,9023104	1	Stegodyphus mimosarum	Eukaryota Metazoa Arthropoda Chelicerata Arachnida Araneae Araneomorphae Entelegynae Eresoidea Eresidae Stegodyphus.
RF00005	RF00005	tRNA	full	tRNA	407821	KK114131	308604	308534	SO:0000253,GO:0030533	8256282,9023104	1	Stegodyphus mimosarum	Eukaryota Metazoa Arthropoda Chelicerata Arachnida Araneae Araneomorphae Entelegynae Eresoidea Eresidae Stegodyphus.
RF00005	RF00005	tRNA	full	tRNA	407821	KK114132	118082	118154	SO:0000253,GO:0030533	8256282,9023104	1	Stegodyphus mimosarum	Eukaryota Metazoa Arthropoda Chelicerata Arachnida Araneae Araneomorphae Entelegynae Eresoidea Eresidae Stegodyphus.
RF00005	RF00005	tRNA	full	tRNA	407821	KK114132	151927	151999	SO:0000253,GO:0030533	8256282,9023104	1	Stegodyphus mimosarum	Eukaryota Metazoa Arthropoda Chelicerata Arachnida Araneae Araneomorphae Entelegynae Eresoidea Eresidae Stegodyphus.
RF00005	RF00005	tRNA	full	tRNA	407821	KK114132	152181	152253	SO:0000253,GO:0030533	8256282,9023104	1	Stegodyphus mimosarum	Eukaryota Metazoa Arthropoda Chelicerata Arachnida Araneae Araneomorphae Entelegynae Eresoidea Eresidae Stegodyphus.
RF00005	RF00005	tRNA	full	tRNA	407821	KK114133	596	668	SO:0000253,GO:0030533	8256282,9023104	1	Stegodyphus mimosarum	Eukaryota Metazoa Arthropoda Chelicerata Arachnida Araneae Araneomorphae Entelegynae Eresoidea Eresidae Stegodyphus.
RF00005	RF00005	tRNA	full	tRNA	407821	KK114133	49603	49676	SO:0000253,GO:0030533	8256282,9023104	1	Stegodyphus mimosarum	Eukaryota Metazoa Arthropoda Chelicerata Arachnida Araneae Araneomorphae Entelegynae Eresoidea Eresidae Stegodyphus.
RF00005	RF00005	tRNA	full	tRNA	407821	KK114133	55197	55124	SO:0000253,GO:0030533	8256282,9023104	1	Stegodyphus mimosarum	Eukaryota Metazoa Arthropoda Chelicerata Arachnida Araneae Araneomorphae Entelegynae Eresoidea Eresidae Stegodyphus.
RF00005	RF00005	tRNA	full	tRNA	407821	KK114133	62322	62393	SO:0000253,GO:0030533	8256282,9023104	1	Stegodyphus mimosarum	Eukaryota Metazoa Arthropoda Chelicerata Arachnida Araneae Araneomorphae Entelegynae Eresoidea Eresidae Stegodyphus.
RF00005	RF00005	tRNA	full	tRNA	407821	KK114133	124279	124351	SO:0000253,GO:0030533	8256282,9023104	1	Stegodyphus mimosarum	Eukaryota Metazoa Arthropoda Chelicerata Arachnida Araneae Araneomorphae Entelegynae Eresoidea Eresidae Stegodyphus.
RF00005	RF00005	tRNA	full	tRNA	407821	KK114133	256581	256653	SO:0000253,GO:0030533	8256282,9023104	1	Stegodyphus mimosarum	Eukaryota Metazoa Arthropoda Chelicerata Arachnida Araneae Araneomorphae Entelegynae Eresoidea Eresidae Stegodyphus.
RF00005	RF00005	tRNA	full	tRNA	407821	KK114133	308018	307946	SO:0000253,GO:0030533	8256282,9023104	1	Stegodyphus mimosarum	Eukaryota Metazoa Arthropoda Chelicerata Arachnida Araneae Araneomorphae Entelegynae Eresoidea Eresidae Stegodyphus.
RF00005	RF00005	tRNA	full	tRNA	407821	KK114133	350347	350275	SO:0000253,GO:0030533	8256282,9023104	1	Stegodyphus mimosarum	Eukaryota Metazoa Arthropoda Chelicerata Arachnida Araneae Araneomorphae Entelegynae Eresoidea Eresidae Stegodyphus.
RF00005	RF00005	tRNA	full	tRNA	407821	KK114133	354780	354708	SO:0000253,GO:0030533	8256282,9023104	1	Stegodyphus mimosarum	Eukaryota Metazoa Arthropoda Chelicerata Arachnida Araneae Araneomorphae Entelegynae Eresoidea Eresidae Stegodyphus.
RF00005	RF00005	tRNA	full	tRNA	407821	KK114133	355032	354961	SO:0000253,GO:0030533	8256282,9023104	1	Stegodyphus mimosarum	Eukaryota Metazoa Arthropoda Chelicerata Arachnida Araneae Araneomorphae Entelegynae Eresoidea Eresidae Stegodyphus.
RF00005	RF00005	tRNA	full	tRNA	407821	KK114135	24405	24333	SO:0000253,GO:0030533	8256282,9023104	1	Stegodyphus mimosarum	Eukaryota Metazoa Arthropoda Chelicerata Arachnida Araneae Araneomorphae Entelegynae Eresoidea Eresidae Stegodyphus.
RF00005	RF00005	tRNA	full	tRNA	407821	KK114136	41900	41828	SO:0000253,GO:0030533	8256282,9023104	1	Stegodyphus mimosarum	Eukaryota Metazoa Arthropoda Chelicerata Arachnida Araneae Araneomorphae Entelegynae Eresoidea Eresidae Stegodyphus.
RF00005	RF00005	tRNA	full	tRNA	407821	KK114136	42152	42080	SO:0000253,GO:0030533	8256282,9023104	1	Stegodyphus mimosarum	Eukaryota Metazoa Arthropoda Chelicerata Arachnida Araneae Araneomorphae Entelegynae Eresoidea Eresidae Stegodyphus.
RF00005	RF00005	tRNA	full	tRNA	407821	KK114136	48236	48308	SO:0000253,GO:0030533	8256282,9023104	1	Stegodyphus mimosarum	Eukaryota Metazoa Arthropoda Chelicerata Arachnida Araneae Araneomorphae Entelegynae Eresoidea Eresidae Stegodyphus.
RF00005	RF00005	tRNA	full	tRNA	407821	KK114136	48492	48564	SO:0000253,GO:0030533	8256282,9023104	1	Stegodyphus mimosarum	Eukaryota Metazoa Arthropoda Chelicerata Arachnida Araneae Araneomorphae Entelegynae Eresoidea Eresidae Stegodyphus.
RF00005	RF00005	tRNA	full	tRNA	407821	KK114136	70641	70712	SO:0000253,GO:0030533	8256282,9023104	1	Stegodyphus mimosarum	Eukaryota Metazoa Arthropoda Chelicerata Arachnida Araneae Araneomorphae Entelegynae Eresoidea Eresidae Stegodyphus.
RF00005	RF00005	tRNA	full	tRNA	407821	KK114136	230248	230177	SO:0000253,GO:0030533	8256282,9023104	1	Stegodyphus mimosarum	Eukaryota Metazoa Arthropoda Chelicerata Arachnida Araneae Araneomorphae Entelegynae Eresoidea Eresidae Stegodyphus.
RF00005	RF00005	tRNA	full	tRNA	407821	KK114136	326071	326142	SO:0000253,GO:0030533	8256282,9023104	1	Stegodyphus mimosarum	Eukaryota Metazoa Arthropoda Chelicerata Arachnida Araneae Araneomorphae Entelegynae Eresoidea Eresidae Stegodyphus.
RF00005	RF00005	tRNA	full	tRNA	407821	KK114136	365923	365853	SO:0000253,GO:0030533	8256282,9023104	1	Stegodyphus mimosarum	Eukaryota Metazoa Arthropoda Chelicerata Arachnida Araneae Araneomorphae Entelegynae Eresoidea Eresidae Stegodyphus.
RF00005	RF00005	tRNA	full	tRNA	407821	KK114136	407718	407646	SO:0000253,GO:0030533	8256282,9023104	1	Stegodyphus mimosarum	Eukaryota Metazoa Arthropoda Chelicerata Arachnida Araneae Araneomorphae Entelegynae Eresoidea Eresidae Stegodyphus.
RF00005	RF00005	tRNA	full	tRNA	407821	KK114136	466000	465928	SO:0000253,GO:0030533	8256282,9023104	1	Stegodyphus mimosarum	Eukaryota Metazoa Arthropoda Chelicerata Arachnida Araneae Araneomorphae Entelegynae Eresoidea Eresidae Stegodyphus.
RF00005	RF00005	tRNA	full	tRNA	407821	KK114136	532994	533066	SO:0000253,GO:0030533	8256282,9023104	1	Stegodyphus mimosarum	Eukaryota Metazoa Arthropoda Chelicerata Arachnida Araneae Araneomorphae Entelegynae Eresoidea Eresidae Stegodyphus.
RF00005	RF00005	tRNA	full	tRNA	407821	KK114136	566734	566813	SO:0000253,GO:0030533	8256282,9023104	1	Stegodyphus mimosarum	Eukaryota Metazoa Arthropoda Chelicerata Arachnida Araneae Araneomorphae Entelegynae Eresoidea Eresidae Stegodyphus.
RF00005	RF00005	tRNA	full	tRNA	407821	KK114136	567225	567297	SO:0000253,GO:0030533	8256282,9023104	1	Stegodyphus mimosarum	Eukaryota Metazoa Arthropoda Chelicerata Arachnida Araneae Araneomorphae Entelegynae Eresoidea Eresidae Stegodyphus.
RF00005	RF00005	tRNA	full	tRNA	407821	KK114136	680796	680868	SO:0000253,GO:0030533	8256282,9023104	1	Stegodyphus mimosarum	Eukaryota Metazoa Arthropoda Chelicerata Arachnida Araneae Araneomorphae Entelegynae Eresoidea Eresidae Stegodyphus.
RF00005	RF00005	tRNA	full	tRNA	407821	KK114136	690982	690910	SO:0000253,GO:0030533	8256282,9023104	1	Stegodyphus mimosarum	Eukaryota Metazoa Arthropoda Chelicerata Arachnida Araneae Araneomorphae Entelegynae Eresoidea Eresidae Stegodyphus.
RF00005	RF00005	tRNA	full	tRNA	407821	KK114136	691235	691163	SO:0000253,GO:0030533	8256282,9023104	1	Stegodyphus mimosarum	Eukaryota Metazoa Arthropoda Chelicerata Arachnida Araneae Araneomorphae Entelegynae Eresoidea Eresidae Stegodyphus.
RF00005	RF00005	tRNA	full	tRNA	407821	KK114136	753389	753317	SO:0000253,GO:0030533	8256282,9023104	1	Stegodyphus mimosarum	Eukaryota Metazoa Arthropoda Chelicerata Arachnida Araneae Araneomorphae Entelegynae Eresoidea Eresidae Stegodyphus.
RF00005	RF00005	tRNA	full	tRNA	407821	KK114136	753646	753574	SO:0000253,GO:0030533	8256282,9023104	1	Stegodyphus mimosarum	Eukaryota Metazoa Arthropoda Chelicerata Arachnida Araneae Araneomorphae Entelegynae Eresoidea Eresidae Stegodyphus.
RF00005	RF00005	tRNA	full	tRNA	407821	KK114136	782119	782191	SO:0000253,GO:0030533	8256282,9023104	1	Stegodyphus mimosarum	Eukaryota Metazoa Arthropoda Chelicerata Arachnida Araneae Araneomorphae Entelegynae Eresoidea Eresidae Stegodyphus.
RF00005	RF00005	tRNA	full	tRNA	407821	KK114140	22456	22384	SO:0000253,GO:0030533	8256282,9023104	1	Stegodyphus mimosarum	Eukaryota Metazoa Arthropoda Chelicerata Arachnida Araneae Araneomorphae Entelegynae Eresoidea Eresidae Stegodyphus.
RF00005	RF00005	tRNA	full	tRNA	407821	KK114141	11505	11409	SO:0000253,GO:0030533	8256282,9023104	1	Stegodyphus mimosarum	Eukaryota Metazoa Arthropoda Chelicerata Arachnida Araneae Araneomorphae Entelegynae Eresoidea Eresidae Stegodyphus.
RF00005	RF00005	tRNA	full	tRNA	407821	KK114141	80852	80922	SO:0000253,GO:0030533	8256282,9023104	1	Stegodyphus mimosarum	Eukaryota Metazoa Arthropoda Chelicerata Arachnida Araneae Araneomorphae Entelegynae Eresoidea Eresidae Stegodyphus.
RF00005	RF00005	tRNA	full	tRNA	407821	KK114142	34411	34339	SO:0000253,GO:0030533	8256282,9023104	1	Stegodyphus mimosarum	Eukaryota Metazoa Arthropoda Chelicerata Arachnida Araneae Araneomorphae Entelegynae Eresoidea Eresidae Stegodyphus.
RF00005	RF00005	tRNA	full	tRNA	407821	KK114143	2011	2082	SO:0000253,GO:0030533	8256282,9023104	1	Stegodyphus mimosarum	Eukaryota Metazoa Arthropoda Chelicerata Arachnida Araneae Araneomorphae Entelegynae Eresoidea Eresidae Stegodyphus.
RF00005	RF00005	tRNA	full	tRNA	407821	KK114143	105052	105124	SO:0000253,GO:0030533	8256282,9023104	1	Stegodyphus mimosarum	Eukaryota Metazoa Arthropoda Chelicerata Arachnida Araneae Araneomorphae Entelegynae Eresoidea Eresidae Stegodyphus.
RF00005	RF00005	tRNA	full	tRNA	407821	KK114143	117400	117472	SO:0000253,GO:0030533	8256282,9023104	1	Stegodyphus mimosarum	Eukaryota Metazoa Arthropoda Chelicerata Arachnida Araneae Araneomorphae Entelegynae Eresoidea Eresidae Stegodyphus.
RF00005	RF00005	tRNA	full	tRNA	407821	KK114143	149628	149699	SO:0000253,GO:0030533	8256282,9023104	1	Stegodyphus mimosarum	Eukaryota Metazoa Arthropoda Chelicerata Arachnida Araneae Araneomorphae Entelegynae Eresoidea Eresidae Stegodyphus.
RF00005	RF00005	tRNA	full	tRNA	407821	KK114143	256671	256743	SO:0000253,GO:0030533	8256282,9023104	1	Stegodyphus mimosarum	Eukaryota Metazoa Arthropoda Chelicerata Arachnida Araneae Araneomorphae Entelegynae Eresoidea Eresidae Stegodyphus.
RF00005	RF00005	tRNA	full	tRNA	407821	KK114143	256925	256997	SO:0000253,GO:0030533	8256282,9023104	1	Stegodyphus mimosarum	Eukaryota Metazoa Arthropoda Chelicerata Arachnida Araneae Araneomorphae Entelegynae Eresoidea Eresidae Stegodyphus.
RF00005	RF00005	tRNA	full	tRNA	407821	KK114143	273851	273779	SO:0000253,GO:0030533	8256282,9023104	1	Stegodyphus mimosarum	Eukaryota Metazoa Arthropoda Chelicerata Arachnida Araneae Araneomorphae Entelegynae Eresoidea Eresidae Stegodyphus.
RF00005	RF00005	tRNA	full	tRNA	407821	KK114144	48492	48420	SO:0000253,GO:0030533	8256282,9023104	1	Stegodyphus mimosarum	Eukaryota Metazoa Arthropoda Chelicerata Arachnida Araneae Araneomorphae Entelegynae Eresoidea Eresidae Stegodyphus.
RF00005	RF00005	tRNA	full	tRNA	407821	KK114144	54253	54324	SO:0000253,GO:0030533	8256282,9023104	1	Stegodyphus mimosarum	Eukaryota Metazoa Arthropoda Chelicerata Arachnida Araneae Araneomorphae Entelegynae Eresoidea Eresidae Stegodyphus.
RF00005	RF00005	tRNA	full	tRNA	407821	KK114144	63004	63076	SO:0000253,GO:0030533	8256282,9023104	1	Stegodyphus mimosarum	Eukaryota Metazoa Arthropoda Chelicerata Arachnida Araneae Araneomorphae Entelegynae Eresoidea Eresidae Stegodyphus.
RF00005	RF00005	tRNA	full	tRNA	407821	KK114144	150272	150200	SO:0000253,GO:0030533	8256282,9023104	1	Stegodyphus mimosarum	Eukaryota Metazoa Arthropoda Chelicerata Arachnida Araneae Araneomorphae Entelegynae Eresoidea Eresidae Stegodyphus.
RF00005	RF00005	tRNA	full	tRNA	407821	KK114144	156505	156433	SO:0000253,GO:0030533	8256282,9023104	1	Stegodyphus mimosarum	Eukaryota Metazoa Arthropoda Chelicerata Arachnida Araneae Araneomorphae Entelegynae Eresoidea Eresidae Stegodyphus.
RF00005	RF00005	tRNA	full	tRNA	407821	KK114144	174076	174004	SO:0000253,GO:0030533	8256282,9023104	1	Stegodyphus mimosarum	Eukaryota Metazoa Arthropoda Chelicerata Arachnida Araneae Araneomorphae Entelegynae Eresoidea Eresidae Stegodyphus.
RF00005	RF00005	tRNA	full	tRNA	407821	KK114144	176052	175980	SO:0000253,GO:0030533	8256282,9023104	1	Stegodyphus mimosarum	Eukaryota Metazoa Arthropoda Chelicerata Arachnida Araneae Araneomorphae Entelegynae Eresoidea Eresidae Stegodyphus.
RF00005	RF00005	tRNA	full	tRNA	407821	KK114144	262690	262618	SO:0000253,GO:0030533	8256282,9023104	1	Stegodyphus mimosarum	Eukaryota Metazoa Arthropoda Chelicerata Arachnida Araneae Araneomorphae Entelegynae Eresoidea Eresidae Stegodyphus.
RF00005	RF00005	tRNA	full	tRNA	407821	KK114144	275675	275605	SO:0000253,GO:0030533	8256282,9023104	1	Stegodyphus mimosarum	Eukaryota Metazoa Arthropoda Chelicerata Arachnida Araneae Araneomorphae Entelegynae Eresoidea Eresidae Stegodyphus.
RF00005	RF00005	tRNA	full	tRNA	407821	KK114145	82349	82421	SO:0000253,GO:0030533	8256282,9023104	1	Stegodyphus mimosarum	Eukaryota Metazoa Arthropoda Chelicerata Arachnida Araneae Araneomorphae Entelegynae Eresoidea Eresidae Stegodyphus.
RF00005	RF00005	tRNA	full	tRNA	407821	KK114145	141530	141458	SO:0000253,GO:0030533	8256282,9023104	1	Stegodyphus mimosarum	Eukaryota Metazoa Arthropoda Chelicerata Arachnida Araneae Araneomorphae Entelegynae Eresoidea Eresidae Stegodyphus.
RF00005	RF00005	tRNA	full	tRNA	407821	KK114145	141784	141712	SO:0000253,GO:0030533	8256282,9023104	1	Stegodyphus mimosarum	Eukaryota Metazoa Arthropoda Chelicerata Arachnida Araneae Araneomorphae Entelegynae Eresoidea Eresidae Stegodyphus.
RF00005	RF00005	tRNA	full	tRNA	407821	KK114145	374437	374365	SO:0000253,GO:0030533	8256282,9023104	1	Stegodyphus mimosarum	Eukaryota Metazoa Arthropoda Chelicerata Arachnida Araneae Araneomorphae Entelegynae Eresoidea Eresidae Stegodyphus.
RF00005	RF00005	tRNA	full	tRNA	407821	KK114145	374691	374619	SO:0000253,GO:0030533	8256282,9023104	1	Stegodyphus mimosarum	Eukaryota Metazoa Arthropoda Chelicerata Arachnida Araneae Araneomorphae Entelegynae Eresoidea Eresidae Stegodyphus.
RF00005	RF00005	tRNA	full	tRNA	407821	KK114145	390029	389959	SO:0000253,GO:0030533	8256282,9023104	1	Stegodyphus mimosarum	Eukaryota Metazoa Arthropoda Chelicerata Arachnida Araneae Araneomorphae Entelegynae Eresoidea Eresidae Stegodyphus.
RF00005	RF00005	tRNA	full	tRNA	407821	KK114148	20997	20926	SO:0000253,GO:0030533	8256282,9023104	1	Stegodyphus mimosarum	Eukaryota Metazoa Arthropoda Chelicerata Arachnida Araneae Araneomorphae Entelegynae Eresoidea Eresidae Stegodyphus.
RF00005	RF00005	tRNA	full	tRNA	407821	KK114148	23919	23847	SO:0000253,GO:0030533	8256282,9023104	1	Stegodyphus mimosarum	Eukaryota Metazoa Arthropoda Chelicerata Arachnida Araneae Araneomorphae Entelegynae Eresoidea Eresidae Stegodyphus.
RF00005	RF00005	tRNA	full	tRNA	407821	KK114148	37645	37573	SO:0000253,GO:0030533	8256282,9023104	1	Stegodyphus mimosarum	Eukaryota Metazoa Arthropoda Chelicerata Arachnida Araneae Araneomorphae Entelegynae Eresoidea Eresidae Stegodyphus.
RF00005	RF00005	tRNA	full	tRNA	407821	KK114148	64078	64006	SO:0000253,GO:0030533	8256282,9023104	1	Stegodyphus mimosarum	Eukaryota Metazoa Arthropoda Chelicerata Arachnida Araneae Araneomorphae Entelegynae Eresoidea Eresidae Stegodyphus.
RF00005	RF00005	tRNA	full	tRNA	407821	KK114148	65119	65047	SO:0000253,GO:0030533	8256282,9023104	1	Stegodyphus mimosarum	Eukaryota Metazoa Arthropoda Chelicerata Arachnida Araneae Araneomorphae Entelegynae Eresoidea Eresidae Stegodyphus.
RF00005	RF00005	tRNA	full	tRNA	407821	KK114148	108991	108919	SO:0000253,GO:0030533	8256282,9023104	1	Stegodyphus mimosarum	Eukaryota Metazoa Arthropoda Chelicerata Arachnida Araneae Araneomorphae Entelegynae Eresoidea Eresidae Stegodyphus.
RF00005	RF00005	tRNA	full	tRNA	407821	KK114148	116686	116614	SO:0000253,GO:0030533	8256282,9023104	1	Stegodyphus mimosarum	Eukaryota Metazoa Arthropoda Chelicerata Arachnida Araneae Araneomorphae Entelegynae Eresoidea Eresidae Stegodyphus.
RF00005	RF00005	tRNA	full	tRNA	407821	KK114148	116938	116867	SO:0000253,GO:0030533	8256282,9023104	1	Stegodyphus mimosarum	Eukaryota Metazoa Arthropoda Chelicerata Arachnida Araneae Araneomorphae Entelegynae Eresoidea Eresidae Stegodyphus.
RF00005	RF00005	tRNA	full	tRNA	407821	KK114152	40933	40861	SO:0000253,GO:0030533	8256282,9023104	1	Stegodyphus mimosarum	Eukaryota Metazoa Arthropoda Chelicerata Arachnida Araneae Araneomorphae Entelegynae Eresoidea Eresidae Stegodyphus.
RF00005	RF00005	tRNA	full	tRNA	407821	KK114152	121957	121885	SO:0000253,GO:0030533	8256282,9023104	1	Stegodyphus mimosarum	Eukaryota Metazoa Arthropoda Chelicerata Arachnida Araneae Araneomorphae Entelegynae Eresoidea Eresidae Stegodyphus.
RF00005	RF00005	tRNA	full	tRNA	407821	KK114152	185685	185772	SO:0000253,GO:0030533	8256282,9023104	1	Stegodyphus mimosarum	Eukaryota Metazoa Arthropoda Chelicerata Arachnida Araneae Araneomorphae Entelegynae Eresoidea Eresidae Stegodyphus.
RF00005	RF00005	tRNA	full	tRNA	407821	KK114152	219495	219423	SO:0000253,GO:0030533	8256282,9023104	1	Stegodyphus mimosarum	Eukaryota Metazoa Arthropoda Chelicerata Arachnida Araneae Araneomorphae Entelegynae Eresoidea Eresidae Stegodyphus.
RF00005	RF00005	tRNA	full	tRNA	407821	KK114152	318272	318200	SO:0000253,GO:0030533	8256282,9023104	1	Stegodyphus mimosarum	Eukaryota Metazoa Arthropoda Chelicerata Arachnida Araneae Araneomorphae Entelegynae Eresoidea Eresidae Stegodyphus.
RF00005	RF00005	tRNA	full	tRNA	407821	KK114152	318524	318452	SO:0000253,GO:0030533	8256282,9023104	1	Stegodyphus mimosarum	Eukaryota Metazoa Arthropoda Chelicerata Arachnida Araneae Araneomorphae Entelegynae Eresoidea Eresidae Stegodyphus.
RF00005	RF00005	tRNA	full	tRNA	407821	KK114152	427135	427063	SO:0000253,GO:0030533	8256282,9023104	1	Stegodyphus mimosarum	Eukaryota Metazoa Arthropoda Chelicerata Arachnida Araneae Araneomorphae Entelegynae Eresoidea Eresidae Stegodyphus.
RF00005	RF00005	tRNA	full	tRNA	407821	KK114152	431434	431362	SO:0000253,GO:0030533	8256282,9023104	1	Stegodyphus mimosarum	Eukaryota Metazoa Arthropoda Chelicerata Arachnida Araneae Araneomorphae Entelegynae Eresoidea Eresidae Stegodyphus.
RF00005	RF00005	tRNA	full	tRNA	407821	KK114152	601710	601638	SO:0000253,GO:0030533	8256282,9023104	1	Stegodyphus mimosarum	Eukaryota Metazoa Arthropoda Chelicerata Arachnida Araneae Araneomorphae Entelegynae Eresoidea Eresidae Stegodyphus.
RF00005	RF00005	tRNA	full	tRNA	407821	KK114152	603583	603655	SO:0000253,GO:0030533	8256282,9023104	1	Stegodyphus mimosarum	Eukaryota Metazoa Arthropoda Chelicerata Arachnida Araneae Araneomorphae Entelegynae Eresoidea Eresidae Stegodyphus.
RF00005	RF00005	tRNA	full	tRNA	407821	KK114152	730339	730411	SO:0000253,GO:0030533	8256282,9023104	1	Stegodyphus mimosarum	Eukaryota Metazoa Arthropoda Chelicerata Arachnida Araneae Araneomorphae Entelegynae Eresoidea Eresidae Stegodyphus.
RF00005	RF00005	tRNA	full	tRNA	407821	KK114152	734530	734602	SO:0000253,GO:0030533	8256282,9023104	1	Stegodyphus mimosarum	Eukaryota Metazoa Arthropoda Chelicerata Arachnida Araneae Araneomorphae Entelegynae Eresoidea Eresidae Stegodyphus.
RF00005	RF00005	tRNA	full	tRNA	407821	KK114152	742913	742840	SO:0000253,GO:0030533	8256282,9023104	1	Stegodyphus mimosarum	Eukaryota Metazoa Arthropoda Chelicerata Arachnida Araneae Araneomorphae Entelegynae Eresoidea Eresidae Stegodyphus.
RF00005	RF00005	tRNA	full	tRNA	407821	KK114152	749742	749814	SO:0000253,GO:0030533	8256282,9023104	1	Stegodyphus mimosarum	Eukaryota Metazoa Arthropoda Chelicerata Arachnida Araneae Araneomorphae Entelegynae Eresoidea Eresidae Stegodyphus.
RF00005	RF00005	tRNA	full	tRNA	407821	KK114153	191781	191709	SO:0000253,GO:0030533	8256282,9023104	1	Stegodyphus mimosarum	Eukaryota Metazoa Arthropoda Chelicerata Arachnida Araneae Araneomorphae Entelegynae Eresoidea Eresidae Stegodyphus.
RF00005	RF00005	tRNA	full	tRNA	407821	KK114153	382820	382891	SO:0000253,GO:0030533	8256282,9023104	1	Stegodyphus mimosarum	Eukaryota Metazoa Arthropoda Chelicerata Arachnida Araneae Araneomorphae Entelegynae Eresoidea Eresidae Stegodyphus.
RF00005	RF00005	tRNA	full	tRNA	407821	KK114153	547768	547696	SO:0000253,GO:0030533	8256282,9023104	1	Stegodyphus mimosarum	Eukaryota Metazoa Arthropoda Chelicerata Arachnida Araneae Araneomorphae Entelegynae Eresoidea Eresidae Stegodyphus.
RF00005	RF00005	tRNA	full	tRNA	407821	KK114153	548021	547949	SO:0000253,GO:0030533	8256282,9023104	1	Stegodyphus mimosarum	Eukaryota Metazoa Arthropoda Chelicerata Arachnida Araneae Araneomorphae Entelegynae Eresoidea Eresidae Stegodyphus.
RF00005	RF00005	tRNA	full	tRNA	407821	KK114153	633674	633746	SO:0000253,GO:0030533	8256282,9023104	1	Stegodyphus mimosarum	Eukaryota Metazoa Arthropoda Chelicerata Arachnida Araneae Araneomorphae Entelegynae Eresoidea Eresidae Stegodyphus.
RF00005	RF00005	tRNA	full	tRNA	407821	KK114153	789296	789368	SO:0000253,GO:0030533	8256282,9023104	1	Stegodyphus mimosarum	Eukaryota Metazoa Arthropoda Chelicerata Arachnida Araneae Araneomorphae Entelegynae Eresoidea Eresidae Stegodyphus.
RF00005	RF00005	tRNA	full	tRNA	407821	KK114153	789550	789622	SO:0000253,GO:0030533	8256282,9023104	1	Stegodyphus mimosarum	Eukaryota Metazoa Arthropoda Chelicerata Arachnida Araneae Araneomorphae Entelegynae Eresoidea Eresidae Stegodyphus.
RF00005	RF00005	tRNA	full	tRNA	407821	KK114155	82736	82806	SO:0000253,GO:0030533	8256282,9023104	1	Stegodyphus mimosarum	Eukaryota Metazoa Arthropoda Chelicerata Arachnida Araneae Araneomorphae Entelegynae Eresoidea Eresidae Stegodyphus.
RF00005	RF00005	tRNA	full	tRNA	407821	KK114156	140027	139955	SO:0000253,GO:0030533	8256282,9023104	1	Stegodyphus mimosarum	Eukaryota Metazoa Arthropoda Chelicerata Arachnida Araneae Araneomorphae Entelegynae Eresoidea Eresidae Stegodyphus.
RF00005	RF00005	tRNA	full	tRNA	407821	KK114156	265781	265709	SO:0000253,GO:0030533	8256282,9023104	1	Stegodyphus mimosarum	Eukaryota Metazoa Arthropoda Chelicerata Arachnida Araneae Araneomorphae Entelegynae Eresoidea Eresidae Stegodyphus.
RF00005	RF00005	tRNA	full	tRNA	407821	KK114156	320698	320770	SO:0000253,GO:0030533	8256282,9023104	1	Stegodyphus mimosarum	Eukaryota Metazoa Arthropoda Chelicerata Arachnida Araneae Araneomorphae Entelegynae Eresoidea Eresidae Stegodyphus.
RF00005	RF00005	tRNA	full	tRNA	407821	KK114156	482892	482821	SO:0000253,GO:0030533	8256282,9023104	1	Stegodyphus mimosarum	Eukaryota Metazoa Arthropoda Chelicerata Arachnida Araneae Araneomorphae Entelegynae Eresoidea Eresidae Stegodyphus.
RF00005	RF00005	tRNA	full	tRNA	407821	KK114156	542102	542030	SO:0000253,GO:0030533	8256282,9023104	1	Stegodyphus mimosarum	Eukaryota Metazoa Arthropoda Chelicerata Arachnida Araneae Araneomorphae Entelegynae Eresoidea Eresidae Stegodyphus.
RF00005	RF00005	tRNA	full	tRNA	407821	KK114156	660280	660208	SO:0000253,GO:0030533	8256282,9023104	1	Stegodyphus mimosarum	Eukaryota Metazoa Arthropoda Chelicerata Arachnida Araneae Araneomorphae Entelegynae Eresoidea Eresidae Stegodyphus.
RF00005	RF00005	tRNA	full	tRNA	407821	KK114156	689856	689784	SO:0000253,GO:0030533	8256282,9023104	1	Stegodyphus mimosarum	Eukaryota Metazoa Arthropoda Chelicerata Arachnida Araneae Araneomorphae Entelegynae Eresoidea Eresidae Stegodyphus.
