urs,sequence_length,model_source,diagram_sequence_start,diagram_sequence_stop,diagram_bps,diagram_model_start,diagram_model_stop,model_length,model_basepair_count,diagram_overlap_count,label,prediction
URS00000003BC,843,ribovision,24,843,243,98,937,1542,507,0,1,1
URS0000001C44,256,ribovision,42,244,68,192,397,3506,993,7,0,0
URS0000003344,222,ribovision,1,221,70,117,336,1542,507,0,0,0
URS00000033AA,1460,ribovision,1,1456,374,1459,2924,2925,772,0,1,1
URS0000003A23,3133,ribovision,9,3125,889,8,3116,3120,899,15,1,1
URS0000004A8F,804,ribovision,2,547,132,873,1479,1559,373,1,0,0
URS0000004EA0,175,ribovision,64,175,13,1,112,3048,847,0,0,0
URS0000008026,82,ribovision,2,73,3,2,73,4123,1087,0,0,0
URS0000008F8F,356,ribovision,92,355,53,3,269,2922,891,3,0,0
URS0000009459,386,ribovision,5,385,120,32,414,1519,509,0,1,0
URS000000A8EC,2897,ribovision,2,2893,764,5,2923,2925,772,3,1,1
URS000000AD71,955,ribovision,7,933,196,144,1024,1559,373,2,0,0
URS000000B1E7,644,ribovision,107,644,94,32,534,1559,373,0,0,0
URS000000C3B5,159,ribovision,2,155,20,2,154,5227,1553,0,0,0
URS0000010B46,158,ribovision,2,158,26,2,158,3555,1065,0,0,0
URS0000013018,2048,ribovision,1,1672,440,1394,3041,3048,847,5,1,1
URS0000017F3A,1100,ribovision,859,1050,100,2464,2654,2922,891,0,0,0
URS00000186AB,1493,ribovision,331,1490,281,154,1302,4123,1087,16,0,1
URS000001F60E,370,ribovision,164,370,35,2,210,2921,776,0,0,0
URS0000022754,778,ribovision,138,382,83,977,1205,2925,772,0,0,0
URS00000232E6,391,ribovision,279,390,9,3,114,3120,899,0,0,0
URS0000024218,158,ribovision,2,157,26,2,157,3555,1065,0,0,0
URS0000024AB2,2893,ribovision,2,2891,855,4,2889,2911,868,4,1,1
URS000002575C,2680,ribovision,10,2665,714,344,3029,3048,847,11,1,1
URS00000270E9,152,ribovision,2,151,26,5,154,3555,1065,0,0,0
URS0000029E0C,430,ribovision,2,278,87,821,1099,1559,373,1,0,0
URS000002C14F,2919,ribovision,3,2911,875,10,2915,2922,891,14,1,1
URS000002C94B,522,ribovision,13,150,29,1903,2040,2921,776,0,0,0
URS000002D833,1050,ribovision,2,1031,242,2950,3950,4123,1087,2,0,0
URS0000030AE1,2893,ribovision,1,2893,857,1,2889,2911,868,4,1,1
URS00000311E5,738,ribovision,97,700,173,153,754,3555,1065,10,0,0
URS00000324C3,155,ribovision,2,144,32,14,156,3555,1065,0,0,0
URS0000033DB8,123,ribovision,3,121,13,4,122,4123,1087,0,0,0
URS000003655D,1562,ribovision,10,1556,368,10,1554,1559,373,4,1,1
URS00000380BB,2911,ribovision,2,2900,882,9,2914,2922,891,12,1,1
URS000003C9EA,2920,ribovision,2,2915,769,4,2924,2925,772,3,1,1
URS000003F40B,178,ribovision,1,159,34,4,161,3551,1009,0,0,0
URS00000400EE,1148,ribovision,3,1147,283,2924,4019,4123,1087,2,0,0
URS0000046FD2,183,ribovision,4,159,35,3,158,5227,1553,0,0,0
URS0000048293,163,ribovision,7,162,21,2,156,3551,1009,0,0,0
URS000004C152,760,ribovision,323,759,167,1346,1776,5227,1553,6,0,0
URS000004DD4E,2644,ribovision,2,2643,691,243,3031,3551,1009,15,1,1
URS0000053941,1558,ribovision,1,1558,373,1,1559,1559,373,4,1,1
URS0000054091,2902,ribovision,2,2902,858,4,2904,2904,860,1,1,1
URS0000057EB1,411,ribovision,298,411,9,5,118,3137,912,0,0,0
URS000005D3A1,175,ribovision,21,175,26,4,157,3555,1065,0,0,0
URS000005ED69,77,rfam,77,44,2,118,151,156,22,0,0,1
URS0000065901,84,ribovision,3,84,3,3,84,5227,1553,0,0,0
URS00000707E8,138,rfam,56,137,22,6,97,97,22,0,1,0
URS00000713DE,108,ribovision,1,107,21,39,144,3551,1009,0,0,0
URS000007637F,163,ribovision,2,162,21,1,160,3551,1009,0,0,0
URS0000078B87,899,ribovision,141,898,198,160,932,3555,1065,11,0,0
URS000008003A,229,ribovision,2,136,14,2781,2912,2922,891,0,0,0
URS00000818AC,165,ribovision,1,140,27,23,161,3551,1009,0,0,0
URS0000081A11,572,ribovision,1,572,168,597,1157,4123,1087,4,0,0
URS0000081CE5,2901,ribovision,2,2900,885,4,2918,2922,891,12,1,1
URS00000830E4,157,ribovision,4,156,20,3,154,5227,1553,0,0,0
URS0000089FB9,1456,ribovision,1,1452,372,1463,2924,2925,772,0,1,1
URS000008AB2B,156,ribovision,1,156,26,2,158,3555,1065,0,0,0
URS000008AE97,164,ribovision,4,163,21,2,160,3551,1009,0,0,0
URS000008B733,1129,ribovision,2,1128,294,2917,4037,4123,1087,8,1,1
URS00000908CD,158,ribovision,4,157,20,4,156,5227,1553,0,0,0
URS000009391B,2321,ribovision,2,2320,620,828,3068,3551,1009,3,1,1
URS0000094734,3274,ribovision,1,3273,955,199,3487,3554,1065,24,1,1
URS0000096A48,507,ribovision,201,366,19,1,166,3555,1065,0,0,0
URS00000975C3,1491,ribovision,1,1473,479,14,1474,1542,507,0,1,1
URS0000097808,166,ribovision,13,164,21,4,151,4123,1087,0,0,0
URS000009831F,153,ribovision,2,117,27,45,156,3506,993,0,0,0
URS00000A4FB9,492,ribovision,129,491,130,162,520,3555,1065,9,0,0
URS00000A7913,862,ribovision,24,860,224,1153,1974,5227,1553,6,0,0
URS00000A870E,195,ribovision,1,161,36,1,161,3554,1065,0,0,0
URS00000A8CD5,361,ribovision,155,361,35,2,210,2921,776,0,0,0
URS00000AAFE9,163,ribovision,3,159,21,2,157,3551,1009,0,0,0
URS00000B4831,1136,ribovision,8,1134,246,226,1350,1559,373,4,1,1
URS00000B4CD1,2914,ribovision,2,2908,889,4,2921,2922,891,12,1,1
URS00000B7C9D,321,ribovision,13,240,59,1247,1473,1559,373,2,0,0
URS00000B9BFE,173,ribovision,1,158,27,4,159,3551,1009,0,0,0
URS00000BAAB0,229,crw,1,223,18,424,644,784,98,0,1,0
URS00000BC788,621,ribovision,1,621,168,570,1165,4123,1087,5,0,0
URS00000C2043,175,ribovision,3,158,37,3,157,3555,1065,0,0,0
URS00000C280E,537,ribovision,3,535,110,833,1400,1559,373,1,0,0
URS00000C2830,2673,ribovision,1,2672,729,212,3031,3551,1009,11,1,1
URS00000C4E73,126,ribovision,2,106,26,2798,2902,2904,860,0,0,0
URS00000CA5F2,123,ribovision,1,123,13,1,123,4123,1087,0,0,0
URS00000CB0D8,306,ribovision,34,305,77,996,1283,4123,1087,0,0,0
URS00000CD310,2065,ribovision,1,2065,572,814,2871,3551,1009,3,1,1
URS00000D0F2F,2952,ribovision,38,2942,881,3,2908,2922,891,12,1,1
URS00000D131F,865,ribovision,49,864,156,33,778,1559,373,0,0,0
URS00000D1F83,1129,ribovision,2,1128,292,2917,4037,4123,1087,8,1,1
URS00000D2131,416,ribovision,4,415,91,496,906,4123,1087,0,0,0
URS00000D9DBA,514,ribovision,23,511,111,867,1388,1559,373,1,0,0
URS00000DAE3F,2910,ribovision,2,2903,884,8,2915,2922,891,12,1,1
URS00000DB9FD,161,ribovision,1,158,21,1,157,3551,1009,0,0,0
URS00000DCACC,504,ribovision,413,503,28,5,95,3120,899,0,0,0
URS00000E9000,2893,ribovision,3,2890,853,5,2901,2904,860,1,1,1
URS00000F4C58,385,ribovision,2,330,62,486,823,4123,1087,0,1,0
URS00000F59DE,128,ribovision,1,128,21,33,159,3551,1009,0,0,0
URS00000FBC1D,1851,ribovision,1,1851,487,178,2041,3506,993,31,1,1
URS00000FC7B1,2856,ribovision,5,2855,773,163,3099,3551,1009,14,1,1
URS00000FDA43,2054,ribovision,24,2054,417,353,2330,4123,1087,28,1,0
URS00000FE199,156,ribovision,1,156,21,4,158,3551,1009,0,0,0
URS00001015F4,1601,ribovision,35,1557,352,19,1529,1559,373,8,1,1
URS0000106218,722,ribovision,87,693,163,148,756,3555,1065,10,0,0
URS000010867E,148,ribovision,2,147,24,3,149,3506,993,0,0,0
URS0000108B0E,668,ribovision,270,431,34,2,163,3555,1065,0,0,0
URS000010C556,153,ribovision,4,152,24,4,148,3506,993,0,0,0
URS000010E9F7,3115,ribovision,1297,3053,834,1286,3062,3120,899,15,1,1
URS0000110E00,2668,ribovision,1,2667,699,212,3031,3551,1009,15,1,1
URS0000114737,1570,ribovision,2,1547,372,2,1538,1559,373,4,1,1
URS000011692C,167,ribovision,3,155,27,3,154,5227,1553,0,0,0
URS0000119C07,919,ribovision,58,900,201,1128,1975,5227,1553,9,0,0
URS0000119F98,1361,ribovision,2,1360,446,29,1389,1542,507,0,1,1
URS00001222DB,511,ribovision,510,2,16,8,516,1542,507,0,0,0
URS0000124EBF,573,ribovision,61,486,122,159,603,3555,1065,12,0,0
URS00001266B9,961,ribovision,390,959,225,786,1390,1559,373,2,1,1
URS00001293A0,165,ribovision,2,154,26,9,160,3551,1009,0,0,0
URS000012D18B,514,ribovision,2,416,104,2881,3292,3506,993,0,0,0
URS0000133446,446,ribovision,2,378,96,2110,2489,2925,772,0,0,0
URS00001358F0,1695,ribovision,38,1659,336,23,1524,1559,373,6,1,1
URS00001387E6,1372,ribovision,3,1371,442,30,1389,1542,507,0,1,1
URS000013D450,383,ribovision,2,300,61,833,1150,1559,373,1,0,0
URS0000140C76,185,ribovision,9,167,40,1,159,3555,1065,0,0,0
URS0000143E7D,582,rfam,138,548,25,1,354,354,94,2,0,1
URS000014992C,483,ribovision,131,289,41,1,159,3554,1065,0,0,0
URS000014A4DF,114,ribovision,113,3,12,2,115,3555,1065,0,0,0
URS000014AD96,102,ribovision,1,101,14,54,154,5227,1553,0,0,0
URS000014B8A5,147,ribovision,1,144,20,11,154,5227,1553,0,0,0
URS000014CE29,430,ribovision,430,2,17,821,1275,1559,373,3,0,0
URS000014E79C,156,ribovision,1,125,35,38,161,3551,1009,0,0,0
URS000014FD5F,2957,ribovision,15,2951,812,20,3039,3048,847,14,1,1
URS0000158BDF,2187,ribovision,1,2187,438,240,2355,4123,1087,34,0,0
URS00001591E2,2894,ribovision,4,2893,767,9,2911,2921,776,4,1,1
URS000015E473,2894,ribovision,2,2849,865,3,2857,2922,891,12,1,1
URS000015F37E,852,ribovision,300,837,178,1433,1988,5227,1553,10,0,0
URS000015FC72,752,ribovision,389,751,161,1420,1788,5227,1553,8,0,0
URS0000161666,889,ribovision,397,556,38,2,161,3554,1065,1,0,0
URS0000163D29,176,ribovision,1,159,31,4,163,3551,1009,0,0,0
URS00001644B4,2168,ribovision,1,2168,416,239,2318,4123,1087,30,0,0
URS000016D7A0,2914,ribovision,1,2911,766,15,2924,2925,772,3,1,1
URS000016F66C,621,ribovision,2,521,89,455,882,4123,1087,6,0,0
URS000016FE17,2654,ribovision,2,2652,769,4,2656,2904,860,4,1,1
URS0000171AD7,96,ribovision,1,95,14,60,154,5227,1553,0,0,0
URS00001752EE,1461,ribovision,1,1457,374,1458,2924,2925,772,0,1,1
URS000017C426,333,ribovision,221,332,10,2,113,2925,772,0,0,0
URS0000182A84,161,ribovision,18,130,19,1,113,4123,1087,0,0,0
URS0000182F00,776,ribovision,379,770,177,1380,1783,5227,1553,10,0,0
URS000018412C,2872,ribovision,12,2869,752,10,2914,2921,776,4,1,1
URS000018A13F,160,ribovision,1,160,21,2,160,3551,1009,0,0,0
URS000018B205,432,ribovision,328,431,14,9,111,2911,868,4,0,0
URS0000193100,635,ribovision,244,407,32,1,160,3551,1009,0,0,0
URS0000195157,339,ribovision,220,338,9,5,121,2925,772,0,0,0
URS0000195DB2,116,crw,5,113,26,7,115,118,26,0,1,0
URS0000198336,367,rfam,1,367,92,1,354,354,94,0,1,1
URS000019C576,796,ribovision,335,796,191,1342,1809,5227,1553,8,0,0
URS00001A8439,399,ribovision,32,394,98,2122,2484,2925,772,2,0,0
URS00001AA950,105,crw,1,103,26,1378,1482,1517,375,0,1,0
URS00001AD33D,162,ribovision,17,161,24,1,149,3506,993,0,0,0
URS00001B0A94,94,ribovision,3,93,20,2831,2921,2925,772,0,0,0
URS00001B23AF,790,ribovision,112,790,175,1244,1809,5227,1553,8,0,0
URS00001B517E,822,ribovision,350,786,49,1,485,3551,1009,4,0,0
URS00001B5272,3295,ribovision,1,3295,918,199,3489,3551,1009,23,1,1
URS00001B78C1,509,ribovision,17,507,102,860,1389,1559,373,3,0,0
URS00001BA17C,1460,ribovision,2,1460,332,447,1914,2925,772,0,1,1
URS00001BA42D,158,ribovision,2,156,26,2,156,3555,1065,0,0,0
URS00001BB48A,153,ribovision,4,150,24,4,146,3506,993,0,0,0
URS00001BEAA0,565,ribovision,444,565,17,8,129,3120,899,0,0,0
URS00001BEC0D,1130,ribovision,2,1129,293,2917,4037,4123,1087,8,1,1
URS00001BF3B2,334,ribovision,217,334,13,11,129,3120,899,0,0,0
URS00001C1980,429,ribovision,429,2,16,821,1275,1559,373,1,0,0
URS00001C4E6D,2259,ribovision,2,2229,641,668,3008,3048,847,9,1,1
URS00001C7564,153,ribovision,4,153,24,4,149,3506,993,0,0,0
URS00001C8290,162,ribovision,5,158,26,2,154,3555,1065,0,0,0
URS00001C9BF1,158,ribovision,3,156,20,3,155,5227,1553,0,0,0
URS00001CBE7C,354,ribovision,200,353,61,2461,2614,2922,891,0,0,0
URS00001CC127,1871,ribovision,1,1871,467,178,2041,3506,993,25,1,1
URS00001CF85D,184,ribovision,2,156,41,5,160,3555,1065,0,0,0
URS00001D787B,117,ribovision,1,117,21,43,158,3551,1009,0,0,0
URS00001D85AC,2884,ribovision,2,2883,874,10,2899,2922,891,12,1,1
URS00001DD1C7,401,ribovision,112,268,34,4,160,3506,993,0,0,0
URS00001E2417,592,ribovision,22,592,133,1148,1734,5227,1553,6,0,0
URS00001E3A20,499,ribovision,6,144,24,499,638,4123,1087,2,0,0
URS00001E3E84,357,ribovision,189,355,61,2461,2627,2922,891,0,0,0
URS00001E8A1F,1396,ribovision,37,1395,298,34,1357,1559,373,6,1,1
URS00001EB287,612,ribovision,13,605,135,204,814,1559,373,3,0,0
URS00001EB6AE,2892,ribovision,3,2889,852,5,2901,2904,860,3,1,1
URS00001F006B,158,ribovision,1,158,26,1,158,3555,1065,0,0,0
URS00001F89E7,475,ribovision,138,366,106,1221,1449,1559,373,2,0,0
URS00001F9A82,182,ribovision,4,164,30,2,161,3551,1009,0,0,0
URS00001FA03B,679,ribovision,132,678,152,1123,1674,5227,1553,0,0,0
URS00001FCD22,3201,ribovision,1,3201,928,223,3498,3554,1065,25,1,1
URS00001FE014,127,ribovision,2,123,20,33,154,5227,1553,0,0,0
URS00001FE6EC,331,ribovision,226,330,9,10,114,3120,899,0,0,0
URS0000201480,328,crw,1,328,36,113,442,937,177,0,0,1
URS000020266E,161,ribovision,2,141,34,23,161,3551,1009,0,0,0
URS0000202B6F,774,ribovision,21,588,143,865,1466,1559,373,1,0,0
URS00002067BF,784,ribovision,333,784,164,1296,1782,5227,1553,9,0,0
URS0000207D8D,718,ribovision,377,717,110,1405,1751,5227,1553,6,0,0
URS00002081CD,793,ribovision,117,793,175,1244,1807,5227,1553,8,0,0
URS00002083AB,714,ribovision,1,714,191,8,693,1542,507,0,1,0
URS000020A67D,2560,ribovision,2,2559,767,366,2922,2922,891,7,1,1
URS000020C192,2568,ribovision,7,2557,655,336,2912,2921,776,1,1,1
URS0000211D4C,142,ribovision,2,142,21,21,160,3551,1009,0,0,0
URS000021E514,750,ribovision,413,749,186,1425,1776,5227,1553,18,0,0
URS000021E5B1,1511,ribovision,1,1511,482,8,1541,1542,507,0,1,1
URS0000220249,2906,ribovision,2,2901,882,9,2919,2922,891,12,1,1
URS0000220C5A,118,rfam,38,2,7,2,38,70,24,0,0,1
URS0000222DC9,392,ribovision,275,392,10,2,117,2921,776,0,0,0
URS0000225177,111,ribovision,1,110,24,39,150,3506,993,0,0,0
URS0000226817,1216,rfam,882,948,1,73,139,158,12,1,0,0
URS0000226B3E,803,ribovision,255,802,181,1210,1771,5227,1553,14,0,0
URS000023644C,165,ribovision,3,162,21,1,159,3551,1009,0,0,0
URS0000237E8B,301,ribovision,131,291,32,3,169,3120,899,0,0,0
URS0000238A95,716,ribovision,276,715,107,1278,1758,5227,1553,8,0,0
URS000023C1B4,333,ribovision,221,333,9,10,122,3120,899,0,0,0
URS000023D2D9,480,ribovision,161,323,38,1,166,3555,1065,0,0,0
URS000023DE4C,420,rfam,3,419,88,3,420,421,88,2,1,1
URS000023E763,1935,ribovision,756,990,390,743,974,1519,509,11,1,1
URS000023F513,1130,ribovision,2,1129,294,2917,4037,4123,1087,8,1,1
URS00002402DC,1401,ribovision,5,1399,300,4,1383,1559,373,4,1,1
URS0000247BBD,154,ribovision,1,153,26,2,154,3555,1065,0,0,0
URS0000247ED0,494,ribovision,368,494,16,3,129,3120,899,0,0,0
URS0000249252,167,ribovision,7,166,21,2,160,3551,1009,0,0,0
URS0000250FC6,401,ribovision,214,401,34,4,192,2925,772,0,0,0
URS000025C7F1,344,ribovision,190,343,61,2461,2614,2922,891,0,0,0
URS000025E99C,504,ribovision,410,503,24,5,98,3137,912,0,0,0
URS0000263244,675,ribovision,263,425,30,2,163,3551,1009,2,0,0
URS0000263B1B,2906,ribovision,4,2901,771,4,2918,2921,776,4,1,1
URS000026B859,177,ribovision,6,164,27,1,158,3551,1009,0,0,0
URS0000275E79,611,ribovision,238,399,27,1,161,3551,1009,0,0,0
URS0000277094,3279,ribovision,2,3278,934,161,3515,3554,1065,27,1,1
URS000027A768,2141,ribovision,1,2140,438,248,2305,4123,1087,30,0,0
URS000027ABA9,153,ribovision,4,153,20,4,149,3506,993,0,0,0
URS000027BFC7,448,ribovision,362,212,29,3,152,3506,993,2,0,0
URS000028124C,2702,ribovision,440,2611,488,905,3084,4123,1087,20,0,1
URS0000284FBD,492,ribovision,18,409,90,421,833,3551,1009,7,0,0
URS00002863D6,502,ribovision,466,2,63,872,1382,1559,373,2,0,0
URS0000286DA5,260,ribovision,2,211,65,1260,1466,1559,373,0,0,0
URS000028C1C5,775,ribovision,312,771,204,1329,1802,5227,1553,6,0,0
URS000028F0AC,516,ribovision,29,515,106,872,1390,1559,373,1,0,0
URS00002929FD,459,ribovision,329,458,20,2,131,3137,912,0,0,0
URS0000293C2B,768,ribovision,2,108,18,491,599,4123,1087,2,0,0
URS0000295516,2892,ribovision,8,2889,818,175,3105,3120,899,11,1,1
URS000029AC7E,155,ribovision,1,149,24,5,150,3506,993,0,0,0
URS000029F720,2902,ribovision,2,2902,858,4,2904,2904,860,1,1,1
URS00002A02B5,630,ribovision,1,628,168,570,1162,4123,1087,5,0,0
URS00002A07F8,2690,ribovision,428,2600,520,913,3085,4123,1087,25,0,1
URS00002A0DCD,163,ribovision,4,162,21,2,160,3551,1009,0,0,0
URS00002A1548,2712,ribovision,2,2712,717,72,2810,3048,847,10,1,1
URS00002A2E83,1870,ribovision,1,1869,470,2,1869,1869,470,0,1,1
URS00002A7ED5,273,ribovision,2,272,65,547,816,1800,560,0,0,0
URS00002AFB6E,1277,ribovision,13,1090,268,1822,2915,2925,772,0,1,0
URS00002B4A34,152,ribovision,2,114,20,3,115,5227,1553,0,0,0
URS00002B62A5,812,ribovision,2,555,126,204,766,3551,1009,10,0,0
URS00002B6395,2733,ribovision,1,2732,682,212,3031,3551,1009,19,1,1
URS00002B7B2B,556,ribovision,71,556,106,2,487,3137,912,11,0,0
URS00002BB90B,2635,ribovision,1,2619,618,941,3573,4123,1087,10,0,1
URS00002C056E,132,ribovision,1,131,18,44,152,4123,1087,0,0,0
URS00002C371F,643,ribovision,2,364,103,222,581,3506,993,19,0,0
URS00002C821F,2963,ribovision,11,2820,742,161,3039,3048,847,16,1,1
URS00002CAABE,154,ribovision,1,154,26,1,154,3555,1065,0,0,0
URS00002CB0B3,1428,ribovision,1,1428,454,8,1408,1542,507,0,1,1
URS00002D3018,2897,ribovision,2,2897,880,4,2914,2922,891,12,1,1
URS00002D65EB,516,ribovision,2,446,116,1155,1596,3554,1065,0,0,0
URS00002D98B8,77,rfam,77,39,3,118,156,156,22,0,0,1
URS00002DC56B,158,ribovision,1,157,26,1,157,3555,1065,0,0,0
URS00002DE4AF,659,ribovision,340,659,172,1346,1690,5227,1553,2,0,0
URS00002E0074,784,ribovision,116,561,94,982,1377,2925,772,13,0,0
URS00002E3976,118,ribovision,1,79,21,36,114,4123,1087,0,0,0
URS00002E9D0C,2201,ribovision,5,2201,429,208,2355,4123,1087,18,0,0
URS00002EF79E,1856,ribovision,1,1856,487,178,2041,3506,993,30,1,1
URS00002F015E,570,ribovision,2,137,16,501,637,4123,1087,3,0,0
URS00002F420B,547,ribovision,1,547,159,35,571,1542,507,0,1,0
URS00002F4BC1,2631,ribovision,2,2568,630,353,2924,2925,772,5,1,1
URS00002F5A2D,1497,ribovision,1,1496,494,9,1509,1542,507,0,1,1
URS00002F72DC,1417,ribovision,15,1415,307,3,1383,1559,373,5,1,1
URS00002FA57D,109,ribovision,1,108,24,40,149,3506,993,0,0,0
URS00002FC759,739,ribovision,23,738,203,1157,1838,5227,1553,6,0,0
URS00002FFFB1,169,ribovision,3,163,26,1,160,3551,1009,0,0,0
URS0000300758,110,ribovision,1,109,24,39,149,3506,993,0,0,0
URS00003018FD,953,ribovision,398,951,166,782,1385,1559,373,1,1,0
URS000030198E,1399,ribovision,38,1399,336,989,2315,4123,1087,0,0,1
URS00003023DF,778,ribovision,9,775,144,164,872,1559,373,3,0,0
URS0000303EC5,3022,ribovision,1,3019,848,1,2889,2911,868,7,1,1
URS000030476A,901,ribovision,726,875,13,7,150,3120,899,2,0,0
URS000030E1B3,170,ribovision,2,158,33,1,157,3554,1065,0,0,0
URS000030E487,163,ribovision,1,134,25,27,159,3551,1009,0,0,0
URS000030EFE2,768,ribovision,235,605,172,678,1081,1559,373,6,0,0
URS0000312620,751,ribovision,1,545,127,897,1469,1559,373,3,0,0
URS0000312CCE,408,ribovision,288,407,9,2,121,2925,772,0,0,0
URS0000313D47,842,ribovision,6,580,141,872,1469,1559,373,2,0,0
URS0000313D99,1748,ribovision,1,1748,452,178,2041,3506,993,25,1,1
URS00003160FD,2663,ribovision,1,2662,720,212,3031,3551,1009,13,1,1
URS000031B310,2218,ribovision,2,2218,462,203,2330,4123,1087,36,0,0
URS000031BB9A,154,ribovision,18,153,17,1,135,3551,1009,0,0,0
URS000031F879,611,ribovision,483,608,16,9,134,3120,899,0,0,0
URS0000322A39,218,rfam,4,208,37,4,159,171,38,0,1,1
URS00003233AD,2132,ribovision,1,2132,431,232,2356,4123,1087,26,0,0
URS0000325723,421,ribovision,301,421,19,8,129,3120,899,0,0,0
URS000032615D,154,ribovision,1,154,26,1,154,3555,1065,0,0,0
URS000032706A,559,ribovision,13,492,138,242,812,3555,1065,8,0,0
URS000032F120,426,ribovision,1,418,84,925,1403,1559,373,1,0,0
URS000033047D,90,rfam,2,90,15,16,105,167,42,2,0,0
URS0000332F13,2986,ribovision,6,2943,842,4,2890,2911,868,11,1,1
URS0000336AB0,158,ribovision,1,158,26,1,158,3555,1065,0,0,0
URS0000336E43,150,ribovision,1,147,24,4,151,3506,993,0,0,0
URS000033C899,1128,ribovision,2,1127,293,2917,4037,4123,1087,8,1,1
URS000033D934,513,ribovision,18,512,112,866,1396,1559,373,1,0,0
URS00003436A6,162,ribovision,4,159,26,1,155,3555,1065,0,0,0
URS00003450E3,143,ribovision,5,120,26,2770,2902,2904,860,0,0,0
URS0000345DFD,1387,ribovision,1,1385,331,221,1681,2925,772,3,1,1
URS00003485B8,2755,ribovision,2,2751,705,162,2924,2925,772,3,1,1
URS000034BF30,526,ribovision,2,522,159,995,1514,1542,507,0,0,0
URS00003510D6,688,ribovision,2,688,188,147,815,1542,507,0,1,0
URS0000354462,344,ribovision,190,343,61,2461,2614,2922,891,0,0,0
URS00003553E8,164,ribovision,3,163,21,1,160,3551,1009,0,0,0
URS0000356957,622,ribovision,240,401,33,1,161,3551,1009,0,0,0
URS0000357362,179,ribovision,1,161,34,3,162,3551,1009,0,0,0
URS000035856A,508,ribovision,22,503,111,867,1380,1559,373,1,0,0
URS0000358F81,2541,ribovision,2,1468,686,45,1463,2904,860,3,1,1
URS00003591D1,2181,ribovision,2,2181,436,232,2318,4123,1087,37,0,0
URS000035D363,164,ribovision,7,164,26,1,158,3555,1065,0,0,0
URS000035DEE3,344,ribovision,190,343,61,2461,2614,2922,891,0,0,0
URS000036C4EE,604,ribovision,230,433,40,1,196,3551,1009,0,0,0
URS000036D4C3,110,ribovision,1,99,18,19,117,3506,993,0,0,0
URS000036DD51,2193,ribovision,2,2192,617,4,2187,2904,860,1,1,1
URS000036FEF6,333,ribovision,221,332,10,2,113,2925,772,0,0,0
URS0000371884,696,ribovision,342,694,112,1401,1770,5227,1553,6,0,0
URS000037287C,161,ribovision,2,97,34,66,161,3555,1065,0,0,0
URS0000378E05,2676,ribovision,1,2675,706,212,3031,3551,1009,11,1,1
URS000037E021,154,ribovision,1,153,21,1,150,4123,1087,0,0,0
URS000037E171,302,ribovision,176,301,16,3,129,3120,899,0,0,0
URS00003801F7,2180,ribovision,3,2180,449,212,2346,4123,1087,38,0,0
URS00003806DE,70,ribovision,1,70,9,1739,1808,1808,459,0,0,0
URS00003828C3,3052,ribovision,75,2972,713,2,2924,2925,772,3,1,1
URS0000386397,1146,ribovision,2,1145,280,2937,4040,4123,1087,8,0,0
URS0000388D82,454,ribovision,1,453,95,923,1399,1559,373,1,0,0
URS0000390C4C,823,ribovision,7,823,166,3,812,1559,373,3,0,0
URS0000391FE0,165,ribovision,4,164,21,1,160,3551,1009,0,0,0
URS00003936AE,426,ribovision,306,426,19,8,129,3120,899,0,0,0
URS0000394A9F,397,ribovision,1,257,72,821,1083,1559,373,1,0,0
URS000039DB66,164,ribovision,3,163,21,1,160,3551,1009,0,0,0
URS000039F198,398,ribovision,279,398,9,3,122,3120,899,0,0,0
URS00003A200A,1797,ribovision,3,1797,478,223,2041,3506,993,24,1,1
URS00003A4DDA,1845,ribovision,1,1845,474,178,2041,3506,993,34,1,1
URS00003A6D22,2903,ribovision,2,2903,858,4,2904,2904,860,1,1,1
URS00003AAA83,1912,ribovision,5,1912,475,163,2041,3506,993,34,1,1
URS00003ACFC1,299,rfam,1,296,101,1,297,301,120,0,1,1
URS00003B09AF,174,ribovision,3,160,27,2,158,3551,1009,0,0,0
URS00003B246D,164,ribovision,2,141,35,22,160,3551,1009,0,0,0
URS00003B3C33,155,ribovision,3,154,20,2,153,5227,1553,0,0,0
URS00003B5106,599,ribovision,174,329,35,2,157,3555,1065,0,0,0
URS00003B81E1,1824,ribovision,2,1410,433,185,1633,4123,1087,18,1,1
URS00003BB37E,107,ribovision,1,107,24,41,149,3506,993,0,0,0
URS00003CBCA5,1451,ribovision,4,1438,368,1465,2915,2925,772,1,1,1
URS00003CE6A9,1130,ribovision,2,1129,292,2917,4037,4123,1087,4,1,1
URS00003D07F3,2963,ribovision,7,2944,810,17,3029,3048,847,14,1,1
URS00003D1F94,621,ribovision,1,619,168,570,1162,4123,1087,5,0,0
URS00003DA46D,110,ribovision,2,109,15,51,153,4123,1087,0,0,0
URS00003DE7E7,879,ribovision,37,878,251,98,960,1542,507,0,1,1
URS00003E00D0,344,ribovision,190,343,61,2461,2614,2922,891,0,0,0
URS00003E25E3,153,ribovision,3,152,24,4,149,3506,993,0,0,0
URS00003E58BB,153,ribovision,2,152,24,4,150,3506,993,0,0,0
URS00003E6039,163,ribovision,3,163,21,1,160,3551,1009,0,0,0
URS00003E6F42,326,ribovision,223,325,4,13,116,3137,912,0,0,0
URS00003E7535,333,ribovision,224,331,16,5,112,2921,776,0,0,0
URS00003E9100,1152,ribovision,2,1151,267,2937,4052,4123,1087,8,0,0
URS00003EA521,204,ribovision,5,159,34,4,158,5227,1553,0,0,0
URS00003ED7DA,319,ribovision,206,319,12,1,114,2925,772,0,0,0
URS00003EF5AF,816,ribovision,1,812,249,49,888,1542,507,0,1,1
URS00003F3D56,1779,ribovision,1,1759,488,1572,3356,3554,1065,5,1,1
URS00003F94D0,791,ribovision,332,790,193,1340,1804,5227,1553,8,0,0
URS00003F9E1A,600,ribovision,16,595,148,582,1116,3551,1009,20,0,0
URS00003FDAB6,3063,ribovision,10,3052,881,9,3114,3120,899,11,1,1
URS0000402D34,702,ribovision,5,701,223,32,771,1542,507,0,1,1
URS00004062DC,2546,ribovision,5,1610,472,180,1800,1800,560,0,1,1
URS0000406AA2,498,ribovision,25,496,108,870,1386,1559,373,1,0,0
URS0000406F88,577,ribovision,173,321,35,3,153,5227,1553,0,0,0
URS000040E5EA,567,ribovision,13,457,125,2254,2697,2925,772,0,0,0
URS000040FA9F,167,ribovision,13,165,21,4,151,4123,1087,0,0,0
URS0000416C97,2134,ribovision,1,2134,597,218,2301,3555,1065,20,1,1
URS0000417141,149,ribovision,7,148,20,9,149,5227,1553,0,0,0
URS0000419137,2174,ribovision,2,2126,531,201,2190,3555,1065,23,0,1
URS000041BE49,709,ribovision,12,708,155,1156,1819,5227,1553,6,0,0
URS000041E64D,3004,ribovision,1,3004,834,233,3235,3551,1009,12,1,1
URS0000420D68,157,ribovision,2,118,39,44,160,3555,1065,0,0,0
URS000042197F,1797,ribovision,3,1797,468,232,2041,3506,993,27,1,1
URS0000425D4D,556,ribovision,71,556,106,2,487,3137,912,11,0,0
URS0000425DC6,1558,ribovision,1,1558,373,1,1559,1559,373,4,1,1
URS0000429311,164,ribovision,4,162,21,2,159,3551,1009,0,0,0
URS000042C9CE,154,ribovision,1,153,26,2,154,3555,1065,0,0,0
URS000042EB9E,2856,ribovision,1,2855,859,21,2897,2922,891,12,1,1
URS0000432B05,582,ribovision,2,582,128,233,812,1559,373,2,0,0
URS0000434A9A,971,crw,1,54,26,1498,1551,1551,398,0,0,0
URS000043738A,990,ribovision,26,985,169,11,885,1559,373,3,0,0
URS0000437D7C,616,ribovision,225,389,46,3,166,3551,1009,6,0,0
URS0000438361,1648,ribovision,4,1641,383,52,1695,1808,459,0,1,1
URS0000438896,561,ribovision,195,558,56,1295,1671,5227,1553,0,0,0
URS000043BBB9,161,ribovision,2,142,31,22,161,3551,1009,0,0,0
URS000043C8FF,677,ribovision,69,670,156,156,755,3555,1065,9,0,0
URS000043D5F8,748,ribovision,74,747,176,1107,1779,5227,1553,7,0,0
URS000043E9BC,1746,ribovision,2,1745,540,25,1775,1800,560,0,1,1
URS00004412BF,773,ribovision,330,773,212,1342,1790,5227,1553,4,0,0
URS0000442B06,1368,ribovision,74,1341,325,105,1473,1559,373,2,1,1
URS0000445977,85,rfam,3,79,29,16,90,72,29,0,1,1
URS0000447B35,1187,ribovision,2,1186,284,181,1358,1559,373,6,1,1
URS0000448175,727,ribovision,1,627,162,199,828,3551,1009,7,0,0
URS00004489A0,427,ribovision,196,426,37,4,236,2925,772,0,0,0
URS000044AE13,164,ribovision,4,163,21,2,160,3551,1009,0,0,0
URS000044DE25,2944,ribovision,2,2943,831,132,3107,3137,912,19,1,1
URS0000450B32,434,ribovision,330,433,14,9,111,2911,868,0,0,0
URS0000457D54,261,ribovision,2,134,61,3154,3286,3506,993,7,0,0
URS000045BF62,344,ribovision,189,343,61,2460,2614,2922,891,0,0,0
URS000045FA7F,435,ribovision,2,127,35,33,158,5227,1553,0,0,0
URS000046063B,2506,ribovision,3,2505,622,436,2877,2925,772,4,1,1
URS000046634B,838,ribovision,47,551,138,956,1376,2925,772,8,0,0
URS000046FF33,2276,ribovision,1,2272,596,647,2924,2925,772,0,1,1
URS0000470B6A,2918,ribovision,3,2906,890,3,2915,2922,891,12,1,1
URS0000474AA3,504,ribovision,6,407,102,899,1301,2925,772,0,0,0
URS0000475186,2834,ribovision,1,2829,642,248,2943,3554,1065,30,0,1
URS000047521B,161,ribovision,2,134,31,29,160,3551,1009,0,0,0
URS0000477B2F,603,ribovision,4,600,124,223,812,1559,373,5,0,0
URS0000477D68,2892,ribovision,3,2889,852,5,2901,2904,860,3,1,1
URS000048523B,1456,ribovision,1,1452,372,1463,2924,2925,772,0,1,1
URS0000488590,158,ribovision,4,155,21,4,151,4123,1087,0,0,0
URS000048CD62,1461,ribovision,3,1453,373,1465,2923,2925,772,0,1,1
URS000048E473,107,ribovision,2,83,21,32,113,4123,1087,0,0,0
URS000048EC4B,302,ribovision,190,301,14,4,115,2925,772,0,0,0
URS000048FC19,163,ribovision,4,161,21,2,159,3551,1009,0,0,0
URS00004A2A8B,165,ribovision,2,155,27,8,160,3551,1009,0,0,0
URS00004A3420,731,ribovision,440,160,31,788,1070,1559,373,5,0,0
URS00004A34E0,157,ribovision,3,155,20,3,154,5227,1553,0,0,0
URS00004A5CBB,712,ribovision,405,712,149,1453,1755,5227,1553,16,0,0
URS00004A7406,3079,ribovision,7,3068,881,6,3114,3120,899,11,1,1
URS00004A982F,2851,ribovision,2,2850,866,3,2905,2922,891,12,1,1
URS00004ADAAD,110,ribovision,1,109,24,39,149,3506,993,0,0,0
URS00004AE1DB,6982,rfam,6691,6747,10,1,56,56,21,0,0,0
URS00004B2B9C,453,ribovision,5,453,96,892,1403,1559,373,1,0,0
URS00004B4EA1,189,ribovision,1,162,28,1,161,3551,1009,0,0,0
URS00004B8BB6,1800,ribovision,2,1800,452,224,2029,3506,993,26,1,1
URS00004B94CF,175,ribovision,2,120,24,44,161,3551,1009,0,0,0
URS00004B9563,158,ribovision,4,155,21,4,152,4123,1087,0,0,0
URS00004BA636,157,ribovision,3,154,20,3,153,5227,1553,0,0,0
URS00004BFECA,518,ribovision,2,518,132,568,1083,1800,560,0,0,0
URS00004C5ABC,2755,ribovision,1,2754,679,212,3031,3551,1009,19,1,1
URS00004C7A30,127,ribovision,2,116,24,47,160,3551,1009,0,0,0
URS00004C7C2E,94,crw,11,92,12,405,491,759,117,0,0,0
URS00004CC85B,107,ribovision,1,107,24,41,149,3506,993,0,0,0
URS00004CDBE6,112,ribovision,4,109,12,5,111,5227,1553,0,0,0
URS00004D37BE,572,ribovision,453,572,13,10,129,3120,899,0,0,0
URS00004D470F,157,ribovision,2,147,33,12,157,3554,1065,0,0,0
URS00004D4F74,2902,ribovision,2,2902,858,4,2904,2904,860,1,1,1
URS00004D794F,417,ribovision,297,417,9,5,125,3137,912,0,0,0
URS00004DC98B,110,ribovision,1,109,24,39,149,3506,993,0,0,0
URS00004DCA70,106,ribovision,1,105,14,4,109,3506,993,0,0,0
URS00004DDCA0,2206,ribovision,3,2200,439,223,2352,4123,1087,32,0,0
URS00004E6E13,2499,ribovision,1,2498,635,1544,4051,4123,1087,10,1,1
URS00004EB1BE,3219,ribovision,1,3218,819,184,3292,3551,1009,30,1,1
URS00004EC9C8,906,ribovision,35,552,122,959,1374,2925,772,9,0,0
URS00004ECB31,344,ribovision,190,343,61,2461,2614,2922,891,0,0,0
URS00004F01E4,130,ribovision,4,108,18,4,116,3554,1065,0,0,0
URS00004F1391,163,ribovision,4,163,21,2,160,3551,1009,0,0,0
URS00004F29A2,146,ribovision,18,146,18,1,129,2925,772,1,0,0
URS00004F426B,2997,ribovision,3,2993,760,5,2924,2925,772,4,1,1
URS00004F4EAC,90,rfam,15,89,11,27,101,167,42,0,0,0
URS00004FCAB7,479,ribovision,6,470,114,1034,1532,1559,373,0,1,0
URS00004FD05A,2205,ribovision,19,1669,493,56,1800,1800,560,0,1,1
URS00004FF7E3,2102,ribovision,83,2101,526,2012,4051,4123,1087,8,1,1
URS000050400B,153,ribovision,34,148,17,4,118,3506,993,1,0,0
URS00005061EC,540,ribovision,1,152,52,486,638,4123,1087,4,0,0
URS0000509B62,1130,ribovision,2,1129,286,2917,4037,4123,1087,8,1,1
URS000050DC65,221,ribovision,51,219,36,162,326,3551,1009,3,0,0
URS000051170C,601,ribovision,123,600,102,1,480,2925,772,3,0,0
URS000051240B,159,ribovision,4,157,26,2,155,3555,1065,0,0,0
URS00005132F7,243,ribovision,1,98,11,191,286,3555,1065,0,0,0
URS0000519A62,158,ribovision,1,157,26,2,158,3555,1065,0,0,0
URS000052281F,790,ribovision,300,789,190,1277,1804,5227,1553,8,0,0
URS000052FFC3,712,ribovision,332,710,118,435,866,2921,776,4,0,0
URS0000530C72,2912,ribovision,2,2901,883,9,2914,2922,891,12,1,1
URS0000539B15,1494,ribovision,46,1493,289,7,1364,1559,373,2,0,1
URS000053BEAD,2900,ribovision,2,2900,858,4,2904,2904,860,1,1,1
URS0000543725,1130,ribovision,2,1129,293,2917,4037,4123,1087,8,1,1
URS000054A4A4,1489,ribovision,1,1489,489,9,1536,1542,507,0,1,1
URS000054F31F,1393,ribovision,5,1392,302,3,1357,1559,373,3,1,1
URS00005533E1,436,ribovision,300,434,21,1,135,2904,860,0,0,0
URS00005540B0,761,ribovision,417,760,155,1426,1777,5227,1553,8,0,0
URS0000554147,87,ribovision,17,84,3,2,72,4123,1087,0,0,0
URS000055A479,162,ribovision,9,150,22,11,149,5227,1553,0,0,0
URS000055AAD4,163,ribovision,1,134,32,27,159,3551,1009,0,0,0
URS000055D6D4,164,ribovision,3,162,21,1,159,3551,1009,0,0,0
URS000055ECA3,164,ribovision,3,162,21,1,159,3551,1009,0,0,0
URS000055F1A4,358,ribovision,189,353,63,1225,1393,1559,373,1,0,0
URS00005641CE,2671,ribovision,1,2667,689,254,2924,2925,772,3,1,1
URS0000564DC4,166,ribovision,11,164,21,2,151,4123,1087,0,0,0
URS0000567560,799,ribovision,2,633,158,802,1468,1559,373,1,0,0
URS000056FCF2,177,ribovision,1,157,40,1,157,3555,1065,0,0,0
URS0000571C09,2923,ribovision,2,2909,867,9,2909,2922,891,12,1,1
URS0000574CE8,2888,ribovision,2,2886,848,5,2901,2904,860,1,1,1
URS0000578BEC,189,ribovision,2,160,41,1,158,3555,1065,0,0,0
URS000057AA7C,785,ribovision,12,576,135,871,1466,1559,373,2,0,0
URS00005805D0,159,ribovision,2,158,26,1,156,3555,1065,1,0,0
URS0000587344,690,ribovision,300,459,29,2,159,3551,1009,0,0,0
URS0000592FBD,158,ribovision,1,158,26,1,158,3555,1065,0,0,0
URS00005947D5,3260,ribovision,1,3257,916,229,3485,3551,1009,21,1,1
URS00005963C6,2938,ribovision,11,2931,755,13,2921,2925,772,3,1,1
URS0000597468,1130,ribovision,2,1129,286,2917,4037,4123,1087,8,1,1
URS000059B579,148,ribovision,2,148,36,1294,1432,1808,459,0,0,0
URS000059F826,2243,ribovision,3,2237,435,206,2352,4123,1087,32,0,0
URS00005A0AB5,524,ribovision,241,475,66,982,1204,2925,772,0,0,0
URS00005A8187,2147,ribovision,1,2146,448,240,2305,4123,1087,36,0,0
URS00005AD460,2698,ribovision,1,2694,696,228,2924,2925,772,3,1,1
URS00005AE11E,153,ribovision,4,152,24,4,148,3506,993,0,0,0
URS00005AEA77,3160,ribovision,7,3118,871,2,3119,3120,899,26,1,1
URS00005AEBE1,490,ribovision,148,381,101,1221,1454,1559,373,2,0,0
URS00005B0A54,1871,ribovision,1,1871,468,1,1869,1869,470,0,1,1
URS00005B20CE,466,rfam,263,71,7,45,238,277,70,2,0,0
URS00005B3384,953,rfam,619,685,1,73,139,158,12,1,0,0
URS00005B4895,161,ribovision,1,158,21,1,157,3551,1009,0,0,0
URS00005B59A8,229,ribovision,6,179,17,2752,2918,2921,776,0,0,0
URS00005B5EB4,486,ribovision,385,482,30,1,98,2904,860,0,0,0
URS00005B8EC0,2673,ribovision,1,2672,729,212,3031,3551,1009,12,1,1
URS00005B96C4,1745,ribovision,1,1745,458,177,2041,3506,993,23,1,1
URS00005BC24F,1855,ribovision,1,1855,490,178,2041,3506,993,29,1,1
URS00005BCA23,110,ribovision,1,109,24,39,149,3506,993,0,0,0
URS00005BED92,154,ribovision,1,122,21,1,122,4123,1087,0,0,0
URS00005C22EB,99,ribovision,98,1,3,44,140,5227,1553,0,0,0
URS00005C51F7,706,ribovision,174,690,139,785,1338,1559,373,2,0,0
URS00005C6BEB,319,ribovision,206,319,12,1,114,2925,772,0,0,0
URS00005CAA52,332,ribovision,71,239,31,4,168,3506,993,1,0,0
URS00005CBF10,418,ribovision,1,417,98,494,912,4123,1087,0,0,0
URS00005CD5CB,455,ribovision,1,453,108,493,947,4123,1087,0,0,0
URS00005D4B77,1112,ribovision,62,1112,206,37,1020,1559,373,5,0,0
URS00005DA06F,436,ribovision,435,5,36,912,1374,1559,373,0,0,0
URS00005DBAB4,723,ribovision,105,684,160,160,758,3555,1065,10,0,0
URS00005DBF84,870,ribovision,3,869,215,100,935,3555,1065,14,0,0
URS00005E13E3,311,ribovision,2,304,88,1498,1812,3120,899,0,0,0
URS00005E441E,2645,ribovision,13,2642,706,160,2827,3048,847,10,1,1
URS00005E6C52,782,ribovision,19,589,140,863,1467,1559,373,1,0,0
URS00005E6F94,158,ribovision,1,157,26,2,158,3555,1065,0,0,0
URS00005E97E8,80,ribovision,2,69,22,91,158,3555,1065,0,0,0
URS00005E9D36,7232,ribovision,1,1995,514,1,1995,1995,523,0,1,1
URS00005EA946,110,ribovision,1,109,24,39,149,3506,993,0,0,0
URS00005EB96A,725,ribovision,243,725,136,1328,1802,5227,1553,13,0,0
URS00005F2F3B,534,ribovision,400,529,20,2,131,3120,899,0,0,0
URS00005F7575,2129,ribovision,83,2129,526,2012,4079,4123,1087,8,1,1
URS00005FBAC8,192,ribovision,4,162,41,1,160,3555,1065,0,0,0
URS00005FCEDE,109,crw,2,106,11,692,795,948,164,0,0,0
URS0000600CF0,159,ribovision,1,151,26,1,149,3555,1065,0,0,0
URS0000613FA7,131,ribovision,1,128,21,33,159,3551,1009,0,0,0
URS000061474A,323,ribovision,211,321,10,2,112,2925,772,0,0,0
URS00006159E1,1130,ribovision,2,1129,294,2917,4037,4123,1087,8,1,1
URS0000619C3E,622,ribovision,499,622,16,6,129,3120,899,0,0,0
URS000061A348,149,ribovision,1,146,24,4,151,3506,993,0,0,0
URS000061A67E,777,ribovision,382,776,194,1397,1804,5227,1553,8,0,0
URS000061A837,1028,ribovision,248,702,125,984,1350,2925,772,13,0,0
URS000061CA2A,158,ribovision,2,153,22,5,156,5227,1553,0,0,0
URS000061FE32,596,ribovision,13,595,131,227,805,1559,373,3,0,0
URS0000621AFE,451,ribovision,118,269,21,4,151,3506,993,0,0,0
URS00006239DC,119,crw,2,117,32,2,117,120,32,0,1,0
URS0000623BA6,343,rfam,4,242,53,5,248,330,87,0,0,1
URS0000637123,119,crw,2,116,32,2,116,120,32,0,1,0
URS0000638091,163,rfam,2,160,42,2,162,166,46,0,1,1
URS0000638E37,66,rfam,3,65,21,3,65,66,21,0,1,1
URS000063E29B,92,ribovision,2,91,13,67,153,5227,1553,0,0,0
URS0000647000,153,ribovision,3,148,20,4,148,5227,1553,0,0,0
URS0000648B82,109,rfam,3,95,5,3,95,107,8,0,1,0
URS0000648DC9,46,rfam,6,42,12,6,42,46,14,0,1,1
URS000064A8FB,120,crw,1,119,32,1,118,120,32,0,1,0
URS0000653D75,118,crw,17,92,27,17,92,120,35,0,1,0
URS000066C156,116,crw,2,115,35,2,118,120,35,0,1,0
URS00006711D6,120,crw,26,114,30,23,111,120,32,0,1,0
URS0000672892,119,crw,2,118,35,2,118,120,35,0,1,0
URS000067A02C,110,rfam,13,110,5,7,104,104,5,0,1,0
URS000067D3C0,275,rfam,2,274,62,2,274,275,62,0,1,1
URS000067D526,119,crw,3,118,35,3,118,120,35,0,1,0
URS0000681D99,119,crw,3,118,32,3,118,120,32,0,1,0
URS0000682169,299,rfam,2,269,73,2,277,314,117,0,1,1
URS000069DBB5,96,rfam,6,94,3,6,96,98,5,0,1,0
URS00006A6C6B,106,crw,3,97,22,3,97,120,35,0,1,0
URS00006BC499,113,crw,36,102,12,43,109,119,27,0,0,0
URS00006C54F3,45,rfam,2,44,13,2,45,46,14,0,1,1
URS00006C5DAB,341,rfam,11,240,44,12,246,330,87,0,1,1
URS00006C84F9,119,crw,3,117,35,3,117,120,35,0,1,0
URS00006CD8CC,156,ribovision,9,149,18,12,151,3551,1009,0,0,0
URS00006DFF72,118,crw,19,110,25,20,111,120,31,0,1,0
URS00006E85A8,135,rfam,5,133,33,5,139,141,40,0,1,1
URS00006EC287,445,rfam,1,445,39,1,445,445,39,1,1,1
URS00006ECB38,154,ribovision,1,153,26,2,154,3555,1065,0,0,0
URS00006F6B15,343,rfam,2,259,53,2,253,330,87,2,1,1
URS00006FA579,154,ribovision,3,154,17,4,154,5227,1553,0,0,0
URS0000701900,115,crw,43,87,14,48,92,120,35,0,1,0
URS0000704D22,1869,ribovision,1,1869,470,1,1869,1869,470,0,1,1
URS0000708FA3,119,crw,2,117,32,2,117,120,32,0,1,0
URS00007098B9,156,ribovision,1,156,21,4,158,3551,1009,0,0,0
URS000070A1F0,119,crw,2,117,32,2,117,120,32,0,1,0
URS000071101A,152,ribovision,1,152,18,2,154,5227,1553,0,0,0
URS00007121F5,155,ribovision,1,154,26,2,154,3555,1065,0,0,0
URS0000717656,120,crw,2,104,35,2,104,120,35,0,1,0
URS000071B089,76,rfam,2,75,4,2,77,78,4,0,1,0
URS000071DC55,136,rfam,4,134,28,4,131,133,36,0,1,1
URS000071E256,114,rfam,3,108,30,3,107,116,30,0,1,1
URS0000726246,155,ribovision,2,155,20,5,158,3551,1009,0,0,0
URS000072F8FB,165,ribovision,2,147,28,16,160,3551,1009,0,0,0
URS000073028C,1635,ribovision,1,1632,431,1289,2920,2921,776,0,1,1
URS0000730303,1444,ribovision,5,1439,370,1464,2917,2921,776,1,1,1
URS0000730317,761,ribovision,15,600,138,859,1475,1559,373,3,0,0
URS0000732E37,2471,ribovision,2,2471,693,4,2522,3137,912,22,1,1
URS000073358D,2925,ribovision,10,2913,860,1,2904,2904,860,2,1,1
URS0000735C80,2796,ribovision,1,2793,725,128,2920,2921,776,4,1,1
URS0000735CD6,658,ribovision,265,426,24,1,161,3551,1009,0,0,0
URS0000737585,2888,ribovision,2,2886,851,4,2902,2904,860,3,1,1
URS0000738CF9,2835,ribovision,1,2832,728,89,2920,2921,776,4,1,1
URS00007392B2,2438,ribovision,2,2436,725,702,3136,3137,912,10,1,1
URS0000739D13,3136,ribovision,2,3134,910,4,3136,3137,912,21,1,1
URS000073AE5E,2286,ribovision,2,2283,613,639,2920,2921,776,0,1,1
URS000073B716,2411,ribovision,1,2408,641,513,2920,2921,776,0,1,1
URS000073E6AD,761,ribovision,20,599,139,864,1474,1559,373,1,0,0
URS0000740E0B,2795,ribovision,3,1521,777,13,1499,2904,860,5,1,1
URS0000742B2C,764,ribovision,408,763,176,1409,1777,5227,1553,11,0,0
URS0000743BB9,783,ribovision,338,783,175,1340,1790,5227,1553,8,0,0
URS000074406C,2578,ribovision,2,2575,661,347,2920,2921,776,0,1,1
URS0000744AD1,737,ribovision,366,737,185,1391,1760,5227,1553,8,0,0
URS0000746659,669,ribovision,264,425,29,1,161,3551,1009,0,0,0
URS0000746904,2673,ribovision,1,2672,699,212,3031,3551,1009,15,1,1
URS0000746A1D,550,ribovision,1,447,100,463,918,5227,1553,0,0,0
URS0000746D8F,2884,ribovision,2,2877,751,1,2923,2925,772,4,1,1
URS0000749D9A,3090,ribovision,2,3084,887,5,3131,3137,912,21,1,1
URS000074B936,2758,ribovision,1,2755,711,166,2920,2921,776,4,1,1
URS000074C97A,2758,ribovision,1,2755,711,166,2920,2921,776,4,1,1
URS000074CF0A,2926,ribovision,10,2914,860,1,2904,2904,860,2,1,1
URS000074E062,1459,ribovision,2,1454,373,1462,2923,2925,772,0,1,1
URS000074E983,2758,ribovision,1,2755,711,166,2920,2921,776,4,1,1
URS000074F642,727,ribovision,71,726,184,159,798,3555,1065,10,0,0
URS000074FD33,780,ribovision,321,780,180,1314,1790,5227,1553,8,0,0
URS0000753051,652,ribovision,239,399,35,1,160,3551,1009,0,0,0
URS000075405E,2047,ribovision,1,2044,549,877,2920,2921,776,0,1,1
URS00007544BB,3088,ribovision,2,3085,892,5,3134,3137,912,19,1,1
URS0000754AEF,592,ribovision,227,390,28,2,164,3551,1009,0,0,0
URS0000754F8B,748,ribovision,401,747,171,1412,1762,5227,1553,10,0,0
URS000075586E,2903,ribovision,2,2903,858,4,2904,2904,860,1,1,1
URS000075593F,1745,ribovision,1,1742,454,1179,2920,2921,776,0,1,1
URS000075596F,1445,ribovision,5,1440,370,1464,2917,2921,776,1,1,1
URS00007564B0,112,crw,2,111,31,6,114,120,35,0,1,0
URS00007573CC,2672,ribovision,1,2671,729,212,3031,3551,1009,14,1,1
URS0000758B40,2763,ribovision,1,2760,711,161,2920,2921,776,4,1,1
URS000075912C,144,ribovision,1,126,32,2779,2904,2904,860,0,0,0
URS0000763021,2927,ribovision,10,2915,860,1,2904,2904,860,2,1,1
URS0000764268,173,ribovision,2,157,31,2,157,5227,1553,0,0,0
URS000076D10A,581,ribovision,11,577,160,82,658,1495,492,0,0,0
URS000076F1B5,2795,ribovision,2,2748,747,76,2904,3048,847,16,1,1
URS0000770C92,345,ribovision,134,293,30,1,159,3555,1065,1,0,0
URS000077170C,794,ribovision,78,517,116,984,1373,2925,772,16,0,0
URS0000773AFE,794,ribovision,77,517,116,983,1373,2925,772,16,0,0
URS0000778720,1558,ribovision,1,1558,373,1,1559,1559,373,4,1,1
URS0000779FFC,2902,ribovision,2,2902,858,4,2904,2904,860,1,1,1
URS000077A4A5,584,ribovision,206,367,28,1,161,3551,1009,0,0,0
URS000078040F,418,ribovision,25,188,46,2,164,3555,1065,1,0,0
URS000078794E,144,ribovision,4,133,22,5,144,3554,1065,0,0,0
URS000078E3F2,780,ribovision,1,779,145,148,866,1559,373,1,0,0
URS00007928DB,770,ribovision,4,755,142,161,850,1559,373,3,0,0
URS0000794029,748,ribovision,408,747,176,1420,1766,5227,1553,7,0,0
URS00007990A6,2898,ribovision,2,2893,758,4,2923,2925,772,3,1,1
URS00007B11D9,769,ribovision,2,757,143,155,857,1559,373,1,0,0
URS00007B1FC7,725,ribovision,2,400,77,1715,2087,2921,776,2,0,0
URS00007BC9C5,645,ribovision,393,645,135,1424,1682,5227,1553,2,0,0
URS00007C1D2D,648,ribovision,272,433,33,1,161,3551,1009,0,0,0
URS00007C2FE8,597,ribovision,214,375,26,2,162,3551,1009,0,0,0
URS00007C39E2,3057,ribovision,6,3047,877,9,3114,3120,899,11,1,1
URS00007C59F4,1720,ribovision,36,1681,338,18,1523,1559,373,4,1,1
URS00007C7408,596,ribovision,214,376,50,2,163,3551,1009,1,0,0
URS00007C779C,447,ribovision,3,425,121,360,807,1542,507,0,0,0
URS00007CB7B1,755,ribovision,389,755,156,1420,1792,5227,1553,10,0,0
URS00007CD10A,440,rfam,2,293,44,14,304,305,123,2,0,0
URS00007D1B46,1780,ribovision,8,1634,348,169,1687,3555,1065,31,0,0
URS00007D306F,550,ribovision,199,356,33,1,158,3555,1065,0,0,0
URS00007D3799,1685,ribovision,45,1625,341,25,1509,1559,373,8,1,1
URS00007D53A2,162,ribovision,11,161,20,4,153,5227,1553,0,0,0
URS00007D75B1,2466,ribovision,5,2465,637,1,2490,2925,772,3,1,1
URS00007DB356,180,ribovision,2,154,41,5,157,3555,1065,0,0,0
URS00007DDAAA,3090,ribovision,9,3080,889,6,3116,3120,899,13,1,1
URS00007DE400,317,ribovision,180,314,13,2,135,2911,868,0,0,0
URS00007E0715,700,rfam,328,122,10,106,312,370,52,2,0,0
URS00007E1B9D,169,ribovision,2,147,32,2757,2902,2904,860,0,0,0
URS00007E638E,679,ribovision,272,678,117,725,1063,3554,1065,20,0,0
URS00007E7C08,579,ribovision,191,576,109,1290,1671,5227,1553,4,0,0
URS00007EC732,1576,ribovision,6,1575,372,6,1558,1559,373,4,1,1
URS00007F0BB5,602,ribovision,38,601,176,1154,1677,5227,1553,4,0,0
URS00007F14C2,2675,ribovision,1,2675,695,244,2918,2925,772,3,1,1
URS00007F27D0,1596,ribovision,30,1593,365,15,1556,1559,373,5,1,1
URS00007F2C7D,1734,ribovision,1,1734,446,2321,4046,4123,1087,8,1,1
URS00007F3AF6,2823,ribovision,1,2775,758,23,2895,3048,847,12,1,1
URS00007F4B62,1724,ribovision,1,1724,445,2321,4033,4123,1087,4,1,1
URS00007F7257,1720,ribovision,2,1718,438,2332,4040,4123,1087,8,1,1
URS00007FEA4E,2902,ribovision,2,2799,795,12,2897,3048,847,14,1,1
URS00007FEE55,93,ribovision,13,92,23,147,226,3555,1065,0,0,0
URS0000807169,711,ribovision,110,695,150,159,750,3554,1065,9,0,0
URS0000808B95,116,crw,2,115,31,4,117,120,32,0,1,0
URS000080CA57,885,ribovision,14,881,254,1136,1990,5227,1553,4,0,0
URS000080E482,2888,ribovision,4,2886,852,1,2889,2911,868,4,1,1
URS000080EE45,2890,ribovision,3,2888,853,5,2902,2904,860,3,1,1
URS000080FEF2,791,ribovision,371,533,38,1,154,4123,1087,0,0,0
URS0000811570,1800,ribovision,2,1786,519,1357,3132,3137,912,2,1,1
URS00008123C6,761,ribovision,320,760,159,1322,1779,5227,1553,9,0,0
URS0000813655,766,ribovision,340,766,158,1345,1786,5227,1553,10,0,0
URS0000814B57,2894,ribovision,6,2885,879,8,2909,2922,891,12,1,1
URS0000815440,421,ribovision,4,420,119,361,783,1542,507,0,0,0
URS0000818133,3136,ribovision,2,3134,910,4,3136,3137,912,21,1,1
URS00008199C7,175,ribovision,4,150,39,11,154,4123,1087,0,0,0
URS0000819A4C,2905,ribovision,2,2905,858,4,2904,2904,860,1,1,1
URS000081ADC0,158,ribovision,1,157,26,2,158,3555,1065,0,0,0
URS000081B081,540,ribovision,170,327,38,2,159,3555,1065,0,0,0
URS000081B2C7,2818,ribovision,4,2817,848,19,2854,2922,891,12,1,1
URS000081D39C,2818,ribovision,4,2817,850,19,2854,2922,891,12,1,1
URS000081FC5E,782,ribovision,355,782,187,1349,1788,5227,1553,16,0,0
URS0000820396,3072,ribovision,3,3070,875,5,3113,3120,899,11,1,1
URS00008214BB,686,ribovision,4,686,140,262,931,4123,1087,6,0,0
URS0000821802,1657,ribovision,1657,178,20,1427,2904,2904,860,0,0,0
URS0000821D51,2901,ribovision,7,2885,883,8,2907,2922,891,12,1,1
URS0000824C64,480,ribovision,1,89,26,70,158,5227,1553,0,0,0
URS0000826A4F,779,ribovision,376,776,142,1381,1795,5227,1553,10,0,0
URS0000826F96,844,ribovision,103,831,158,45,776,1559,373,1,0,0
URS0000828034,2890,ribovision,3,2887,853,5,2901,2904,860,3,1,1
URS0000828CC3,177,ribovision,3,155,36,10,155,4123,1087,0,0,0
URS0000829368,88,ribovision,2,76,17,2830,2904,2904,860,0,0,0
URS00008297DC,770,ribovision,323,770,142,1350,1789,5227,1553,14,0,0
URS000082C8FC,2900,ribovision,2,2895,764,4,2923,2925,772,3,1,1
URS000082D11C,2818,ribovision,4,2817,850,19,2854,2922,891,12,1,1
URS000082E75F,700,ribovision,4,700,145,262,945,4123,1087,6,0,0
URS000082EB74,739,ribovision,19,738,198,1153,1838,5227,1553,6,0,0
URS0000830538,769,ribovision,372,769,166,1377,1788,5227,1553,8,0,0
URS0000831098,545,ribovision,2,544,103,270,816,1559,373,4,0,0
URS000083124E,2934,ribovision,2,2930,772,4,2924,2925,772,5,1,1
URS000083C468,2217,ribovision,4,2216,462,207,2330,4123,1087,36,0,0
URS000083CE54,1963,ribovision,2,1961,414,242,2319,4123,1087,18,0,0
URS000083D15A,2202,ribovision,3,2202,436,206,2355,4123,1087,30,0,0
URS000083F1D0,711,ribovision,6,597,152,24,567,2925,772,3,0,0
URS0000840C51,1462,ribovision,4,1454,374,1465,2923,2925,772,0,1,1
URS000084186F,580,ribovision,10,580,122,456,1027,1559,373,4,0,0
URS000084217E,153,ribovision,5,153,26,2,150,3555,1065,0,0,0
URS000084237D,108,ribovision,2,106,17,13,117,3506,993,0,0,0
URS0000842F33,3081,ribovision,7,3071,882,6,3115,3120,899,17,1,1
URS00008472A4,2660,ribovision,1,2655,682,250,2923,2925,772,3,1,1
URS00008486F9,837,ribovision,90,836,145,613,1250,4123,1087,13,0,0
URS00008488DA,1688,ribovision,2,1676,490,1232,2904,2904,860,1,1,1
URS000084FD2E,731,ribovision,77,516,114,983,1379,2925,772,5,0,0
URS000084FD73,168,ribovision,2,135,41,27,160,3555,1065,0,0,0
URS0000850FDF,2900,ribovision,2,2895,764,4,2923,2925,772,3,1,1
URS0000857322,125,rfam,12,125,21,12,130,130,24,0,1,0
URS000085889C,2898,ribovision,3,2898,880,5,2909,2922,891,12,1,1
URS0000858DB1,2758,ribovision,2,2758,799,146,2904,2904,860,1,1,1
URS0000859A05,1558,ribovision,12,1528,354,19,1533,1559,373,5,1,1
URS0000859A2F,833,ribovision,338,832,156,731,1250,4123,1087,23,0,0
URS000085B94F,1442,ribovision,6,1442,314,4,1401,1559,373,6,1,1
URS000085DD23,2789,ribovision,2,2789,754,201,3044,3551,1009,8,1,1
URS00008604EB,2756,ribovision,1,2756,799,147,2904,2904,860,1,1,1
URS00008623F0,2765,ribovision,2,2765,798,144,2904,2904,860,1,1,1
URS00008630A7,2900,ribovision,2,2900,858,4,2904,2904,860,1,1,1
URS0000865759,1436,ribovision,57,1435,293,13,1355,1559,373,6,1,1
URS0000868511,5029,ribovision,1,5029,1464,158,5227,5227,1553,29,1,1
URS0000888E33,1391,ribovision,1,1390,453,17,1406,1542,507,0,1,1
URS00008892AE,1921,crw,5,1115,377,3,1136,1990,378,10,1,1
URS000089BC73,1367,ribovision,2,1344,441,34,1457,1542,507,0,1,1
URS00008A3F5A,1419,ribovision,1,1418,448,35,1460,1542,507,0,1,1
URS00008C4556,2332,ribovision,2,2331,586,10,2374,2921,776,8,1,1
URS00008C4BE2,1237,ribovision,1,1236,310,3800,5046,5227,1553,2,0,1
URS00008C4CFB,1738,ribovision,2,1715,488,4,1716,2904,860,0,1,1
URS00008C4D15,2850,ribovision,3,2850,843,13,2889,2911,868,4,1,1
URS00008C4EA3,3417,ribovision,33,3345,868,150,3329,3506,993,30,1,1
URS00008C4FE6,2158,ribovision,1,1782,440,1394,3041,3048,847,15,0,1
URS00008C5273,2581,ribovision,844,2581,539,1811,3551,3551,1009,10,0,1
URS00008C5B77,1625,ribovision,1,1619,468,1508,3132,3137,912,0,1,1
URS00008C5FBE,3054,ribovision,1,3044,878,11,3112,3120,899,11,1,1
URS00008C6080,918,ribovision,1,917,296,8,924,1542,507,2,1,1
URS00008C645B,2501,ribovision,3,2494,544,501,3007,4123,1087,26,0,1
URS00008C7371,3119,ribovision,4,3108,889,6,3128,3137,912,14,1,1
URS00008C7BEF,2602,ribovision,1,2602,738,825,3448,3506,993,9,1,1
URS00008C7DA0,3086,ribovision,1,3084,870,461,3549,3551,1009,17,1,1
URS00008C7ED8,1454,ribovision,2,1446,436,1466,2915,2922,891,1,1,1
URS00008C7F14,2907,ribovision,1312,2901,734,1247,2917,2921,776,12,1,1
URS00008C8025,1511,ribovision,8,1508,427,1640,3135,3137,912,0,1,1
URS00008C8345,2531,ribovision,5,2524,634,336,2820,2925,772,2,1,1
URS00008C84DC,2967,ribovision,2,2963,842,117,3134,3137,912,21,1,1
URS00008C850C,3008,ribovision,1,3005,851,11,3020,3120,899,13,1,1
URS00008C8604,2814,ribovision,2,2809,854,12,2832,2922,891,12,1,1
URS00008C8D13,2908,ribovision,3,2902,884,3,2919,2922,891,12,1,1
URS00008C8D9D,2920,ribovision,2,2917,776,4,2920,2921,776,4,1,1
URS00008C8E0B,1960,ribovision,69,1956,402,391,2309,2921,776,6,0,1
URS00008C8F6B,2815,ribovision,4,2813,850,14,2835,2922,891,12,1,1
URS00008C95A2,2616,ribovision,1,2615,760,256,2901,2904,860,2,1,1
URS00008C9640,2507,ribovision,2,1572,703,1876,3499,5227,1553,1,1,0
URS00008C9662,3865,ribovision,23,3856,1055,967,4997,5227,1553,14,1,1
URS00008C9899,2335,ribovision,1,2335,701,570,2904,2904,860,1,1,1
URS00008C9943,2486,ribovision,2,2485,710,4,2478,2904,860,1,1,1
URS00008C9D33,2959,ribovision,14,2951,814,15,3039,3048,847,16,1,1
URS00008C9D82,2901,ribovision,1,2901,852,11,2889,2911,868,8,1,1
URS00008CA187,2801,ribovision,92,2695,785,764,3327,3554,1065,19,1,1
URS00008CA1A2,1444,ribovision,20,1442,345,712,2157,2925,772,7,1,1
URS00008CA83D,2881,ribovision,1,2881,852,14,2889,2911,868,4,1,1
URS00008CA844,1425,ribovision,1,1422,349,716,2209,2925,772,0,1,1
URS00008CA880,2804,ribovision,2,2795,841,106,2915,2922,891,12,1,1
URS00008CA984,2844,ribovision,1556,2839,786,1563,2899,2904,860,5,1,1
URS00008CAA7E,1639,ribovision,27,1638,468,650,2328,3137,912,3,1,1
URS00008CAB8C,2916,ribovision,2,2912,767,4,2924,2925,772,3,1,1
URS00008CAB91,1370,ribovision,5,1369,331,1396,2873,2925,772,0,1,1
URS00008CACF3,947,ribovision,1,946,244,915,1860,1869,470,0,1,1
URS00008CAF15,2707,ribovision,3,2703,754,2,2706,3120,899,18,1,1
URS00008CAFBB,2092,ribovision,1,2091,552,1415,3499,3551,1009,9,1,1
URS00008CB480,1393,ribovision,26,1392,322,3670,5046,5227,1553,2,0,0
URS00008CBB0A,2591,ribovision,64,2591,738,379,2904,2904,860,1,1,1
URS00008CBB54,3080,ribovision,6,3073,887,8,3131,3137,912,12,1,1
URS00008CBC0D,2890,ribovision,3,2890,849,13,2889,2911,868,4,1,1
URS00008CBCA3,2326,ribovision,86,2214,617,955,3306,3551,1009,16,1,1
URS00008CBDBA,2613,ribovision,1,2612,729,878,3486,3551,1009,11,1,1
URS00008CBE9F,3035,ribovision,3,3024,871,10,3112,3120,899,11,1,1
URS00008CC1E1,2586,ribovision,4,2576,645,180,2821,2921,776,4,1,1
URS00008CC607,1454,ribovision,4,1440,367,1463,2915,2925,772,1,1,1
URS00008CC9C6,1451,ribovision,5,1447,371,1465,2924,2925,772,1,1,1
URS00008CCA00,1495,ribovision,4,1488,428,1635,3117,3120,899,0,1,1
URS00008CCCCD,2011,ribovision,106,1915,404,159,2090,2904,860,9,0,1
URS00008CCE5E,1517,ribovision,41,1513,423,1657,3133,3137,912,0,0,1
URS00008CCF5A,1509,ribovision,9,1497,422,1593,3112,3120,899,0,1,1
URS00008CD034,1414,ribovision,1,1413,317,1109,2593,2925,772,0,1,1
URS00008CD113,2760,ribovision,2,2758,815,15,2777,2911,868,4,1,1
URS00008CD249,2913,ribovision,3,2905,888,3,2916,2922,891,12,1,1
URS00008CD373,1460,ribovision,1,1458,374,1457,2924,2925,772,0,1,1
URS00008CD59F,2336,ribovision,785,2333,436,1372,2920,2921,776,0,0,1
URS00008CDBDB,1890,ribovision,2,1889,543,904,2802,3137,912,1,1,1
URS00008CDC3C,2612,ribovision,1,2612,740,457,3056,3120,899,2,1,1
URS00008CDCB6,3356,ribovision,1,3347,909,185,3499,3506,993,47,1,1
URS00008CDCE1,1258,ribovision,1,1257,321,605,1860,1869,470,0,1,1
URS00008CE072,3714,ribovision,1456,3713,936,1606,3860,4123,1087,24,1,1
URS00008CE730,1995,ribovision,183,1994,569,717,2538,3555,1065,8,1,1
URS00008CE839,2690,ribovision,1,2690,783,188,2889,2911,868,4,1,1
URS00008CEB17,1214,ribovision,1,1171,318,2098,3254,3551,1009,7,1,1
URS00008CF05E,2936,ribovision,3,2931,765,5,2918,2921,776,4,1,1
URS00008CF2E7,1175,ribovision,9,976,261,2343,3310,3551,1009,3,0,0
URS00008CF4E1,3012,ribovision,2,2997,862,12,3012,3120,899,13,1,1
URS00008CF5DD,1893,ribovision,1,1040,498,1084,2127,3506,993,0,1,1
URS00008CF5FB,2188,ribovision,95,1824,453,160,1945,4123,1087,15,0,0
URS00008CF726,1394,ribovision,1,1376,360,1345,2818,2925,772,0,1,1
URS00008CF8FE,2584,ribovision,44,2478,692,337,2896,3048,847,11,1,1
URS00008CFDB3,1461,ribovision,2,1461,362,1075,2536,2925,772,2,1,1
URS00008CFFB0,2633,ribovision,13,2632,794,207,2836,2922,891,12,1,1
URS00008D00BD,1459,ribovision,138,1445,339,1599,2911,2925,772,0,1,1
URS00008D00F6,2908,ribovision,2,2908,845,15,2889,2911,868,8,1,1
URS00008D046E,1083,ribovision,1,914,237,2434,3344,3551,1009,3,0,0
URS00008D0611,2815,ribovision,2,2803,717,12,2915,2925,772,3,1,1
URS00008D06AC,2871,ribovision,4,2855,784,14,3032,3048,847,14,1,1
URS00008D0753,1841,ribovision,1,1841,518,1264,3087,3137,912,0,1,1
URS00008D0E0B,2973,ribovision,14,2969,813,20,3036,3048,847,12,1,1
URS00008D12BE,2603,ribovision,1,2600,773,307,2922,2922,891,7,1,1
URS00008D1451,1405,ribovision,92,1397,358,1607,2920,2925,772,0,1,1
URS00008D14B4,1241,ribovision,2,1240,311,3795,5046,5227,1553,2,1,1
URS00008D1953,2879,ribovision,2,2877,854,4,2889,2911,868,4,1,1
URS00008D1A98,2148,ribovision,63,2084,507,794,2696,3554,1065,21,0,0
URS00008D1C9C,1677,ribovision,1,1672,431,1265,2923,2925,772,0,1,1
URS00008D1DFF,2673,ribovision,2,2668,760,406,3132,3137,912,1,1,1
URS00008D1FAE,2894,ribovision,2,2880,876,9,2909,2922,891,12,1,1
URS00008D20CE,3240,ribovision,2,3240,934,1634,4922,5227,1553,4,1,1
URS00008D23B7,2880,ribovision,2,2878,848,4,2902,2904,860,3,1,1
URS00008DA886,2810,ribovision,3,2809,731,11,2870,2921,776,4,1,1
URS00008E246D,649,ribovision,247,406,66,2,158,3551,1009,4,0,0
URS00008E6EA0,2968,ribovision,10,2877,847,3,2902,2904,860,13,1,1
URS00008E72F2,978,ribovision,428,976,209,781,1373,1559,373,1,1,0
URS00008E9B4C,1858,ribovision,2,1858,483,179,2041,3506,993,24,1,1
URS00008F09FC,3010,ribovision,1396,2998,860,1304,2904,2904,860,8,1,1
URS00008F0EAC,752,ribovision,269,752,188,1318,1782,5227,1553,8,0,0
URS000090136D,53,rfam,9,53,5,7,50,104,5,0,1,1
URS0000907176,336,ribovision,94,180,46,176,261,3048,847,3,0,0
URS000092B92B,5067,ribovision,1,5067,1495,160,5226,5227,1553,21,1,1
URS000092C0FD,2895,ribovision,1,2893,802,1,2889,2911,868,4,1,1
URS0000931B54,4466,ribovision,1,4465,1325,182,4639,5227,1553,13,1,1
URS0000953A49,1457,ribovision,24,1455,379,594,2045,2925,772,1,1,1
URS000095D50B,4546,ribovision,1029,1954,1126,1326,2273,5227,1553,28,1,0
URS000095DDA2,135,rfam,2,133,24,2,134,136,24,0,1,0
URS0000967D79,3866,ribovision,1753,3866,988,2012,4123,4123,1087,26,1,1
URS000098118B,294,rfam,1,292,112,1,299,301,120,4,1,1
URS000098B79F,884,ribovision,3,563,207,2865,3424,4123,1087,2,0,0
URS000099D730,407,ribovision,56,382,85,247,574,5227,1553,3,0,0
URS00009A018C,104,crw,10,102,13,378,475,1486,364,0,0,0
URS00009A22A8,2050,ribovision,1256,1705,407,1479,1921,4123,1087,180,0,0
URS00009A4A28,967,crw,7,961,152,1,956,956,152,1,1,1
URS00009B37F1,1778,rfam,1687,1642,1,2,47,70,24,2,0,1
URS00009BC2CA,272,rfam,178,268,4,1,84,95,34,4,0,0
URS00009CA420,155,ribovision,6,155,21,6,151,4123,1087,0,0,0
URS00009CAB9F,2893,ribovision,6,2886,754,5,2916,2921,776,4,1,1
URS00009CC84C,2649,ribovision,4,2644,677,283,2923,2925,772,1,1,1
URS00009CDB7A,1586,ribovision,22,1585,371,18,1558,1559,373,4,1,1
URS00009CF199,1852,ribovision,1,1852,477,178,2041,3506,993,35,1,1
URS00009D1559,3133,ribovision,8,3123,899,2,3119,3120,899,19,1,1
URS00009D2C72,1779,ribovision,2,1777,454,162,1951,3554,1065,21,0,1
URS00009D3105,2149,ribovision,2,2148,448,242,2330,4123,1087,45,0,0
URS00009D3BB9,1786,ribovision,2,1786,460,248,2028,3506,993,22,1,1
URS00009D7056,1780,ribovision,2,1780,450,198,2024,3506,993,35,1,1
URS00009D88EB,1255,ribovision,480,1232,289,699,1511,1559,373,6,1,1
URS00009DB2A5,102,ribovision,1,84,17,2821,2904,2904,860,0,0,0
URS00009DE843,418,ribovision,3,418,114,360,797,1542,507,0,0,0
URS00009DFBD8,115,crw,5,113,25,7,116,118,26,0,1,0
URS00009E28A7,476,ribovision,148,314,36,2,170,3555,1065,0,0,0
URS00009EA8F6,1453,ribovision,47,1446,298,446,1888,2925,772,0,1,1
URS00009EEF80,819,ribovision,291,818,175,1289,1804,5227,1553,11,0,0
URS00009F0112,2837,ribovision,1239,2836,820,1196,2791,2904,860,5,1,1
URS00009F3174,2817,ribovision,3,2815,723,10,2916,2921,776,4,1,1
URS00009F8C77,155,ribovision,1,155,21,1,155,3551,1009,0,0,0
URS00009F8E6D,787,ribovision,322,787,204,1324,1807,5227,1553,6,0,0
URS00009F9E0C,414,ribovision,1,414,127,472,885,1495,492,0,1,0
URS00009FFCA0,2935,ribovision,10,2918,860,1,2904,2904,860,3,1,1
URS0000A00D94,778,ribovision,407,777,172,1433,1804,5227,1553,11,0,0
URS0000A02A7D,2632,ribovision,64,2630,759,317,2902,2904,860,1,1,1
URS0000A079D6,155,ribovision,4,151,24,4,148,3506,993,0,0,0
URS0000A08AC4,777,ribovision,331,777,207,1344,1797,5227,1553,8,0,0
URS0000A09806,6431,rfam,2982,3052,4,2,91,93,19,0,0,0
URS0000A0D916,3202,ribovision,10,3190,854,1,2904,2904,860,9,1,1
URS0000A0E051,1870,ribovision,1,1870,486,178,2041,3506,993,31,1,1
URS0000A0E368,2885,ribovision,4,2881,756,6,2924,2925,772,3,1,1
URS0000A0FB28,2917,ribovision,9,2898,855,2,2902,2904,860,5,1,1
URS0000A10701,2994,ribovision,4,2951,824,15,2997,3048,847,16,1,1
URS0000A11A87,756,ribovision,388,536,18,6,157,5227,1553,1,0,0
URS0000A12C68,128,ribovision,2,120,32,43,161,3555,1065,0,0,0
URS0000A13EEE,2877,ribovision,10,2876,838,1,2869,2904,860,2,1,1
URS0000A1B50A,521,ribovision,1,520,151,801,1323,1542,507,0,0,0
URS0000A1B555,1570,ribovision,5,1569,365,3,1558,1559,373,4,1,1
URS0000A1BB66,129,ribovision,37,129,30,136,227,3555,1065,0,0,0
URS0000A1EF03,1820,ribovision,1,1819,478,178,2041,3506,993,19,1,1
URS0000A2136E,1820,ribovision,2,1820,465,198,2024,3506,993,33,1,1
URS0000A231D3,594,ribovision,227,403,39,3,173,4123,1087,0,0,0
URS0000A23AA9,99,ribovision,2,85,16,2836,2919,2921,776,0,0,0
URS0000A27287,1559,ribovision,2,1559,373,1,1559,1559,373,4,1,1
URS0000A2877F,1498,ribovision,9,1436,405,1636,3062,3120,899,0,1,1
URS0000A2FD7A,2937,ribovision,12,2911,761,6,2920,2921,776,8,1,1
URS0000A30359,769,ribovision,374,769,148,1377,1786,5227,1553,10,0,0
URS0000A30AAA,2889,ribovision,3,2887,878,17,2912,2922,891,12,1,1
URS0000A30E45,2077,ribovision,3,2077,587,239,2309,3555,1065,18,1,1
URS0000A3A07B,126,ribovision,1,108,26,2797,2904,2904,860,0,0,0
URS0000A3A6FD,789,ribovision,359,789,180,1358,1807,5227,1553,10,0,0
URS0000A3E145,621,ribovision,70,598,133,160,718,3555,1065,9,0,0
URS0000A3EAC1,1558,ribovision,1,1558,373,1,1559,1559,373,4,1,1
URS0000A3FF9D,1761,ribovision,2,1760,445,246,2030,3506,993,24,1,1
URS0000A4332F,155,ribovision,2,154,26,5,157,3555,1065,0,0,0
URS0000A43BFC,2919,ribovision,11,2917,755,5,2920,2921,776,8,1,1
URS0000A43D34,787,ribovision,331,787,179,1343,1806,5227,1553,8,0,0
URS0000A448BA,1802,ribovision,2,1802,469,230,2042,3506,993,28,1,1
URS0000A464FE,149,ribovision,1,129,32,2776,2904,2904,860,0,0,0
URS0000A48EA4,3112,ribovision,8,3093,890,6,3118,3120,899,13,1,1
URS0000A49D31,721,ribovision,73,712,155,129,755,3555,1065,10,0,0
URS0000A4C9C5,2762,ribovision,4,2757,708,153,2923,2925,772,3,1,1
URS0000A5039C,712,ribovision,418,264,80,2,157,3554,1065,0,0,0
URS0000A51BD4,680,ribovision,73,665,167,160,756,3555,1065,9,0,0
URS0000A5512E,1579,ribovision,2,1578,373,2,1558,1559,373,4,1,1
URS0000A5546F,1816,ribovision,2,1816,469,224,2042,3506,993,32,1,1
URS0000A559A7,2776,ribovision,9,2769,723,10,2917,2921,776,2,1,1
URS0000A5750A,2186,ribovision,5,2186,580,2,2181,3120,899,18,1,1
URS0000A5857B,1792,ribovision,2,1792,463,248,2028,3506,993,20,1,1
URS0000A5A161,157,ribovision,2,148,34,12,158,3555,1065,0,0,0
URS0000A5F5EC,514,ribovision,6,512,114,873,1415,1559,373,1,0,0
URS0000A6042A,253,ribovision,3,252,69,536,785,1542,507,0,1,0
URS0000A6042F,2889,ribovision,3,2888,853,5,2901,2904,860,3,1,1
URS0000A622F3,119,ribovision,2,107,26,2799,2904,2904,860,0,0,0
URS0000A63C5D,2905,ribovision,1,2899,759,1,2923,2925,772,3,1,1
URS0000A640A3,1684,ribovision,45,1625,341,25,1508,1559,373,8,1,1
URS0000A6477D,1456,ribovision,2,1452,372,1458,2924,2925,772,1,1,1
URS0000A65137,781,ribovision,361,780,191,1341,1773,5227,1553,13,0,0
URS0000A65774,2879,ribovision,9,2873,764,10,2917,2921,776,4,1,1
URS0000A6ADDB,167,ribovision,1,100,22,68,169,3554,1065,0,0,0
URS0000A6FD7D,1052,ribovision,343,1049,253,724,1469,1559,373,1,1,1
URS0000A70598,1600,ribovision,10,1596,355,8,1555,1559,373,4,1,1
URS0000A7411E,2859,ribovision,2,2857,848,2,2902,2904,860,1,1,1
URS0000A74B5B,1560,ribovision,4,1559,373,2,1558,1559,373,4,1,1
URS0000A78149,1778,rfam,1137,1357,7,115,304,626,83,0,0,0
URS0000A797BB,110,rfam,12,97,17,2,88,89,17,0,1,0
URS0000A8DDDB,317,rfam,21,282,79,3,279,330,87,2,1,1
URS0000A90B84,107,rfam,10,107,5,7,104,104,5,0,1,0
URS0000A91E76,115,crw,7,113,31,11,117,120,35,0,1,0
URS0000A91EF0,130,crw,2,72,11,2,88,120,35,0,0,0
URS0000A99E20,102,rfam,3,101,23,3,97,98,23,0,1,0
URS0000A9FE52,228,rfam,7,195,54,7,198,330,87,0,1,1
URS0000AB1D9E,2465,ribovision,2,2460,728,646,3119,3120,899,5,1,1
URS0000AB3C33,154,rfam,8,137,31,8,153,171,38,0,1,1
URS0000AB4287,2922,ribovision,1673,2799,797,1669,2801,2922,891,12,1,1
URS0000AB4B37,178,rfam,4,176,47,4,181,183,53,0,1,1
URS0000AB5E45,3360,ribovision,2,3341,986,163,3538,3554,1065,25,1,1
URS0000AB671F,367,rfam,1,366,107,1,388,389,107,2,1,1
URS0000ABA08D,2922,ribovision,7,2914,890,3,2916,2922,891,12,1,1
URS0000ABBA3C,2917,ribovision,7,2911,801,3,2919,2922,891,12,1,1
URS0000ABC598,198,rfam,16,186,42,16,179,190,43,2,1,1
URS0000ABD7E7,2099,ribovision,1,1887,463,1,1869,1869,470,0,1,1
URS0000ABD7EF,5066,ribovision,1,5066,1495,158,5227,5227,1553,21,1,1
URS0000ABE331,2899,ribovision,2,2898,883,7,2916,2922,891,12,1,1
URS0000ABEDD8,672,ribovision,10,590,166,233,814,3555,1065,11,0,0
URS0000AC00EE,3119,ribovision,8,3113,881,5,3132,3137,912,14,1,1
URS0000AC0A0C,998,ribovision,248,997,248,1298,2100,5227,1553,10,0,0
URS0000AC1A07,2900,ribovision,8,2887,853,1,2902,2904,860,3,1,1
URS0000AC27BC,2853,ribovision,4,2849,757,3,2919,2921,776,0,1,1
URS0000AC30A6,3912,ribovision,2,3276,908,272,3550,3551,1009,19,1,1
URS0000AC6E41,222,ribovision,2,219,48,2486,2702,2925,772,0,0,0
URS0000AC9898,3132,ribovision,8,3125,892,2,3118,3120,899,13,1,1
URS0000ACB867,1491,ribovision,6,1490,385,13,1530,3048,847,9,1,1
URS0000ACCD74,2867,ribovision,6,2861,748,4,2923,2925,772,0,1,1
URS0000AD05DA,95,crw,2,93,16,23,117,119,29,0,0,0
URS0000AD07E5,687,ribovision,8,586,162,232,812,3555,1065,11,0,0
URS0000AD089E,691,ribovision,13,586,162,236,811,3555,1065,9,0,0
URS0000AD146F,1577,ribovision,2,1575,371,2,1558,1559,373,8,1,1
URS0000AD2F12,152,ribovision,5,152,24,6,149,3506,993,0,0,0
URS0000AD4655,2786,ribovision,2,2784,743,80,2861,3048,847,12,1,1
URS0000AD59F5,229,ribovision,1,130,44,38,163,3506,993,1,0,0
URS0000AD762A,3039,ribovision,2,3038,873,162,3192,3554,1065,21,1,1
URS0000AD83F0,1751,ribovision,2,1745,518,1372,3132,3137,912,0,1,1
URS0000ADB3A7,2982,ribovision,964,2951,809,1114,3115,3120,899,25,1,1
URS0000AE06C8,821,ribovision,83,820,188,128,856,3555,1065,11,0,0
URS0000AE06F5,3131,ribovision,8,3118,899,2,3119,3120,899,19,1,1
URS0000AE0DBE,1684,ribovision,4,1681,443,227,2031,3506,993,23,1,1
URS0000AE2049,711,ribovision,94,694,155,157,758,3555,1065,9,0,0
URS0000AE6156,873,ribovision,104,872,188,159,915,3555,1065,11,0,0
URS0000AE771E,411,ribovision,222,411,87,1219,1410,1559,373,1,0,0
URS0000AE94F9,218,ribovision,2,159,24,52,193,3506,993,0,0,0
URS0000AE98B6,860,ribovision,274,859,185,1324,1930,2921,776,0,0,0
URS0000AEAC76,684,ribovision,12,590,162,235,814,3555,1065,11,0,0
URS0000AEB9AC,690,ribovision,10,587,162,234,813,3555,1065,9,0,0
URS0000AECF66,530,ribovision,528,2,82,835,1399,1559,373,2,0,0
URS0000AEF02C,143,ribovision,4,121,32,2785,2902,2904,860,0,0,0
URS0000AF127F,2574,ribovision,1,2571,658,350,2920,2921,776,0,1,1
URS0000AF16DF,115,ribovision,3,103,26,2804,2904,2904,860,0,0,0
URS0000AF1FDD,656,ribovision,7,588,161,232,815,3555,1065,11,0,0
URS0000AF6B86,2783,ribovision,2,2783,761,19,2866,3048,847,12,1,1
URS0000AF9263,639,ribovision,256,417,33,1,161,3551,1009,2,0,0
URS0000AF9466,2711,ribovision,54,2707,727,354,3035,3048,847,7,1,1
URS0000AF95E6,232,rfam,1,232,46,48,279,297,68,3,1,1
URS0000AF978D,942,ribovision,174,942,208,158,931,3555,1065,11,0,0
URS0000AF9A33,88,ribovision,2,75,17,2830,2903,2904,860,0,0,0
URS0000AFA2FF,94,rfam,15,94,15,28,105,167,42,2,0,0
URS0000AFA3E7,3111,ribovision,9,3106,885,3,3118,3120,899,13,1,1
URS0000AFB8E4,1418,ribovision,4,1412,350,1401,2920,2925,772,0,1,1
URS0000AFBDBD,1400,ribovision,3,1397,422,60,1439,1542,507,0,1,1
URS0000AFD350,729,ribovision,155,728,162,1282,1838,5227,1553,6,0,0
URS0000AFDB74,1369,ribovision,2,1136,354,1354,2501,2925,772,1,1,1
URS0000AFE1B8,977,ribovision,417,976,245,1417,2005,5227,1553,19,0,0
URS0000AFFCE4,1446,ribovision,5,1444,347,663,2188,2925,772,0,1,1
URS0000B0267E,87,rfam,1,87,12,15,102,167,42,0,0,0
URS0000B02C1A,289,ribovision,1,287,54,785,1075,1542,507,0,0,0
URS0000B04967,697,ribovision,83,688,176,155,787,3555,1065,9,0,0
URS0000B05C6F,1681,ribovision,13,1677,340,7,1555,1559,373,5,1,1
URS0000B0794D,1683,ribovision,3,1682,444,228,2034,3506,993,21,1,1
URS0000B07D0D,671,ribovision,20,591,167,243,815,3555,1065,17,0,0
URS0000B07FF5,1682,ribovision,5,1682,441,233,2035,3506,993,21,1,1
URS0000B09E00,663,ribovision,16,589,164,239,815,3555,1065,13,0,0
URS0000B0CB27,675,ribovision,8,587,163,232,813,3555,1065,11,0,0
URS0000B0CDFB,164,ribovision,4,161,21,2,158,3551,1009,0,0,0
URS0000B0DF93,2913,ribovision,10,2892,823,3,2901,2904,860,3,1,1
URS0000B0FF90,2878,ribovision,10,2857,821,3,2901,2904,860,3,1,1
URS0000B1301E,776,ribovision,76,775,186,158,856,3555,1065,11,0,0
URS0000B16107,162,ribovision,3,143,32,2763,2903,2904,860,0,0,0
URS0000B16B77,667,ribovision,9,589,162,232,814,3555,1065,9,0,0
URS0000B16CD5,663,ribovision,13,590,162,236,815,3555,1065,11,0,0
URS0000B177A4,704,ribovision,3,564,149,85,614,3555,1065,10,0,0
URS0000B17B54,1903,ribovision,10,1903,524,1,1891,2904,860,0,1,1
URS0000B186E8,792,ribovision,84,791,202,158,865,3555,1065,11,0,0
URS0000B1A30C,372,rfam,81,306,13,1,226,226,36,0,0,0
URS0000B2015A,600,ribovision,27,535,112,446,855,4123,1087,6,0,0
URS0000B213C3,799,ribovision,90,798,195,1143,1804,5227,1553,16,0,0
URS0000B21DCE,3149,ribovision,439,1904,854,652,2118,3554,1065,29,1,1
URS0000B3307B,2869,ribovision,2,2795,786,13,2909,3048,847,16,1,1
URS0000B3443D,2017,ribovision,530,2017,496,815,2309,2921,776,4,1,1
URS0000B36A96,2993,ribovision,15,2980,820,17,3037,3048,847,10,1,1
URS0000B3BBE5,959,ribovision,2,958,210,412,1368,1559,373,4,0,0
URS0000B3D20E,779,ribovision,316,779,192,1280,1782,5227,1553,21,0,0
URS0000B3DB02,969,ribovision,351,958,219,1333,1991,5227,1553,12,0,0
URS0000B3F408,3095,ribovision,13,3088,892,9,3117,3120,899,11,1,1
URS0000B43983,204,ribovision,24,177,31,3,157,5227,1553,0,0,0
URS0000B44A74,2535,ribovision,14,2531,644,402,2924,2925,772,0,1,1
URS0000B48B83,2898,ribovision,2,2893,764,4,2923,2925,772,3,1,1
URS0000B4A07F,3100,ribovision,2,3097,893,5,3134,3137,912,21,1,1
URS0000B4CB73,2926,ribovision,10,2914,860,1,2904,2904,860,2,1,1
URS0000B4D5A5,2777,ribovision,14,2773,712,150,2924,2925,772,3,1,1
URS0000B4DB61,3163,ribovision,8,3158,898,3,3119,3120,899,19,1,1
URS0000B515F4,3002,ribovision,10,2990,860,1,2904,2904,860,6,1,1
URS0000B51639,102,ribovision,2,90,22,2816,2904,2904,860,0,0,0
URS0000B52256,3003,ribovision,2,3003,834,19,3041,3048,847,14,1,1
URS0000B54AC5,310,ribovision,124,309,80,1213,1397,1559,373,0,1,0
URS0000B5694A,2887,ribovision,9,2881,751,10,2917,2921,776,4,1,1
URS0000B59927,760,ribovision,290,759,185,1271,1779,5227,1553,12,0,0
URS0000B5BDB6,727,ribovision,2,450,181,236,694,5227,1553,2,0,0
URS0000B5BE8A,2926,ribovision,2,2920,776,1,2920,2921,776,4,1,1
URS0000B5D425,2901,ribovision,2,2896,765,4,2923,2925,772,3,1,1
URS0000B5DAD9,5822,crw,5218,5819,43,2,604,1165,85,5,0,1
URS0000B5FE03,562,ribovision,2,437,106,461,892,4123,1087,10,0,0
URS0000B60FDE,754,ribovision,102,753,165,1119,1779,5227,1553,17,0,0
URS0000B61D10,2839,ribovision,11,2833,719,12,2922,2925,772,3,1,1
URS0000B66C23,965,ribovision,301,954,210,1277,1991,5227,1553,16,0,0
URS0000B680B5,2913,ribovision,8,2893,854,1,2902,2904,860,5,1,1
URS0000B68C54,172,ribovision,2,156,31,3,157,5227,1553,0,0,0
URS0000B6A17A,139,ribovision,2,137,20,20,154,5227,1553,0,0,0
URS0000B6B6DA,3113,ribovision,2,3103,898,4,3134,3137,912,19,1,1
URS0000B6C6DC,2919,ribovision,3,2907,791,21,2897,3048,847,11,1,1
URS0000B6DCB4,964,ribovision,298,953,227,1274,1991,5227,1553,15,0,0
URS0000B6E80E,1340,ribovision,639,1293,303,786,1468,1559,373,3,1,1
URS0000B6FB11,2933,ribovision,5,2927,769,2,2923,2925,772,3,1,1
URS0000B6FC8A,3106,ribovision,2,3097,895,2,3134,3137,912,19,1,1
URS0000B72FE7,2019,ribovision,1,2018,522,212,2341,3555,1065,18,1,1
URS0000B73B54,102,ribovision,1,81,17,2821,2901,2904,860,0,0,0
URS0000B75557,3099,ribovision,2,3092,891,4,3136,3137,912,19,1,1
URS0000B75D18,773,ribovision,1,106,2,493,599,4123,1087,0,0,0
URS0000B77223,530,ribovision,23,487,106,354,818,4123,1087,2,0,0
URS0000B7850B,104,ribovision,8,101,26,2792,2885,2911,868,0,0,0
URS0000B79597,2247,ribovision,2,2241,586,678,2923,2925,772,0,1,1
URS0000B7AFD1,3109,ribovision,3,3109,843,3,3137,3137,912,20,1,1
URS0000B7C6E6,117,ribovision,27,117,4,2,92,3120,899,1,0,0
URS0000B8083E,2927,ribovision,10,2915,860,1,2904,2904,860,2,1,1
URS0000B81C02,164,ribovision,1,160,23,2,160,3551,1009,0,0,0
URS0000B81D7D,163,ribovision,3,163,21,1,160,3551,1009,0,0,0
URS0000B83A4B,2899,ribovision,1,2899,882,5,2922,2922,891,12,1,1
URS0000B86ACE,1443,ribovision,3,1439,369,1407,2924,2925,772,0,1,1
URS0000B8C1DA,88,ribovision,2,75,17,2830,2903,2904,860,0,0,0
URS0000B8CAC7,772,ribovision,423,772,164,1423,1782,5227,1553,10,0,0
URS0000B8F92A,292,ribovision,2,292,82,516,806,1542,507,0,0,0
URS0000B94FE3,3150,ribovision,26,3138,886,2,3117,3120,899,13,1,1
URS0000B95E6B,1170,ribovision,1,1169,276,144,1383,1559,373,3,1,1
URS0000B9C296,3071,ribovision,12,3057,886,11,3109,3120,899,11,1,1
URS0000B9CB81,3133,ribovision,9,3120,888,3,3117,3120,899,13,1,1
URS0000B9E8CD,743,ribovision,306,742,165,1290,1762,5227,1553,12,0,0
URS0000B9EF19,1440,ribovision,1,1436,367,1405,2924,2925,772,0,1,1
URS0000BA0524,527,ribovision,176,369,40,1,189,3555,1065,0,0,0
URS0000BA2535,529,ribovision,23,489,102,354,840,4123,1087,2,0,0
URS0000BA3F13,883,ribovision,393,883,207,787,1317,1559,373,1,0,0
URS0000BA3F17,2934,ribovision,2,2930,772,1,2924,2925,772,3,1,1
URS0000BA7262,3136,ribovision,8,3131,889,3,3119,3120,899,13,1,1
URS0000BA73CE,1648,ribovision,1,1630,460,1569,3311,3554,1065,7,1,1
URS0000BA7D2D,778,ribovision,32,778,154,1200,1811,5227,1553,9,0,0
URS0000BAA61E,3344,ribovision,2,3343,953,166,3531,3554,1065,22,1,1
URS0000BAB8A7,3105,ribovision,2,3104,897,5,3132,3137,912,19,1,1
URS0000BB0B31,3089,ribovision,2,3082,890,2,3134,3137,912,12,1,1
URS0000BB5BC1,619,ribovision,18,611,139,221,817,1559,373,2,0,0
URS0000BB7A36,758,ribovision,238,757,181,1234,1778,5227,1553,14,0,0
URS0000BB9333,763,ribovision,4,107,2,495,599,4123,1087,0,0,0
URS0000BBAC8B,756,ribovision,104,752,187,1119,1775,5227,1553,12,0,0
URS0000BBE8BD,2873,ribovision,12,2868,748,10,2918,2921,776,4,1,1
URS0000BC36B0,2959,ribovision,1,2959,815,13,2991,3048,847,14,1,1
URS0000BCA93F,125,rfam,47,120,20,55,129,134,37,0,1,0
URS0000BCDEC0,128,rfam,1,120,23,1,92,98,23,0,1,0
URS0000BD1D98,115,crw,25,111,30,29,115,120,31,0,1,0
URS0000BD5B35,122,crw,6,92,35,6,93,120,35,0,1,0
URS0000BE12ED,3104,ribovision,1641,2993,820,1658,3025,3137,912,14,1,1
URS0000BE17D0,3085,ribovision,1730,3044,831,1780,3097,3137,912,14,1,1
URS0000BE523B,3115,ribovision,1,3111,847,1,3134,3137,912,20,1,1
URS0000BE578B,3021,ribovision,1860,3019,809,1761,2889,2911,868,7,1,1
URS0000BEA76E,3088,ribovision,1742,3050,829,1789,3099,3137,912,14,1,1
URS0000BEBBFE,134,rfam,2,132,33,2,128,130,38,0,1,1
URS0000BEBF1F,3109,ribovision,5,3059,834,2,3074,3120,899,13,1,1
URS0000BF19FF,2881,ribovision,1,2879,796,1,2902,2904,860,9,1,1
URS0000BF4598,2756,ribovision,9,2750,707,9,2917,2921,776,2,1,1
URS0000BF639E,130,rfam,3,128,35,3,128,130,38,0,1,1
URS0000BF68CF,3108,ribovision,1290,2998,826,1286,3015,3120,899,15,1,1
URS0000BF6A0D,107,rfam,3,104,3,3,104,107,8,1,1,0
URS0000BF7EF5,3008,ribovision,1838,3006,798,1747,2889,2911,868,11,1,1
URS0000BF8659,119,crw,3,118,33,3,118,120,35,0,1,0
URS0000BFA788,3121,ribovision,5,3071,833,2,3074,3120,899,15,1,1
URS0000BFBF8C,3121,ribovision,5,3114,885,2,3117,3120,899,13,1,1
URS0000BFDAA7,3139,ribovision,5,3134,892,2,3119,3120,899,13,1,1
URS0000C00935,2897,ribovision,6,2888,760,5,2913,2921,776,6,1,1
URS0000C01358,2996,ribovision,454,2874,725,418,2813,2925,772,3,1,1
URS0000C04E8A,3035,ribovision,2,3031,870,2,3134,3137,912,20,1,1
URS0000C06CB6,2514,ribovision,15,2514,628,14,2642,2925,772,0,1,1
URS0000C0B3D3,97,crw,15,88,23,40,113,120,35,0,1,0
URS0000C0CBD6,3142,ribovision,1769,3135,841,1786,3131,3137,912,14,1,1
URS0000C0F8E2,85,rfam,2,85,15,2,85,85,15,0,1,0
URS0000C104A8,2969,ribovision,484,2918,733,453,2877,2925,772,5,1,1
URS0000C11EA0,3025,ribovision,4,3022,839,2,3047,3048,847,14,1,1
URS0000C16A8D,119,crw,2,119,32,2,119,120,32,0,1,0
URS0000C19056,1068,ribovision,20,1068,222,564,1600,1869,470,2,0,1
URS0000C1BF95,2929,ribovision,1684,2658,781,1673,2651,2922,891,15,1,1
URS0000C1E04D,2917,ribovision,6,2911,802,2,2919,2922,891,12,1,1
URS0000C1EF49,2826,ribovision,1575,2728,706,1641,2814,2921,776,12,1,1
URS0000C20850,2933,ribovision,1685,2801,787,1755,2872,3048,847,16,1,1
URS0000C21081,2990,ribovision,1856,2847,785,1885,2872,3048,847,16,1,1
URS0000C21905,3362,ribovision,2,3343,988,163,3538,3554,1065,24,1,1
URS0000C25459,3017,ribovision,1757,2214,793,1756,2216,3048,847,10,1,1
URS0000C25E9A,162,rfam,2,162,47,2,162,162,47,0,1,1
URS0000C2C874,3317,ribovision,643,3315,773,850,3549,3551,1009,27,1,1
URS0000C2DCE4,3370,ribovision,637,1972,852,785,2132,3506,993,43,1,1
URS0000C2DF4C,3089,ribovision,11,3081,838,8,3043,3048,847,16,1,1
URS0000C318BE,120,crw,19,111,22,19,111,120,22,0,1,0
URS0000C322F8,1945,ribovision,1,1441,399,1614,3048,3551,1009,8,0,1
URS0000C34055,2921,ribovision,7,2912,889,3,2915,2922,891,12,1,1
URS0000C34C00,3092,ribovision,2,3088,895,2,3134,3137,912,19,1,1
URS0000C3D128,2922,ribovision,7,2905,809,3,2907,2922,891,12,1,1
URS0000C3D528,2943,ribovision,1688,2139,778,1753,2206,3048,847,16,1,0
URS0000C40C9C,46,rfam,5,42,13,5,42,46,14,0,1,1
URS0000C41875,2968,ribovision,718,2821,799,762,2872,3048,847,14,1,1
URS0000C44506,2925,ribovision,17,2919,882,13,2920,2922,891,12,1,1
URS0000C4482A,3127,ribovision,5,3121,887,2,3119,3120,899,13,1,1
URS0000C47032,2908,ribovision,2251,2775,753,2347,2872,3048,847,14,1,1
URS0000C4933A,1954,ribovision,6,1952,454,6,1930,2921,776,8,0,1
URS0000C49C84,2975,ribovision,1682,2860,730,1643,2816,2921,776,17,1,1
URS0000C4AC87,2910,ribovision,9,2903,802,4,2919,2922,891,12,1,1
URS0000C4BBC3,2911,ribovision,17,2800,796,15,2898,3048,847,12,1,1
URS0000C4D88F,117,crw,3,114,30,5,116,121,32,0,1,0
URS0000C4DE85,2919,ribovision,7,2913,805,3,2919,2922,891,12,1,1
URS0000C528A5,3079,ribovision,13,3072,836,12,3043,3048,847,14,1,1
URS0000C53A73,944,ribovision,5,793,218,2536,3286,3506,993,0,0,0
URS0000C55BE4,3116,ribovision,3,3104,843,3,3126,3137,912,13,1,1
URS0000C5644E,119,crw,1,117,32,1,117,120,35,0,1,0
URS0000C56C94,1461,ribovision,501,1358,351,1890,2759,2876,781,0,1,1
URS0000C570BE,51,rfam,12,42,13,9,40,46,14,0,1,1
URS0000C57904,2924,ribovision,7,2907,809,3,2907,2922,891,12,1,1
URS0000C5A92C,148,rfam,1,50,0,3,52,52,19,0,1,1
URS0000C5CC3C,3005,ribovision,2325,2801,788,2334,2810,3048,847,18,1,0
URS0000C5D926,1569,ribovision,5,1527,370,2,1524,3120,899,11,0,1
URS0000C601A3,1871,ribovision,8,1864,482,7,1873,3048,847,10,1,1
URS0000C62271,2913,ribovision,1665,2836,795,1671,2849,2922,891,14,1,1
URS0000C62C89,3110,ribovision,17,2976,827,16,2902,3048,847,16,1,1
URS0000C64F2C,326,ribovision,2,183,54,1778,1939,2911,868,0,0,0
URS0000C66E33,2967,ribovision,1,1890,805,1,1854,2904,860,7,1,1
URS0000C6AC89,1021,ribovision,247,809,210,4309,4872,5227,1553,4,0,0
URS0000C6D694,2907,ribovision,1661,2783,789,1671,2801,2922,891,13,1,1
URS0000C6E670,120,crw,21,111,22,21,111,120,22,0,1,0
URS0000C6E959,119,crw,3,116,35,3,116,120,35,0,1,0
URS0000C721C7,291,rfam,1,290,56,1,296,297,68,1,1,1
URS0000C73ACF,3057,ribovision,4,2859,839,2,2882,3048,847,14,1,1
URS0000C74CF1,120,ribovision,1,114,13,1,114,4123,1087,0,0,0
URS0000C74DAB,3059,ribovision,1581,2937,834,1642,3002,3120,899,13,1,1
URS0000C76178,3117,ribovision,3,3117,845,3,3137,3137,912,20,1,1
URS0000C77123,2899,ribovision,6,2891,754,5,2915,2921,776,6,1,1
URS0000C788BA,114,rfam,4,107,21,4,107,116,30,0,1,0
URS0000C78DFF,2929,ribovision,13,1802,732,10,1717,2921,776,8,1,1
URS0000C791ED,78,rfam,19,75,4,19,73,76,4,0,1,1
URS0000C799FE,119,crw,9,115,32,8,118,121,35,0,1,0
URS0000C7A3EF,1981,ribovision,3,1808,534,1480,3300,3554,1065,15,1,1
URS0000C7ADA8,1543,ribovision,16,1509,377,13,1536,3120,899,11,1,1
URS0000C7C664,2924,ribovision,13,2908,879,9,2911,2922,891,14,1,1
URS0000C7C80B,3923,ribovision,3036,3596,801,4312,4869,5227,1553,25,1,0
URS0000C8474F,2887,ribovision,172,2881,801,175,2898,2904,860,7,1,1
URS0000C85AF7,2463,ribovision,5,2462,691,2,2507,3120,899,11,1,1
URS0000C860B3,119,crw,3,117,35,3,117,120,35,0,1,0
URS0000C8622B,3383,ribovision,2,3383,889,163,3551,3551,1009,22,1,1
URS0000C89287,2821,ribovision,1570,2723,691,1641,2814,2921,776,12,1,1
URS0000C8A186,3122,ribovision,3,3120,844,3,3136,3137,912,20,1,1
URS0000C8FE08,2762,ribovision,924,2761,818,1035,2881,2922,891,12,1,1
URS0000C90153,727,ribovision,2,433,153,236,683,5227,1553,2,0,0
URS0000C912DA,734,ribovision,2,439,170,236,686,5227,1553,2,0,0
URS0000C91409,2895,ribovision,1,2894,878,5,2905,2922,891,12,1,1
URS0000C93413,3154,ribovision,27,3150,893,2,3119,3120,899,13,1,1
URS0000C99948,111,ribovision,1,109,16,2809,2917,3048,847,2,0,0
URS0000C9A1CA,1458,ribovision,1,1458,358,1128,2592,2925,772,0,1,1
URS0000C9AA04,3109,ribovision,6,3104,889,2,3119,3120,899,13,1,1
URS0000C9ACAF,85,ribovision,2,71,11,2854,2923,2925,772,0,0,0
URS0000C9BD74,2969,ribovision,9,2967,742,25,2911,2925,772,5,1,1
URS0000CA5DFE,132,ribovision,4,109,22,2815,2924,2925,772,0,0,0
URS0000CA7401,527,ribovision,1,258,96,495,773,4123,1087,10,0,0
URS0000CA7DD9,354,ribovision,6,90,30,72,157,3555,1065,0,0,0
URS0000CAA655,3102,ribovision,26,3090,875,2,3117,3120,899,11,1,1
URS0000CAA663,161,ribovision,2,152,34,8,158,3555,1065,0,0,0
URS0000CAC2A1,3989,ribovision,2,2165,571,1388,3551,3551,1009,9,1,1
URS0000CADCB7,299,ribovision,2,203,57,2190,2392,2904,860,0,0,0
URS0000CAEEA0,353,ribovision,150,351,33,3,213,2925,772,0,0,0
URS0000CAF5E6,2921,ribovision,12,2913,755,10,2916,2921,776,12,1,1
URS0000CAFB48,2803,ribovision,2,2753,743,49,2895,3048,847,16,1,1
URS0000CB0726,2888,ribovision,8,2872,750,7,2915,2925,772,4,1,1
URS0000CB08CC,2916,ribovision,9,2897,856,2,2902,2904,860,5,1,1
URS0000CB19A4,164,ribovision,3,163,21,1,160,3551,1009,0,0,0
URS0000CB4058,3114,ribovision,10,3110,881,6,3133,3137,912,14,1,1
URS0000CB5480,3124,ribovision,7,3117,887,2,3117,3120,899,13,1,1
URS0000CB7417,161,ribovision,4,160,21,2,157,3551,1009,0,0,0
URS0000CB7CBC,578,ribovision,1,578,165,397,973,1542,507,0,0,0
URS0000CB9BB1,3178,ribovision,28,3172,898,3,3119,3120,899,19,1,1
URS0000CBA210,2819,ribovision,8,2768,723,7,2795,2925,772,5,1,1
URS0000CBCDBF,3178,ribovision,28,3172,899,3,3119,3120,899,19,1,1
URS0000CBD9BD,3109,ribovision,7,3101,890,2,3117,3120,899,11,1,1
URS0000CBED16,3111,ribovision,2,3107,897,4,3134,3137,912,19,1,1
URS0000CBFC57,2918,ribovision,2,2913,768,1,2924,2925,772,3,1,1
URS0000CBFDDC,109,ribovision,2,84,16,2841,2923,2925,772,0,0,0
URS0000CC414D,301,rfam,6,295,114,8,294,301,120,6,1,1
URS0000CC47DA,219,rfam,2,217,63,2,217,218,63,0,1,1
URS0000CC7AB2,124,crw,2,89,14,2,89,120,35,0,1,0
URS0000CC961C,1741,rfam,1533,1628,23,4,94,95,34,0,0,0
URS0000CCDB12,341,rfam,1,259,79,1,270,330,87,3,1,1
URS0000CD12E1,714,ribovision,1,714,136,211,937,4123,1087,13,0,0
URS0000CD1C08,2682,ribovision,1,2681,722,212,3031,3551,1009,18,1,1
URS0000CD3F4F,162,ribovision,4,152,30,6,156,3506,993,0,0,0
URS0000CD52E6,789,ribovision,62,788,177,1105,1804,5227,1553,12,0,0
URS0000CD7D91,275,ribovision,1,264,58,341,626,1542,507,0,0,0
URS0000CD85B7,213,ribovision,2,213,45,1622,1833,3137,912,0,1,0
URS0000CD9E29,1462,ribovision,3,1461,378,1464,2922,2925,772,0,1,1
URS0000CDE27D,723,ribovision,335,488,35,3,155,5227,1553,0,0,0
URS0000CE0006,4882,ribovision,213,3602,941,157,3550,3551,1009,24,1,1
URS0000CE26EE,2447,ribovision,1,2436,718,444,2902,2904,860,2,1,1
URS0000CE39CD,175,ribovision,3,159,32,5,161,5227,1553,0,0,0
URS0000CE55C5,1237,ribovision,227,1135,220,642,1451,4123,1087,19,0,0
URS0000CE6DBB,171,ribovision,1,141,31,14,154,5227,1553,0,0,0
URS0000CE989E,2046,ribovision,1943,2046,7,1,104,1808,459,0,0,0
URS0000CEE993,2916,ribovision,9,2897,854,2,2902,2904,860,5,1,1
URS0000CF1DF4,177,ribovision,3,160,35,5,161,5227,1553,0,0,0
URS0000CF2DA6,538,ribovision,398,528,19,4,134,3137,912,1,0,0
URS0000CF7A66,6041,rfam,3334,3438,3,2,106,107,8,0,0,0
URS0000CF8DC3,349,ribovision,3,349,92,20,347,1542,507,0,0,0
URS0000D0106B,2683,ribovision,1,2682,723,212,3031,3551,1009,18,1,1
URS0000D04D6C,688,ribovision,9,153,68,1015,1155,2925,772,4,0,0
URS0000D07300,2899,ribovision,4,2849,772,22,2896,3048,847,14,1,1
URS0000D09B8F,6861,rfam,1712,1492,1,1,221,221,18,0,0,0
URS0000D0C3FC,352,rfam,349,49,11,2,304,305,123,2,0,0
URS0000D0CEB3,568,ribovision,6,555,115,888,1440,1559,373,1,0,0
URS0000D0D733,2785,ribovision,6,2780,719,137,2924,2925,772,3,1,1
URS0000D0DBCA,176,ribovision,3,155,33,5,156,5227,1553,0,0,0
URS0000D13A3B,1461,ribovision,10,1437,343,13,1445,2925,772,3,1,1
URS0000D155FF,555,ribovision,43,538,118,100,600,3555,1065,15,0,0
URS0000D18832,2903,ribovision,2,2903,857,4,2904,2904,860,1,1,1
URS0000D1A39A,769,ribovision,113,768,211,1154,1804,5227,1553,4,0,0
URS0000D1BF53,164,ribovision,3,162,21,1,159,3551,1009,0,0,0
URS0000D1C08B,112,crw,4,111,24,6,117,118,26,0,1,0
URS0000D1EB3A,3149,ribovision,5,3139,894,2,3119,3120,899,13,1,1
URS0000D26A77,677,ribovision,111,676,107,1288,1766,5227,1553,6,0,0
URS0000D276D5,2855,ribovision,2,2854,856,19,2884,2922,891,12,1,1
URS0000D2838D,3207,ribovision,2,3192,920,162,3311,3554,1065,23,1,1
URS0000D2D785,89,ribovision,2,76,17,2828,2902,2904,860,0,0,0
URS0000D3259C,2924,ribovision,1,2904,860,1,2904,2904,860,3,1,1
URS0000D36AC7,126,ribovision,8,106,26,2806,2904,2904,860,0,0,0
URS0000D3B395,3396,ribovision,2,3395,974,162,3536,3554,1065,31,1,1
URS0000D3FC39,7157,rfam,5057,5272,1,9,221,221,18,0,0,0
URS0000D410D6,573,ribovision,22,572,116,863,1421,1559,373,1,0,0
URS0000D44784,576,ribovision,193,354,44,2,162,3551,1009,1,0,0
URS0000D48FF3,7283,rfam,6343,6552,1,2,220,221,18,0,0,0
URS0000D4A7A9,149,ribovision,26,149,18,2,125,3120,899,1,0,0
URS0000D4B455,2882,ribovision,1,2880,854,1,2902,2904,860,3,1,1
URS0000D4C24A,2785,ribovision,6,2780,719,137,2924,2925,772,3,1,1
URS0000D4DD0F,2770,ribovision,3,1916,829,17,1936,2922,891,18,1,1
URS0000D4ECF7,554,ribovision,416,544,26,3,131,3120,899,0,0,0
URS0000D67EB2,47,rfam,3,46,12,3,47,48,12,0,1,1
URS0000D68B31,44,rfam,2,44,9,2,51,51,11,0,1,1
URS0000D6CEB6,65,rfam,2,62,17,2,67,70,17,0,1,1
URS0000D70352,106,rfam,10,106,5,7,104,104,5,0,1,0
URS0000D75193,155,ribovision,1,155,21,4,158,3551,1009,0,0,0
URS0000D756F0,1491,ribovision,2,1072,334,1649,2746,2904,860,5,1,0
URS0000D7791D,2875,ribovision,1,2875,810,5,2885,2911,868,4,1,1
URS0000D779CB,149,ribovision,2,147,20,5,156,3551,1009,0,0,0
URS0000D77A0F,154,ribovision,1,154,21,4,158,3551,1009,0,0,0
URS0000D77F4F,3042,ribovision,2,3041,844,5,2886,2911,868,8,1,1
URS0000D78355,1461,ribovision,2,1460,358,2,1460,2925,772,3,1,1
URS0000D7A321,2408,ribovision,1,2406,624,162,2585,3551,1009,17,1,1
URS0000D7A789,2920,ribovision,7,2902,812,3,2906,2922,891,12,1,1
URS0000D7B0A8,2878,ribovision,1,2876,855,1,2889,2911,868,4,1,1
URS0000D7B4E4,1060,ribovision,765,1048,117,2614,2916,2925,772,2,0,0
URS0000D7CD5A,119,crw,2,117,32,2,117,120,32,0,1,0
URS0000D7D0C4,3102,ribovision,2,3098,895,2,3134,3137,912,19,1,1
URS0000D7E337,91,rfam,2,90,3,2,90,91,3,0,1,0
URS0000D7EEFD,3108,ribovision,2,3104,900,2,3134,3137,912,19,1,1
URS0000D7EF00,3388,ribovision,1,3388,905,162,3551,3551,1009,24,1,1
URS0000D7F459,85,rfam,1,85,14,15,102,167,42,2,0,0
URS0000D7FAC1,2888,ribovision,1,2886,854,1,2902,2904,860,3,1,1
URS0000D7FD93,3366,ribovision,1,3366,892,162,3551,3551,1009,25,1,1
URS0000D81EA8,3390,ribovision,1,3390,907,162,3551,3551,1009,24,1,1
URS0000D82E2E,155,ribovision,4,154,21,7,157,3551,1009,0,0,0
URS0000D88327,2871,ribovision,11,2865,749,10,2917,2921,776,12,1,1
URS0000D8A761,2926,ribovision,7,2914,879,3,2912,2922,891,12,1,1
URS0000D8AF5F,3404,ribovision,9,3400,900,164,3502,3506,993,32,1,1
URS0000D8BD77,3393,ribovision,2,3393,951,163,3551,3551,1009,24,1,1
URS0000D8CCC6,2915,ribovision,1,2912,734,1,2925,2925,772,3,1,1
URS0000D8D25A,3120,ribovision,5,3113,887,2,3117,3120,899,11,1,1
URS0000D8E6C5,2885,ribovision,1,2883,800,1,2902,2904,860,9,1,1
URS0000D8F0F9,3195,ribovision,1,1934,790,162,2097,3551,1009,22,1,1
URS0000D8F361,2917,ribovision,7,2911,811,3,2919,2922,891,13,1,1
URS0000D8F6C8,3015,ribovision,25,2887,811,25,2897,3048,847,14,1,1
URS0000D90863,2880,ribovision,11,2874,750,10,2917,2921,776,4,1,1
URS0000D92C8C,3100,ribovision,3,3096,895,3,3134,3137,912,19,1,1
URS0000D936A2,2821,ribovision,1,2818,728,102,2920,2921,776,4,1,1
URS0000D94B46,2918,ribovision,2,2914,761,2,2924,2925,772,5,1,1
URS0000D9572E,3388,ribovision,1,3388,907,162,3551,3551,1009,25,1,1
URS0000D962D2,3051,ribovision,25,2999,817,24,2997,3048,847,26,1,1
URS0000D97F8E,2728,ribovision,1,2728,737,810,3551,3551,1009,12,1,1
URS0000D9810E,966,ribovision,636,956,110,2620,2913,2921,776,3,0,0
URS0000D98E91,3228,ribovision,3047,3129,809,1726,1808,3551,1009,17,0,0
URS0000D9D4CC,2222,ribovision,90,1971,503,1596,3551,3551,1009,8,1,1
URS0000D9E6DC,47,rfam,1,38,13,1,38,46,13,0,1,1
URS0000D9F9E5,2877,ribovision,1,2875,854,1,2889,2911,868,4,1,1
URS0000DA00F7,234,ribovision,3,197,53,1782,1960,2911,868,0,0,0
URS0000DA0327,2906,ribovision,186,1523,794,766,2112,3554,1065,26,1,1
URS0000DA037F,2395,ribovision,4,2231,644,165,2430,3555,1065,19,0,1
URS0000DA09E9,1770,ribovision,1,1770,470,500,2246,3551,1009,10,0,1
URS0000DA0D07,3109,ribovision,5,3067,831,2,3082,3120,899,13,1,1
URS0000DA0F92,147,ribovision,2,124,19,2,124,4123,1087,0,0,0
URS0000DA1052,2924,ribovision,1,2921,775,1,2920,2921,776,4,1,1
URS0000DA35F6,2732,ribovision,2,2126,623,305,2429,3551,1009,10,0,1
URS0000DA3AF2,1914,ribovision,4,1454,393,1643,3092,3551,1009,3,1,1
URS0000DA3E3A,3387,ribovision,1,3387,898,162,3551,3551,1009,24,1,1
URS0000DA4C4D,2856,ribovision,21,2817,757,20,2884,3048,847,19,1,1
URS0000DA4FE7,2877,ribovision,1,2875,854,1,2889,2911,868,4,1,1
URS0000DA5FDE,3087,ribovision,3,3087,838,3,3137,3137,912,13,1,1
URS0000DA7CE7,3028,ribovision,433,2876,810,434,2872,3048,847,16,1,1
URS0000DA930D,2865,ribovision,806,2836,739,1058,3077,5227,1553,15,1,1
URS0000DA9353,1040,ribovision,17,679,170,2264,2923,3551,1009,1,0,0
URS0000DAA82B,89,rfam,1,88,23,1,88,89,24,0,1,0
URS0000DAAB0A,3396,ribovision,1,3396,902,162,3551,3551,1009,24,1,1
URS0000DAC990,3129,ribovision,5,3124,889,2,3119,3120,899,13,1,1
URS0000DAD337,220,rfam,33,207,43,30,178,190,43,2,1,1
URS0000DADC20,3048,ribovision,11,3038,836,8,3040,3048,847,16,1,1
URS0000DAFC58,3030,ribovision,3,3022,842,2,3042,3048,847,14,1,1
URS0000DB009B,2874,ribovision,1619,2776,716,1640,2816,2925,772,3,1,1
URS0000DB02AE,364,ribovision,199,362,32,1035,1194,3506,993,0,0,0
URS0000DB0355,3105,ribovision,1639,2994,825,1658,3025,3137,912,14,1,1
URS0000DB2528,320,rfam,2,249,69,2,248,330,87,2,1,1
URS0000DB2624,2929,ribovision,1,2924,731,1,2923,2925,772,3,1,1
URS0000DB285B,3087,ribovision,3,3087,838,3,3137,3137,912,13,1,1
URS0000DB2EEC,3029,ribovision,9,3021,842,8,3042,3048,847,14,1,1
URS0000DB3EF6,683,ribovision,497,680,70,2684,2878,4123,1087,1,0,0
URS0000DB649D,3122,ribovision,2,3109,861,163,3312,3551,1009,19,1,1
URS0000DB75F4,217,rfam,2,215,62,2,217,218,63,0,1,1
URS0000DB850D,96,crw,2,96,26,15,109,120,35,0,1,0
URS0000DB955B,119,crw,1,119,35,1,119,120,35,0,1,0
URS0000DBA0F9,161,ribovision,1,85,5,2,87,5227,1553,0,0,0
URS0000DBAA0F,149,ribovision,2,137,20,3,137,5227,1553,0,0,0
URS0000DBB025,216,rfam,2,214,63,2,217,218,63,0,1,1
URS0000DBB3EE,107,crw,2,95,21,2,94,120,35,0,0,0
URS0000DBC2BB,2879,ribovision,3,2877,845,5,2902,2904,860,2,1,1
URS0000DBD3DE,1997,ribovision,4,1991,531,21,2121,3048,847,10,1,1
URS0000DBD910,1558,ribovision,2,1551,365,2,1534,1559,373,4,1,1
URS0000DBD98E,1706,ribovision,67,1700,350,43,1554,1559,373,4,1,1
URS0000DBEB34,784,ribovision,2,753,199,199,989,5227,1553,6,0,0
URS0000DBFCFD,4970,ribovision,2150,4969,1425,2396,5226,5227,1553,27,1,1
URS0000DC05CD,2921,ribovision,2,2918,776,4,2920,2921,776,4,1,1
URS0000DC1BE1,163,ribovision,85,163,4,1,79,3551,1009,0,0,0
URS0000DC1FE4,2920,ribovision,2,2917,776,4,2920,2921,776,4,1,1
URS0000DC2F41,1560,ribovision,1,1560,373,1,1559,1559,373,4,1,1
URS0000DC3CF5,173,ribovision,2,155,31,3,155,5227,1553,0,0,0
URS0000DC3FE4,2896,ribovision,2,2892,763,4,2924,2925,772,3,1,1
URS0000DC46BA,2889,ribovision,1,2887,858,1,2895,2911,868,4,1,1
URS0000DC4AE0,2872,ribovision,2,2871,691,19,2866,2922,891,27,1,1
URS0000DC4B90,2904,ribovision,2,2904,857,4,2904,2904,860,1,1,1
URS0000DC5587,2920,ribovision,2,2917,776,4,2920,2921,776,4,1,1
URS0000DC684A,2895,ribovision,6,2836,787,14,2897,3048,847,14,1,1
URS0000DC7A17,2931,ribovision,13,2931,800,7,2843,3120,899,19,1,1
URS0000DC815D,1460,ribovision,1,1456,373,1459,2924,2925,772,0,1,1
URS0000DC820A,2910,ribovision,2,2901,883,9,2916,2922,891,12,1,1
URS0000DCAC90,3113,ribovision,2,3109,899,4,3134,3137,912,21,1,1
URS0000DCAEED,2870,ribovision,1,2869,859,5,2881,2922,891,10,1,1
URS0000DCAFE6,3110,ribovision,6,3103,882,4,3132,3137,912,14,1,1
URS0000DCC388,241,ribovision,109,177,7,2,76,3555,1065,0,0,0
URS0000DCCE15,1637,ribovision,1,1632,476,1505,3136,3137,912,0,1,1
URS0000DCD314,3022,ribovision,6,3015,820,13,3027,3048,847,14,1,1
URS0000DCDB29,2574,ribovision,3,2570,647,350,2924,2925,772,1,1,1
URS0000DCE78C,3142,ribovision,8,3128,888,3,3118,3120,899,13,1,1
URS0000DCEAED,3103,ribovision,3,3098,889,5,3134,3137,912,12,1,1
URS0000DCF5F1,3081,ribovision,16,3074,888,12,3117,3120,899,13,1,1
URS0000DCF60A,2959,ribovision,1,2959,815,13,2991,3048,847,14,1,1
URS0000DCFA74,2887,ribovision,2,2883,758,2,2924,2925,772,4,1,1
URS0000DD0033,2591,ribovision,1,2579,738,329,2904,2904,860,1,1,1
URS0000DD03FF,2757,ribovision,1,2752,785,385,3136,3137,912,10,1,1
URS0000DD118A,1360,ribovision,631,1163,317,2079,2622,2925,772,0,1,1
URS0000DD16B7,2906,ribovision,4,2896,795,21,2903,3048,847,13,1,1
URS0000DD1E97,3062,ribovision,2,3062,880,2,3062,3137,912,22,1,1
URS0000DD21A2,2931,ribovision,8,2914,758,8,2913,2925,772,3,1,1
URS0000DD2CE1,165,ribovision,2,145,31,23,165,3551,1009,0,0,0
URS0000DD312E,2895,ribovision,2,2892,762,6,2923,2925,772,3,1,1
URS0000DD3A35,4986,ribovision,2153,4985,1423,2397,5226,5227,1553,27,1,1
URS0000DD3DCD,765,ribovision,323,765,171,1327,1786,5227,1553,8,0,0
URS0000DD5F2F,1597,ribovision,7,1597,444,551,2136,2904,860,4,1,1
URS0000DD636C,178,ribovision,1,154,32,2749,2902,2904,860,0,0,0
URS0000DD67C9,2650,ribovision,2,2646,767,146,2792,2904,860,1,1,1
URS0000DD70AA,2904,ribovision,2,2904,857,4,2904,2904,860,1,1,1
URS0000DD7A31,4785,ribovision,1,4784,1376,158,5226,5227,1553,21,1,1
URS0000DD7D6E,1198,ribovision,2,1197,239,234,1346,1559,373,2,0,1
URS0000DD82F1,2778,ribovision,1,2773,697,99,2916,2921,776,4,1,1
URS0000DD8504,3114,ribovision,2,3104,896,4,3134,3137,912,19,1,1
URS0000DDA1B4,1431,ribovision,5,1016,338,2,1050,3120,899,15,0,1
URS0000DDA29B,119,ribovision,1,117,21,40,157,3551,1009,0,0,0
URS0000DDB49D,4806,ribovision,1,2958,1356,158,3154,5227,1553,25,1,1
URS0000DDBBC8,2921,ribovision,2,2918,776,4,2920,2921,776,4,1,1
URS0000DDD1B9,3094,ribovision,81,3093,840,313,3253,3551,1009,20,1,1
URS0000DDEEB2,1558,ribovision,1,1558,373,1,1559,1559,373,4,1,1
URS0000DDFBE5,2919,ribovision,2,2916,775,4,2920,2921,776,4,1,1
URS0000DE04BB,571,ribovision,5,466,122,492,951,5227,1553,0,0,0
URS0000DE04E7,2931,ribovision,9,2926,762,11,2923,2925,772,5,1,1
URS0000DE07C2,2749,ribovision,1180,2745,797,1230,2793,2904,860,1,1,1
URS0000DE12B3,1558,ribovision,1,1558,373,1,1559,1559,373,4,1,1
URS0000DE1FF2,2784,ribovision,2,1520,731,1,1530,2921,776,4,1,1
URS0000DE4F88,3148,ribovision,26,3136,889,2,3117,3120,899,11,1,1
URS0000DE503C,2883,ribovision,2,2881,850,4,2889,2911,868,4,1,1
URS0000DE57E8,2906,ribovision,4,2902,784,21,2990,3048,847,16,1,1
URS0000DE626E,2904,ribovision,2,2904,856,4,2904,2904,860,1,1,1
URS0000DE67EC,3111,ribovision,1,3106,893,31,3136,3137,912,21,1,1
URS0000DE6A52,3106,ribovision,2,3105,894,2,3118,3120,899,13,1,1
URS0000DE6E98,1783,ribovision,1,1778,525,1359,3136,3137,912,0,1,1
URS0000DE7B8B,3110,ribovision,5,3099,885,3,3118,3120,899,13,1,1
URS0000DE8562,2904,ribovision,2,2904,858,4,2904,2904,860,1,1,1
URS0000DE8BB5,65,rfam,1,64,17,1,66,67,17,0,1,1
URS0000DE8EF5,3104,ribovision,6,3097,883,2,3117,3120,899,11,1,1
URS0000DE95E4,2880,ribovision,3,2878,845,5,2902,2904,860,2,1,1
URS0000DEAA00,3103,ribovision,2,3099,894,4,3134,3137,912,19,1,1
URS0000DEB775,1104,crw,1058,1103,7,5,50,120,30,0,0,0
URS0000DEC5C8,4987,ribovision,2153,4986,1430,2397,5226,5227,1553,25,1,1
URS0000DED9DB,1744,ribovision,2,1739,521,1399,3136,3137,912,0,1,1
URS0000DEDEFA,2901,ribovision,1,2897,887,5,2912,2922,891,12,1,1
URS0000DEEA70,2927,ribovision,2,2921,776,1,2920,2921,776,4,1,1
URS0000DEF436,2876,ribovision,7,2873,865,3,2884,2922,891,12,1,1
URS0000DEFB42,2858,ribovision,2,2855,862,16,2884,2922,891,12,1,1
URS0000DF031D,2901,ribovision,1,2898,856,1,2890,2911,868,6,1,1
URS0000DF0803,2910,ribovision,2,2901,883,9,2916,2922,891,12,1,1
URS0000DF0844,2914,ribovision,8,2883,766,6,2909,2921,776,6,1,1
URS0000DF0F49,2895,ribovision,2,2892,852,4,2901,2904,860,3,1,1
URS0000DF1524,3174,ribovision,5,1887,885,3,1899,3120,899,19,1,1
URS0000DF2EEA,1789,ribovision,1,1784,526,1353,3136,3137,912,0,1,1
URS0000DF3C54,2998,ribovision,9,2985,812,12,3001,3048,847,16,1,1
URS0000DF5537,2901,ribovision,2,2901,858,4,2904,2904,860,1,1,1
URS0000DF57D2,2898,ribovision,4,2898,797,21,2901,3048,847,12,1,1
URS0000DF5B50,1659,ribovision,1,1659,479,567,2297,3137,912,1,1,1
URS0000DF5DC2,103,rfam,7,101,5,7,102,104,5,0,1,0
URS0000DFCB59,156,rfam,2,73,24,2,74,139,28,0,0,0
URS0000E06B31,128,ribovision,1,128,26,31,158,3555,1065,0,0,0
URS0000E07B75,164,ribovision,15,163,21,2,149,3551,1009,0,0,0
URS0000E081FC,1723,ribovision,10,1722,483,1,1711,2904,860,0,1,1
URS0000E08356,2902,ribovision,1,2902,885,5,2918,2922,891,12,1,1
URS0000E08B72,1884,ribovision,5,1884,453,206,2027,3506,993,23,0,1
URS0000E08D5C,2881,ribovision,3,2878,854,1,2889,2911,868,4,1,1
URS0000E09472,2886,ribovision,4,2881,761,3,2923,2925,772,3,1,1
URS0000E096FC,2881,ribovision,3,2878,854,1,2889,2911,868,4,1,1
URS0000E09BFF,758,ribovision,110,758,183,1120,1782,5227,1553,16,0,0
URS0000E09F3F,2906,ribovision,2,2906,857,4,2904,2904,860,2,1,1
URS0000E0A0F3,1601,ribovision,1,1601,398,336,1848,2904,860,6,0,1
URS0000E0AB48,499,ribovision,2,497,94,874,1408,1559,373,1,0,0
URS0000E0B075,2738,ribovision,2,2703,738,24,2895,3048,847,4,1,1
URS0000E0C1C4,1566,ribovision,2,1564,369,2,1558,1559,373,4,1,1
URS0000E0DA91,2963,ribovision,2,2962,797,14,2902,3048,847,10,1,1
URS0000E0EA49,2881,ribovision,3,2878,855,1,2889,2911,868,4,1,1
URS0000E10199,440,ribovision,2,439,89,897,1390,1559,373,1,0,0
URS0000E10A83,2560,ribovision,1,2543,738,362,2904,2904,860,1,1,1
URS0000E10BC5,2882,ribovision,2,2881,857,4,2887,2911,868,4,1,1
URS0000E11665,1546,ribovision,1,1546,450,1233,2776,2904,860,1,1,1
URS0000E118F2,2880,ribovision,4,2869,762,6,2913,2921,776,4,1,1
URS0000E1200E,2684,ribovision,2,2680,685,79,2846,2921,776,4,1,1
URS0000E12494,2881,ribovision,3,2878,854,1,2889,2911,868,4,1,1
URS0000E129FD,758,ribovision,361,758,186,1359,1782,5227,1553,16,0,0
URS0000E14A7F,2881,ribovision,3,2878,854,1,2889,2911,868,4,1,1
URS0000E15E73,1692,ribovision,2,1685,448,1240,2924,2925,772,0,1,1
URS0000E17541,2920,ribovision,2,2917,776,4,2920,2921,776,4,1,1
URS0000E179B5,346,ribovision,166,345,68,1216,1394,1559,373,0,0,0
URS0000E17AB0,3135,ribovision,3,3130,888,2,3119,3120,899,13,1,1
URS0000E18128,3116,ribovision,2,3111,884,2,3117,3120,899,13,1,1
URS0000E182E5,2878,ribovision,6,2867,752,5,2911,2921,776,5,1,1
URS0000E18D70,2699,ribovision,2,2699,724,19,2691,3048,847,10,1,1
URS0000E1A098,2881,ribovision,3,2878,855,1,2889,2911,868,4,1,1
URS0000E1A946,670,ribovision,160,670,132,1266,1790,5227,1553,10,0,0
URS0000E1B2F9,2881,ribovision,3,2878,855,1,2889,2911,868,4,1,1
URS0000E1BB71,2881,ribovision,3,2878,854,1,2889,2911,868,4,1,1
URS0000E1C88D,1690,ribovision,49,1659,341,11,1531,1559,373,9,1,1
URS0000E1C923,3110,ribovision,8,3104,885,5,3132,3137,912,12,1,1
URS0000E1CEFC,2881,ribovision,3,2878,854,1,2889,2911,868,4,1,1
URS0000E1D280,1805,ribovision,2,1800,458,1122,2920,2921,776,0,1,1
URS0000E1DAAC,2888,ribovision,2,2886,851,4,2889,2911,868,4,1,1
URS0000E1DD3B,2956,ribovision,2,2926,728,100,2897,3048,847,26,1,1
URS0000E1F68D,2901,ribovision,1,2899,884,5,2915,2922,891,12,1,1
URS0000E1FC35,2884,ribovision,2,2882,850,4,2889,2911,868,4,1,1
URS0000E1FD04,2904,ribovision,2,2904,858,4,2903,2904,860,1,1,1
URS0000E1FD53,2859,ribovision,2,2858,849,4,2889,2911,868,4,1,1
URS0000E2206E,3103,ribovision,2,3099,894,4,3134,3137,912,19,1,1
URS0000E22C43,152,ribovision,6,151,21,6,152,4123,1087,0,0,0
URS0000E2323F,2886,ribovision,8,2878,752,4,2915,2921,776,4,1,1
URS0000E236F1,85,ribovision,2,72,17,2830,2900,2904,860,0,0,0
URS0000E23E0E,2858,ribovision,2,2855,862,16,2884,2922,891,12,1,1
URS0000E2433D,1461,ribovision,2,1460,357,1015,2485,2925,772,0,1,1
URS0000E26075,2881,ribovision,3,2878,855,1,2889,2911,868,4,1,1
URS0000E264C3,2881,ribovision,3,2878,855,1,2889,2911,868,4,1,1
URS0000E267A6,2881,ribovision,3,2878,854,1,2889,2911,868,4,1,1
URS0000E27653,372,ribovision,2,370,113,535,906,1542,507,0,0,0
URS0000E28742,309,ribovision,23,295,64,1798,2075,2925,772,0,0,0
URS0000E29DE2,3108,ribovision,9,3102,883,3,3118,3120,899,13,1,1
URS0000E29E7B,690,ribovision,75,689,139,1188,1821,5227,1553,8,0,0
URS0000E2B59D,2823,ribovision,2,2822,772,19,2990,3048,847,14,1,1
URS0000E2B669,88,ribovision,2,76,17,2830,2904,2904,860,0,0,0
URS0000E2BC82,2923,ribovision,2,2917,776,1,2920,2921,776,4,1,1
URS0000E2BE51,2858,ribovision,2,2857,849,4,2889,2911,868,4,1,1
URS0000E2BE68,2881,ribovision,3,2878,855,1,2889,2911,868,4,1,1
URS0000E2D77D,3119,ribovision,11,3114,882,5,3117,3120,899,9,1,1
URS0000E2DF76,2881,ribovision,3,2878,854,1,2889,2911,868,4,1,1
URS0000E31671,2914,ribovision,1,2914,887,5,2918,2922,891,12,1,1
URS0000E31BB2,3103,ribovision,2,3099,894,4,3134,3137,912,19,1,1
URS0000E31CA8,793,ribovision,2,172,32,2296,2463,2911,868,0,0,0
URS0000E32765,2895,ribovision,2,2894,855,4,2889,2911,868,6,1,1
URS0000E32BB5,180,ribovision,2,179,20,2,150,4123,1087,0,0,0
URS0000E32FD1,575,ribovision,45,574,123,887,1394,1559,373,1,0,0
URS0000E34065,762,ribovision,339,762,167,1336,1782,5227,1553,18,0,0
URS0000E343C6,733,ribovision,269,732,211,1335,1803,5227,1553,0,0,0
URS0000E34AF9,2714,ribovision,6,2711,729,23,2822,3048,847,14,1,1
URS0000E354FE,2916,ribovision,9,2897,855,2,2902,2904,860,5,1,1
URS0000E3717D,2716,ribovision,15,2712,696,191,2924,2925,772,4,1,1
URS0000E3794F,849,ribovision,1,768,163,2517,3216,3551,1009,6,0,0
URS0000E37B6E,2881,ribovision,3,2878,855,1,2889,2911,868,4,1,1
URS0000E37D3F,2878,ribovision,1,2875,855,1,2889,2911,868,4,1,1
URS0000E37F76,111,crw,2,110,29,6,114,120,33,0,1,0
URS0000E3889B,2881,ribovision,3,2878,854,1,2889,2911,868,4,1,1
URS0000E38A01,3069,ribovision,6,3061,881,9,3112,3120,899,11,1,1
URS0000E38BE9,761,ribovision,369,761,176,1365,1782,5227,1553,14,0,0
URS0000E38FE9,2881,ribovision,3,2878,854,1,2889,2911,868,4,1,1
URS0000E3A3AD,2899,ribovision,3,2894,757,2,2924,2925,772,4,1,1
URS0000E3AB03,2906,ribovision,5,2901,760,3,2924,2925,772,4,1,1
URS0000E3B622,2881,ribovision,3,2878,855,1,2889,2911,868,4,1,1
URS0000E3D9C4,346,ribovision,158,345,74,1206,1394,1559,373,0,0,0
URS0000E3EA36,1621,ribovision,1,1609,427,1311,2920,2921,776,0,1,1
URS0000E3F223,2881,ribovision,3,2878,854,1,2889,2911,868,4,1,1
URS0000E3F539,2886,ribovision,2,2886,873,19,2918,2922,891,12,1,1
URS0000E3FB41,2886,ribovision,15,2874,756,11,2911,2921,776,5,1,1
URS0000E406E6,2881,ribovision,3,2878,855,1,2889,2911,868,4,1,1
URS0000E418EF,762,ribovision,363,762,168,1358,1782,5227,1553,11,0,0
URS0000E41D5F,2846,ribovision,1,2840,732,80,2920,2921,776,4,1,1
URS0000E42020,2866,ribovision,2,2864,848,4,2889,2911,868,4,1,1
URS0000E43A56,1866,ribovision,2,1863,461,179,2038,3506,993,23,1,1
URS0000E44E12,1529,ribovision,2,1528,426,1392,2904,3048,847,1,1,1
URS0000E45527,2989,ribovision,2,2979,793,19,3000,3048,847,16,1,1
URS0000E4571D,3151,ribovision,26,3139,889,2,3117,3120,899,11,1,1
URS0000E459FB,1557,ribovision,1,1556,421,160,1713,2904,860,0,1,1
URS0000E45CDD,2847,ribovision,6,2797,775,23,2895,3048,847,12,1,1
URS0000E4A7EF,2908,ribovision,5,2905,852,2,2902,2904,860,3,1,1
URS0000E4B46D,2881,ribovision,3,2878,855,1,2889,2911,868,4,1,1
URS0000E4B57E,525,ribovision,33,524,120,872,1395,1559,373,1,0,0
URS0000E4BB22,2844,ribovision,6,2838,741,8,2917,2921,776,4,1,1
URS0000E4C760,761,ribovision,329,761,171,1327,1782,5227,1553,11,0,0
URS0000E4CDDD,412,ribovision,2,411,105,568,976,1800,560,0,0,0
URS0000E4E884,88,ribovision,2,87,8,2823,2908,3048,847,1,0,0
URS0000E4F630,2628,ribovision,1,2562,625,437,2918,2925,772,6,1,1
URS0000E4FA9A,758,ribovision,367,758,182,1365,1782,5227,1553,16,0,0
URS0000E50F0B,2973,ribovision,2,2972,808,20,2992,3048,847,16,1,1
URS0000E53988,2881,ribovision,3,2878,854,1,2889,2911,868,4,1,1
URS0000E55488,2923,ribovision,10,2911,860,1,2904,2904,860,2,1,1
URS0000E59271,3130,ribovision,6,3124,888,2,3118,3120,899,13,1,1
URS0000E5B241,2918,ribovision,2,2915,774,4,2920,2921,776,4,1,1
URS0000E5B6BE,2915,ribovision,3,2910,767,2,2924,2925,772,3,1,1
URS0000E5C0B8,3139,ribovision,9,3135,885,2,3119,3120,899,13,1,1
URS0000E5CA35,2878,ribovision,3,2876,855,1,2889,2911,868,4,1,1
URS0000E5D7E8,2828,ribovision,2,1740,735,1,1752,2925,772,4,1,1
URS0000E5E6BA,653,ribovision,286,557,116,792,1069,1559,373,5,0,0
URS0000E5F4E7,2883,ribovision,2,2882,858,4,2887,2911,868,4,1,1
URS0000E5F5B8,2881,ribovision,3,2878,854,1,2889,2911,868,4,1,1
URS0000E5FC5F,98,rfam,4,89,28,4,92,101,33,0,1,0
URS0000E60AF7,3373,rfam,768,694,1,15,90,301,120,1,0,0
URS0000E60B6D,2881,ribovision,2,2879,855,7,2884,2911,868,4,1,1
URS0000E62D5F,107,rfam,12,107,5,9,104,104,5,0,1,0
URS0000E6681F,114,crw,1,93,21,1,93,120,35,0,1,0
URS0000E690ED,139,rfam,2,138,40,2,139,140,41,0,1,1
URS0000E69FEF,78,rfam,1,78,15,1,78,78,15,0,1,0
URS0000E6F1D3,104,crw,5,85,15,10,90,120,35,0,0,0
URS0000E72C06,105,rfam,12,103,5,9,102,104,5,0,1,0
URS0000E79C78,286,rfam,3,244,68,3,256,330,87,2,1,1
URS0000E8B430,118,crw,7,106,33,7,107,120,35,0,1,0
URS0000E8F3F7,166,rfam,29,156,46,30,156,166,46,0,1,1
URS0000EC2BA0,3111,ribovision,5,3100,883,3,3118,3120,899,11,1,1
URS0000EC2D05,335,ribovision,217,334,20,8,126,3120,899,0,0,0
URS0000EC4018,338,ribovision,168,325,21,11,170,3137,912,0,0,0
URS0000EC4177,291,ribovision,189,289,6,8,108,3120,899,0,0,0
URS0000EC42C3,190,ribovision,56,189,33,139,273,3551,1009,1,0,0
URS0000EC4EF5,368,ribovision,199,332,22,9,143,3120,899,1,0,0
URS0000EC526E,341,ribovision,171,327,26,11,169,3137,912,0,0,0
URS0000EC71F2,2035,ribovision,2,2032,526,983,2895,3554,1065,11,1,1
URS0000EC8210,1246,ribovision,45,1246,328,488,1608,2904,860,4,0,1
URS0000EC8B71,3106,ribovision,5,3098,887,3,3118,3120,899,11,1,1
URS0000EC8C2E,3071,ribovision,8,3067,884,2,3119,3120,899,12,1,1
URS0000EC8E53,3141,ribovision,2,3136,912,2,3136,3137,912,21,1,1
URS0000ECB759,141,ribovision,1,120,36,2768,2887,2911,868,1,0,0
URS0000ECC08F,2925,ribovision,10,2913,859,1,2904,2904,860,2,1,1
URS0000ECCC13,368,ribovision,198,354,26,11,169,3137,912,0,0,0
URS0000ECD3A8,3141,ribovision,2,3136,912,2,3136,3137,912,21,1,1
URS0000ECE0DA,2902,ribovision,1,2901,883,5,2911,2922,891,12,1,1
URS0000ECE2C6,114,crw,5,109,30,8,112,120,33,0,1,0
URS0000ED06B1,3102,ribovision,10,3092,890,9,3118,3120,899,12,1,1
URS0000ED07D9,2549,ribovision,8,2543,647,394,2924,2925,772,0,1,1
URS0000ED0A6F,2728,ribovision,1,2710,779,196,2904,2904,860,3,1,1
URS0000ED0DD7,2716,ribovision,4,2711,698,210,2924,2925,772,3,1,1
URS0000ED14D4,2901,ribovision,1,2900,882,5,2914,2922,891,12,1,1
URS0000ED2952,1454,ribovision,2,1453,328,424,1953,2925,772,0,1,1
URS0000ED2D78,3118,ribovision,10,3113,886,4,3118,3120,899,13,1,1
URS0000ED2DEB,359,ribovision,189,342,26,11,165,3137,912,0,0,0
URS0000ED308C,2329,ribovision,1,2323,620,607,2924,2925,772,0,1,1
URS0000ED520F,3397,ribovision,3,3397,950,161,3551,3551,1009,24,1,1
URS0000ED6676,2786,ribovision,10,2786,812,1,2777,2904,860,1,1,1
URS0000ED6692,2902,ribovision,1,2900,855,1,2889,2911,868,8,1,1
URS0000ED6D19,359,ribovision,189,342,26,11,165,3137,912,0,0,0
URS0000ED85B5,2582,ribovision,2,1600,683,1,1607,2921,776,4,1,1
URS0000ED868D,498,ribovision,203,318,40,9,124,3120,899,4,0,0
URS0000ED89ED,2929,ribovision,4,2921,768,1,2924,2925,772,3,1,1
URS0000ED8D9E,2298,ribovision,1,2297,576,370,2676,2925,772,0,1,1
URS0000ED8EEE,2516,ribovision,6,2516,630,7,2553,2925,772,4,1,1
URS0000ED90F1,1601,ribovision,1,1601,398,336,1848,2904,860,6,0,1
URS0000ED990F,2899,ribovision,2,2895,857,4,2904,2904,860,1,1,1
URS0000EDA3C5,339,ribovision,169,325,26,11,169,3137,912,0,0,0
URS0000EDA75B,2300,ribovision,4,2294,609,639,2924,2925,772,0,1,1
URS0000EDA91D,359,ribovision,189,342,26,11,165,3137,912,0,0,0
URS0000EDB681,2575,ribovision,3,2574,668,288,2859,2921,776,0,1,1
URS0000EDDE9A,2919,ribovision,5,2879,820,1,2902,2904,860,6,1,1
URS0000EDE23D,2958,ribovision,6,2947,805,16,3039,3048,847,16,1,1
URS0000EDF0A7,1118,ribovision,436,136,15,787,1102,1559,373,0,0,0
URS0000EE0A22,134,ribovision,25,112,25,3029,3116,3120,899,0,0,0
URS0000EE0AFA,2921,ribovision,2,2918,775,1,2920,2921,776,4,1,1
URS0000EE13A7,3170,ribovision,8,3163,884,2,3119,3120,899,15,1,1
URS0000EE3533,1042,ribovision,3,1041,236,369,1397,1559,373,3,1,1
URS0000EE3DD7,2901,ribovision,1,2900,882,5,2914,2922,891,12,1,1
URS0000EE40A2,828,ribovision,21,828,191,630,1494,4123,1087,17,0,0
URS0000EE4EAB,142,ribovision,1,121,36,2768,2888,2911,868,1,0,0
URS0000EE5641,747,ribovision,84,606,158,2773,3294,3506,993,4,0,0
URS0000EE5C93,859,ribovision,60,856,232,1163,1974,5227,1553,0,0,0
URS0000EE609D,3115,ribovision,2,3105,900,2,3134,3137,912,19,1,1
URS0000EE6939,114,crw,3,112,27,7,116,120,31,0,1,0
URS0000EE6E7D,2938,ribovision,2,2933,760,4,2923,2925,772,11,1,1
URS0000EE7A40,337,ribovision,168,320,22,11,165,3137,912,0,0,0
URS0000EE841A,1455,ribovision,5,1401,366,1272,2663,2925,772,0,1,1
URS0000EE86C8,2900,ribovision,2,2895,766,4,2923,2925,772,3,1,1
URS0000EE89C4,3147,ribovision,10,3139,893,11,3132,3137,912,14,1,1
URS0000EE8AD0,3099,ribovision,29,3091,890,5,3118,3120,899,13,1,1
URS0000EEE0B1,168,rfam,67,167,23,31,133,134,28,0,1,0
URS0000EFAFBB,1845,ribovision,3,1464,418,2068,3545,3554,1065,10,1,1
URS0000EFBE3E,134,rfam,19,114,10,4,86,90,28,0,0,1
URS0000EFDF5F,140,rfam,22,119,28,1,98,98,31,0,1,1
URS0000EFF43C,129,rfam,33,97,1,6,72,74,21,0,0,0
URS0000F00CBA,117,crw,2,116,29,4,118,119,29,0,1,0
URS0000F345CD,406,ribovision,2,405,121,29,535,1542,507,1,1,0
URS0000F36B40,406,ribovision,2,404,121,29,534,1542,507,1,1,0
URS0000F4AF30,406,ribovision,2,404,121,29,534,1542,507,1,1,0
URS000104657B,395,ribovision,2,395,119,534,928,1542,507,0,1,0
URS000108D4FA,377,ribovision,2,376,99,591,966,1800,560,0,0,0
URS0001131E65,259,crw,3,257,51,530,778,1525,382,0,0,0
URS00011A3983,446,ribovision,1,446,122,341,805,1542,507,0,0,0
URS0001276CE2,460,ribovision,1,460,130,341,805,1542,507,0,0,0
URS00012D720F,253,ribovision,2,253,69,535,786,1542,507,0,1,0
URS00013019A7,253,ribovision,2,253,69,535,786,1542,507,0,1,0
URS000132F767,403,ribovision,4,401,119,31,534,1542,507,0,1,0
URS000141F096,403,ribovision,2,401,120,29,534,1542,507,1,1,0
URS000146DDE0,252,ribovision,4,252,69,537,786,1542,507,0,1,0
URS00014D0170,252,ribovision,2,252,68,535,786,1542,507,0,1,0
URS00014E189B,482,rfam,308,102,14,106,312,370,52,0,0,0
URS000155A841,1518,ribovision,1,1517,493,8,1509,1542,507,0,1,1
URS000156DE3F,253,ribovision,2,253,69,535,786,1542,507,0,1,0
URS0001614B9C,253,ribovision,2,253,69,535,786,1542,507,0,1,0
URS0001815E2B,254,ribovision,2,254,69,535,786,1542,507,0,1,0
URS000181E815,203,ribovision,2,203,43,535,732,1542,507,0,0,0
URS0001834FA2,393,ribovision,1,393,118,533,928,1542,507,0,1,0
URS000185ED7A,482,rfam,307,103,8,107,311,370,52,2,0,0
URS0001862079,253,ribovision,2,253,69,535,786,1542,507,0,1,0
URS000186A1E4,253,ribovision,2,253,69,535,786,1542,507,0,1,0
URS000187A9C3,406,ribovision,2,405,121,29,535,1542,507,1,1,0
URS00018AD561,253,ribovision,2,253,69,535,786,1542,507,0,1,0
URS00018DB7F6,460,ribovision,1,460,130,341,805,1542,507,0,1,0
URS00018F37D5,445,ribovision,2,445,129,358,806,1542,507,0,1,0
URS00018F7687,439,ribovision,3,438,78,592,965,1800,560,6,0,0
URS000190C83F,109,crw,2,109,24,12,119,121,32,0,1,0
URS000196BD19,433,rfam,249,339,6,10,87,91,30,0,0,0
URS000198433B,119,crw,1,118,33,1,118,120,33,0,1,0
URS0001989C42,117,rfam,4,103,29,4,105,116,30,0,1,0
URS000198C9DF,101,rfam,13,85,5,10,80,104,5,0,1,0
URS000199E7E5,119,crw,3,117,35,3,117,120,35,0,1,0
URS000199E9FE,119,crw,5,108,34,5,109,120,35,0,1,0
URS00019ABAEF,2933,ribovision,10,2915,860,1,2904,2904,860,3,1,1
URS00019C2DAC,6476,rfam,6281,6377,2,1,95,95,34,2,0,0
URS00019D3339,6197,rfam,5880,5780,7,3,95,95,34,0,0,0
URS00019D6642,228,rfam,2,227,74,40,254,255,98,0,1,1
URS00019DD712,167,rfam,164,129,30,6,41,77,32,0,0,1
URS00019DF517,127,rfam,13,127,22,13,130,130,24,0,1,0
URS00019EAF26,125,rfam,1,67,39,1,66,301,120,2,0,0
URS00019FCB11,134,rfam,2,134,39,2,134,134,39,0,1,1
URS0001A106D6,110,crw,28,94,21,39,105,119,30,0,1,0
URS0001A1CA3A,107,rfam,9,106,5,7,103,104,5,0,1,0
URS0001A1D23F,164,rfam,1,162,45,1,164,166,46,0,1,1
URS0001A200C3,117,crw,4,115,33,4,117,120,35,0,1,0
URS0001A225D4,119,crw,1,119,33,1,119,120,33,0,0,0
URS0001A3753F,2381,ribovision,2,658,167,1153,1807,1808,459,0,1,1
URS0001A60647,2044,crw,2,2043,374,40,1979,1990,378,11,0,1
URS0001A646D1,1479,ribovision,1,1478,481,8,1506,1542,507,0,1,1
URS0001A75632,1736,ribovision,2,1735,439,4,1777,1808,459,0,1,1
URS0001A7F6B1,2335,ribovision,1,647,185,1176,1800,1800,560,0,0,1
URS0001ADB194,1511,ribovision,1,1510,489,8,1506,1542,507,0,1,1
URS0001ADDE04,1512,ribovision,232,1142,228,319,1229,1869,470,0,1,1
URS0001AF1092,1325,ribovision,1,1324,423,8,1333,1542,507,0,1,1
URS0001B074CF,1473,ribovision,2,1473,484,13,1491,1542,507,0,1,1
URS0001B1F702,1521,ribovision,1,1520,495,8,1506,1542,507,0,1,1
URS0001B235D6,2098,crw,2,2097,336,4,1861,1870,357,10,1,1
URS0001B2CFB0,2225,ribovision,1,376,98,1429,1800,1800,560,0,0,0
URS0001B2E824,3069,ribovision,2,691,135,1234,1869,1869,470,0,0,0
URS0001B4652D,2199,ribovision,2,664,213,1150,1800,1800,560,0,1,1
URS0001B96D45,1481,ribovision,2,1480,471,49,1506,1542,507,0,1,1
URS0001BA78F4,2088,ribovision,2,1259,465,4,1204,1869,470,5,1,1
URS0001BBE517,1369,rfam,807,739,30,12,80,301,120,4,0,0
URS0001BC03EB,226,rfam,1,226,36,1,226,226,36,0,1,1
URS0001BC045E,60,rfam,6,58,9,6,63,65,10,0,1,1
URS0001BC0DEB,132,rfam,2,81,9,2,80,81,22,2,1,0
URS0001BC1F22,273,rfam,1,228,42,1,131,137,42,0,1,1
URS0001BC2C51,343,rfam,1,343,18,1,330,330,18,0,1,1
URS0001BC5918,71,rfam,8,60,21,7,59,70,21,0,1,1
URS0001BC8AC2,128,rfam,4,125,23,4,102,105,28,5,0,0
URS0001BC8B53,69,rfam,1,69,26,1,69,69,26,0,1,1
URS0001BC950A,288,rfam,1,286,70,1,275,277,70,0,1,1
URS0001BC95E9,53,rfam,1,48,14,1,52,56,16,0,1,1
URS0001BCE2A9,1487,rfam,3,75,10,7,78,301,120,1,0,0
URS0001BE3384,1486,crw,261,478,23,490,704,759,117,2,0,0
URS0001BE8CCD,1337,crw,372,487,3,632,752,1165,85,0,0,0
URS0001C21F8E,486,ribovision,3,485,148,30,499,1519,509,0,0,0
URS0001C3E4E0,507,ribovision,3,506,146,30,499,1519,509,0,1,0
URS0001C57EB8,496,ribovision,3,495,143,30,516,1542,507,0,0,0
URS0001C58B10,114,crw,2,114,28,6,118,118,30,0,1,0
URS0001C602C8,349,rfam,1,349,90,1,354,354,94,0,1,1
URS0001CF3969,437,ribovision,3,436,129,30,516,1542,507,0,1,0
URS0001CF4099,240,crw,1,46,3,1751,1796,1796,355,0,0,0
URS0001D11E17,465,ribovision,3,464,141,30,499,1519,509,0,1,0
URS0001D71155,468,ribovision,3,467,141,30,499,1519,509,0,1,0
URS0001DBA008,389,crw,2,385,65,467,849,956,179,0,1,1
URS0001E0865C,497,rfam,413,291,2,33,160,203,33,4,1,0
URS0001E3AD81,7608,rfam,3546,3616,5,2,91,93,19,3,0,0
URS0001E677B3,270,ribovision,1,270,68,1,272,1542,507,0,0,0
URS0001F34E69,118,crw,11,114,34,12,115,120,36,0,1,0
URS0001F9898D,468,ribovision,3,467,141,30,499,1519,509,0,0,0
URS0001FD0EA7,484,ribovision,2,483,145,29,516,1542,507,0,1,0
URS00020528C0,466,ribovision,3,465,142,30,499,1519,509,0,0,0
URS0002062259,481,ribovision,2,480,144,30,516,1542,507,0,1,0
URS000209A8A8,492,ribovision,3,491,148,30,516,1542,507,0,1,0
URS00020CA1BE,117,crw,2,116,34,4,118,120,36,0,1,0
URS00020CA431,100,crw,1,100,18,25,124,127,36,0,0,0
URS00020CA70A,99,crw,3,98,15,22,117,118,26,0,1,0
URS00020CAA3A,117,crw,2,116,32,4,118,121,33,0,1,0
URS00020CB164,107,crw,5,106,25,7,110,113,25,0,1,0
URS00020CB476,117,crw,2,116,31,4,118,119,31,0,1,0
URS00020CB5D5,118,crw,2,117,34,4,118,120,35,0,1,0
URS00020CBBCC,80,crw,1,79,12,40,118,121,33,0,0,0
URS00020CBE7C,182,crw,1,174,15,252,426,960,170,0,0,0
URS00020CBFBD,105,crw,4,98,25,15,111,120,35,0,1,0
URS00020D13FA,485,ribovision,3,484,124,30,515,1542,507,0,0,0
URS00021231BF,1341,rfam,1271,1340,6,2,79,132,34,0,0,0
URS000212320D,5792,ribovision,3357,5205,449,1,1869,1869,470,0,1,0
URS0002123219,1459,rfam,1389,1458,6,2,79,132,34,0,0,0
URS0002130200,3981,ribovision,133,3981,1031,152,4001,4123,1087,20,1,1
URS0002133A14,3729,ribovision,133,2859,750,152,2878,4123,1087,18,1,1
URS0002136A6D,1429,rfam,64,310,30,46,246,251,55,12,0,0
URS0002136F85,3252,ribovision,2309,3251,69,4055,5109,5227,1553,2,0,0
URS000213BF50,3952,rfam,3492,3723,22,1,211,212,41,4,0,0
URS000214A5C1,1997,ribovision,1052,1996,237,4053,5109,5227,1553,2,0,0
URS000215698E,3397,ribovision,1731,3396,537,1805,3470,3554,1065,10,0,1
URS00021682BF,3820,ribovision,112,3819,998,152,3860,4123,1087,18,1,1
URS000216ABBA,2161,ribovision,36,1572,554,1874,3499,5227,1553,4,1,0
URS000216F248,3397,ribovision,3,3397,951,162,3551,3551,1009,24,1,1
URS000217331E,3354,rfam,2195,2145,3,44,93,96,10,0,0,0
URS0002174A85,2403,ribovision,361,2003,377,156,1687,3555,1065,47,0,0
URS000217F5A2,119,crw,3,116,35,3,116,120,35,0,1,0
URS000218A9BC,1841,ribovision,1,1841,453,1,1808,1808,459,0,1,1
URS0002199E67,1837,ribovision,1524,1836,48,1,307,1808,459,0,0,0
URS00021A101E,77,crw,1,76,13,7,82,123,34,0,1,0
URS00021A3060,113,crw,2,112,29,5,116,120,32,0,1,0
URS00021AC621,1813,ribovision,1,1813,458,1,1808,1808,459,0,1,1
URS00021B3FBA,115,crw,2,114,30,4,117,120,32,0,1,0
URS00021C34B9,3451,ribovision,2,3450,932,165,3550,3551,1009,25,1,1
URS00021C8628,180,rfam,4,176,52,4,183,187,52,0,1,1
URS00021C8765,114,crw,2,113,33,4,116,120,35,0,1,0
URS00021D0738,98,crw,5,97,20,23,115,120,33,0,1,0
URS00021D2F1F,5388,rfam,3744,3815,2,1,91,93,19,0,0,0
URS00021DC6E5,88,crw,5,86,18,23,104,120,33,0,1,0
URS00021E16FE,102,crw,2,100,23,6,105,120,31,0,1,0
URS00021E41B8,3398,ribovision,5,3397,938,167,3550,3551,1009,29,1,1
URS00021E5BE5,1408,ribovision,1,1408,389,1,1410,2904,860,0,1,1
